address,name
0x52D000,GetSaveFileNameW
0x52D004,GetOpenFileNameW
0x52D008,dword_52D008
0x52D00C,DirectInput8Create
0x52D010,dword_52D010
0x52D014,GetStockObject
0x52D018,dword_52D018
0x52D01C,GetModuleFileNameA
0x52D020,Sleep
0x52D024,SetThreadExecutionState
0x52D028,OutputDebugStringA
0x52D02C,GetSystemTimeAsFileTime
0x52D030,GetCurrentProcessId
0x52D034,GetCurrentThreadId
0x52D038,GetTickCount
0x52D03C,CreateDirectoryW
0x52D040,IsDebuggerPresent
0x52D044,SetUnhandledExceptionFilter
0x52D048,UnhandledExceptionFilter
0x52D04C,GetCurrentProcess
0x52D050,TerminateProcess
0x52D054,GetStartupInfoW
0x52D058,HeapSetInformation
0x52D05C,InterlockedCompareExchange
0x52D060,InterlockedExchange
0x52D064,DecodePointer
0x52D068,EncodePointer
0x52D06C,OutputDebugStringW
0x52D070,GetSystemDefaultUILanguage
0x52D074,QueryPerformanceCounter
0x52D078,GetCommandLineW
0x52D07C,IsProcessorFeaturePresent
0x52D080,dword_52D080
0x52D084,?_Xout_of_range@std@@YAXPBD@Z
0x52D088,?_Xlength_error@std@@YAXPBD@Z
0x52D08C,dword_52D08C
0x52D090,__imp_?_type_info_dtor_internal_method@type_info@@QAEXXZ
0x52D094,__imp__crt_debugger_hook
0x52D098,__imp__controlfp_s
0x52D09C,_fmode
0x52D0A0,__imp__except_handler4_common
0x52D0A4,__imp__invoke_watson
0x52D0A8,__imp_memcpy
0x52D0AC,__imp_memset
0x52D0B0,__imp___CxxFrameHandler3
0x52D0B4,__imp__CIpow
0x52D0B8,__imp__CIatan
0x52D0BC,__imp__CIacos
0x52D0C0,_commode
0x52D0C4,__setusermatherr
0x52D0C8,_configthreadlocale
0x52D0CC,__imp__initterm_e
0x52D0D0,__imp__initterm
0x52D0D4,_acmdln
0x52D0D8,_ismbblead
0x52D0DC,__imp__XcptFilter
0x52D0E0,_exit
0x52D0E4,_cexit
0x52D0E8,__getmainargs
0x52D0EC,__imp__amsg_exit
0x52D0F0,_onexit
0x52D0F4,__imp__lock
0x52D0F8,__imp___dllonexit
0x52D0FC,__imp__unlock
0x52D100,__imp_?terminate@@YAXXZ
0x52D104,atof
0x52D108,isspace
0x52D10C,_stricmp
0x52D110,isalnum
0x52D114,sscanf_s
0x52D118,vsprintf_s
0x52D11C,vswprintf_s
0x52D120,__imp__CIsqrt
0x52D124,__imp__CIsin
0x52D128,__imp__CIcos
0x52D12C,__imp__CxxThrowException
0x52D130,__set_app_type
0x52D134,fclose
0x52D138,fseek
0x52D13C,ftell
0x52D140,fwrite
0x52D144,_snprintf
0x52D148,__imp__purecall
0x52D14C,__imp_??3@YAXPAX@Z
0x52D150,??2@YAPAXI@Z
0x52D154,realloc
0x52D158,printf
0x52D15C,__imp_?what@exception@std@@UBEPBDXZ
0x52D160,__imp_??1exception@std@@UAE@XZ
0x52D164,??0exception@std@@QAE@ABQBD@Z
0x52D168,__imp_??0exception@std@@QAE@ABV01@@Z
0x52D16C,??_U@YAPAXI@Z
0x52D170,_copysign
0x52D174,??_V@YAXPAX@Z
0x52D178,_ftime64
0x52D17C,strrchr
0x52D180,exit
0x52D184,sprintf
0x52D188,memmove
0x52D18C,_wassert
0x52D190,vsprintf
0x52D194,atoi
0x52D198,_time64
0x52D19C,_wfopen
0x52D1A0,fread
0x52D1A4,dword_52D1A4
0x52D1A8,CommandLineToArgvW
0x52D1AC,DragAcceptFiles
0x52D1B0,SHGetFolderPathW
0x52D1B4,dword_52D1B4
0x52D1B8,GetDC
0x52D1BC,MessageBoxA
0x52D1C0,PostQuitMessage
0x52D1C4,ChangeDisplaySettingsW
0x52D1C8,UnregisterClassW
0x52D1CC,GetFocus
0x52D1D0,LoadCursorW
0x52D1D4,TranslateMessage
0x52D1D8,RegisterClassExW
0x52D1DC,LoadIconW
0x52D1E0,InvalidateRect
0x52D1E4,PeekMessageW
0x52D1E8,SetWindowLongW
0x52D1EC,SetWindowPos
0x52D1F0,ShowWindow
0x52D1F4,CreateWindowExW
0x52D1F8,DefWindowProcW
0x52D1FC,mouse_event
0x52D200,EnumDisplaySettingsW
0x52D204,DispatchMessageW
0x52D208,ScreenToClient
0x52D20C,GetClientRect
0x52D210,ShowCursor
0x52D214,GetCursorPos
0x52D218,ClipCursor
0x52D21C,ClientToScreen
0x52D220,SetCursorPos
0x52D224,dword_52D224
0x52D228,Direct3DCreate9
0x52D22C,dword_52D22C
0x52D230,D3DXCreateEffectFromFileA
0x52D234,D3DXCreateTexture
0x52D238,D3DXCreateCubeTexture
0x52D23C,dword_52D23C
0x52D240,FMOD_EventSystem_Create
0x52D244,?getNumReverbPresets@EventSystem@FMOD@@QAG?AW4FMOD_RESULT@@PAH@Z
0x52D248,?setValue@EventParameter@FMOD@@QAG?AW4FMOD_RESULT@@M@Z
0x52D24C,?getReverbPresetByIndex@EventSystem@FMOD@@QAG?AW4FMOD_RESULT@@HPAUFMOD_REVERB_PROPERTIES@@PAPAD@Z
0x52D250,?load@EventSystem@FMOD@@QAG?AW4FMOD_RESULT@@PBDPAUFMOD_EVENT_LOADINFO@@PAPAVEventProject@2@@Z
0x52D254,?unload@EventSystem@FMOD@@QAG?AW4FMOD_RESULT@@XZ
0x52D258,?getProject@EventSystem@FMOD@@QAG?AW4FMOD_RESULT@@PBDPAPAVEventProject@2@@Z
0x52D25C,?getProjectByIndex@EventSystem@FMOD@@QAG?AW4FMOD_RESULT@@HPAPAVEventProject@2@@Z
0x52D260,?getCategory@EventSystem@FMOD@@QAG?AW4FMOD_RESULT@@PBDPAPAVEventCategory@2@@Z
0x52D264,?getEventBySystemID@EventSystem@FMOD@@QAG?AW4FMOD_RESULT@@IIPAPAVEvent@2@@Z
0x52D268,?set3DListenerAttributes@EventSystem@FMOD@@QAG?AW4FMOD_RESULT@@HPBUFMOD_VECTOR@@000@Z
0x52D26C,?setReverbProperties@EventSystem@FMOD@@QAG?AW4FMOD_RESULT@@PBUFMOD_REVERB_PROPERTIES@@@Z
0x52D270,?start@Event@FMOD@@QAG?AW4FMOD_RESULT@@XZ
0x52D274,?stop@Event@FMOD@@QAG?AW4FMOD_RESULT@@_N@Z
0x52D278,?getInfo@Event@FMOD@@QAG?AW4FMOD_RESULT@@PAHPAPADPAUFMOD_EVENT_INFO@@@Z
0x52D27C,?getState@Event@FMOD@@QAG?AW4FMOD_RESULT@@PAI@Z
0x52D280,?getParentGroup@Event@FMOD@@QAG?AW4FMOD_RESULT@@PAPAVEventGroup@2@@Z
0x52D284,?getParameterByIndex@Event@FMOD@@QAG?AW4FMOD_RESULT@@HPAPAVEventParameter@2@@Z
0x52D288,?getProperty@Event@FMOD@@QAG?AW4FMOD_RESULT@@PBDPAX_N@Z
0x52D28C,?getCategory@Event@FMOD@@QAG?AW4FMOD_RESULT@@PAPAVEventCategory@2@@Z
0x52D290,?setPitch@Event@FMOD@@QAG?AW4FMOD_RESULT@@MW4FMOD_EVENT_PITCHUNITS@@@Z
0x52D294,?setPaused@Event@FMOD@@QAG?AW4FMOD_RESULT@@_N@Z
0x52D298,?set3DAttributes@Event@FMOD@@QAG?AW4FMOD_RESULT@@PBUFMOD_VECTOR@@00@Z
0x52D29C,?init@EventSystem@FMOD@@QAG?AW4FMOD_RESULT@@HIPAXI@Z
0x52D2A0,?release@EventSystem@FMOD@@QAG?AW4FMOD_RESULT@@XZ
0x52D2A4,?update@EventSystem@FMOD@@QAG?AW4FMOD_RESULT@@XZ
0x52D2A8,?getVersion@EventSystem@FMOD@@QAG?AW4FMOD_RESULT@@PAI@Z
0x52D2AC,?setLanguage@EventSystem@FMOD@@QAG?AW4FMOD_RESULT@@PBD@Z
0x52D2B0,dword_52D2B0
0x52D2B4,SteamAPI_RegisterCallback
0x52D2B8,SteamUser
0x52D2BC,SteamAPI_UnregisterCallback
0x52D2C0,SteamUtils
0x52D2C4,SteamUserStats
0x52D2C8,SteamAPI_RestartAppIfNecessary
0x52D2CC,SteamAPI_RunCallbacks
0x52D2D0,SteamApps
0x52D2D4,SteamAPI_Init
0x52D2D8,SteamAPI_Shutdown
0x52D2DC,dword_52D2DC
0x52D2E0,dword_52D2E0
0x52D2E4,dword_52D2E4
0x52D2E8,dword_52D2E8
0x52D2EC,dword_52D2EC
0x52D2F0,dword_52D2F0
0x52D2F4,dword_52D2F4
0x52D2F8,dword_52D2F8
0x52D2FC,dword_52D2FC
0x52D300,dword_52D300
0x52D304,dword_52D304
0x52D308,dword_52D308
0x52D30C,dword_52D30C
0x52D310,dword_52D310
0x52D314,dword_52D314
0x52D318,dword_52D318
0x52D31C,dword_52D31C
0x52D320,dword_52D320
0x52D324,dword_52D324
0x52D328,dword_52D328
0x52D32C,dword_52D32C
0x52D330,dword_52D330
0x52D334,dword_52D334
0x52D338,First
0x52D33C,dword_52D33C
0x52D340,dword_52D340
0x52D344,dword_52D344
0x52D348,Last
0x52D34C,dword_52D34C
0x52D350,dword_52D350
0x52D354,dword_52D354
0x52D358,word_52D358
0x52D35A,word_52D35A
0x52D35C,dword_52D35C
0x52D360,dword_52D360
0x52D364,dword_52D364
0x52D368,dword_52D368
0x52D36C,dword_52D36C
0x52D370,off_52D370
0x52D374,ExceptionInfo
0x52D37C,dword_52D37C
0x52D580,dword_52D580
0x52D584,dword_52D584
0x52D788,dword_52D788
0x52D78C,dword_52D78C
0x52D990,dword_52D990
0x52D994,riidltf
0x52DA34,dword_52DA34
0x52DA38,dword_52DA38
0x52DA3C,dword_52DA3C
0x52DA40,dword_52DA40
0x52DA44,aDeutsch
0x52DA4C,aEnglish
0x52DA54,dword_52DA54
0x52DA58,dword_52DA58
0x52DA6C,word_52DA6C
0x52DA6E,word_52DA6E
0x52DAA8,dword_52DAA8
0x52DEA8,dword_52DEA8
0x52DF30,dword_52DF30
0x52DF84,dword_52DF84
0x52DF94,word_52DF94
0x52DF96,word_52DF96
0x52DFD0,flt_52DFD0
0x52DFD4,flt_52DFD4
0x52DFD8,flt_52DFD8
0x52E084,flt_52E084
0x52E088,flt_52E088
0x52E08C,flt_52E08C
0x52E090,flt_52E090
0x52E140,flt_52E140
0x52E144,flt_52E144
0x52E148,flt_52E148
0x52E260,word_52E260
0x52E262,word_52E262
0x52E2C0,word_52E2C0
0x52E2C2,word_52E2C2
0x52E320,dword_52E320
0x52E38C,flt_52E38C
0x52E390,dword_52E390
0x52E3EC,byte_52E3EC
0x52E3ED,unk_52E3ED
0x52E3F0,byte_52E3F0
0x52E3F1,unk_52E3F1
0x52E3F4,byte_52E3F4
0x52E3F5,unk_52E3F5
0x52E444,word_52E444
0x52E446,word_52E446
0x52E46C,dword_52E46C
0x52E470,dword_52E470
0x52E474,dword_52E474
0x52E49C,dword_52E49C
0x52E4A0,dword_52E4A0
0x52E4A4,dword_52E4A4
0x52E4CC,flt_52E4CC
0x52E4DC,flt_52E4DC
0x52E4EC,dword_52E4EC
0x52E528,dword_52E528
0x52E52C,dword_52E52C
0x52E600,dword_52E600
0x52E640,dword_52E640
0x52E948,dword_52E948
0x52EC90,dword_52EC90
0x52ECA0,word_52ECA0
0x52ECA2,word_52ECA2
0x52ECC8,dword_52ECC8
0x52ECCC,dword_52ECCC
0x52ECD0,dword_52ECD0
0x52ED40,dword_52ED40
0x52ED44,dword_52ED44
0x52ED48,dword_52ED48
0x52EDB8,dword_52EDB8
0x52EDBC,dword_52EDBC
0x52EDC0,dword_52EDC0
0x52EE30,dword_52EE30
0x52EE34,dword_52EE34
0x52EE38,dword_52EE38
0x52EEA8,flt_52EEA8
0x52EED0,flt_52EED0
0x52EEF8,flt_52EEF8
0x52EF20,flt_52EF20
0x52EF48,flt_52EF48
0x52EF70,flt_52EF70
0x52EF98,dword_52EF98
0x52F0EC,dword_52F0EC
0x52F27C,dword_52F27C
0x52F288,word_52F288
0x52F2E0,word_52F2E0
0x52F338,dword_52F338
0x52F3F0,dword_52F3F0
0x52F3F4,dword_52F3F4
0x52F400,word_52F400
0x52F402,word_52F402
0x52F410,word_52F410
0x52F412,word_52F412
0x52F414,word_52F414
0x52F416,word_52F416
0x52F430,word_52F430
0x52F432,word_52F432
0x52F440,dword_52F440
0x52F444,dword_52F444
0x52F4F0,dword_52F4F0
0x52F6B8,dword_52F6B8
0x52F6D8,word_52F6D8
0x52F6DA,word_52F6DA
0x52F6E8,dword_52F6E8
0x52FA18,dword_52FA18
0x52FFF8,dword_52FFF8
0x52FFFC,dword_52FFFC
0x530000,dword_530000
0x530148,dword_530148
0x53014C,dword_53014C
0x530150,dword_530150
0x530178,dword_530178
0x53026C,dword_53026C
0x53028C,dword_53028C
0x5302A0,dword_5302A0
0x5302A4,dword_5302A4
0x530348,byte_530348
0x530428,dword_530428
0x5304E8,byte_5304E8
0x5304E9,unk_5304E9
0x5304EC,byte_5304EC
0x5304ED,unk_5304ED
0x5304F0,byte_5304F0
0x5304F1,unk_5304F1
0x530518,word_530518
0x53051A,word_53051A
0x530798,dword_530798
0x530AA0,word_530AA0
0x530AF8,word_530AF8
0x530B50,word_530B50
0x530FC8,dword_530FC8
0x530FCC,dword_530FCC
0x531078,dword_531078
0x531088,dword_531088
0x531110,dword_531110
0x531114,dword_531114
0x5311E8,dword_5311E8
0x5311EC,dword_5311EC
0x531338,dword_531338
0x53133C,dword_53133C
0x5314F0,dword_5314F0
0x531640,dword_531640
0x531644,dword_531644
0x532750,dword_532750
0x532764,dword_532764
0x532778,dword_532778
0x532794,dword_532794
0x532824,dword_532824
0x532850,dword_532850
0x532898,dword_532898
0x5328A0,dword_5328A0
0x5328E8,dword_5328E8
0x5328F0,dword_5328F0
0x532938,dword_532938
0x532940,dword_532940
0x5329F0,dword_5329F0
0x532A00,dword_532A00
0x532A10,dword_532A10
0x532D14,dword_532D14
0x532EC8,Format
0x532ED4,dword_532ED4
0x532ED8,??_7?$CCallback@VAchievements@@UUserStatsReceived_t@@$0A@@@6B@
0x532EDC,dword_532EDC
0x532EE0,off_532EE0
0x532EE4,dword_532EE4
0x532EE8,??_7?$CCallback@VAchievements@@UUserStatsStored_t@@$0A@@@6B@
0x532EEC,dword_532EEC
0x532EF0,dword_532EF0
0x532EF4,dword_532EF4
0x532EF8,??_7?$CCallback@VAchievements@@UUserAchievementStored_t@@$0A@@@6B@
0x532EFC,dword_532EFC
0x532F00,dword_532F00
0x532F04,aAegeometrySetl
0x532F3F,byte_532F3F
0x532F40,asc_532F40
0x532F43,byte_532F43
0x532F44,asc_532F44
0x532F48,dword_532F48
0x532F4C,??_7AbstractGun@@6B@
0x532F50,dword_532F50
0x532F54,dword_532F54
0x532F58,dword_532F58
0x532F5C,dword_532F5C
0x532F60,dword_532F60
0x532F64,dword_532F64
0x532F68,dword_532F68
0x532F6C,dword_532F6C
0x532F70,dword_532F70
0x532F74,dword_532F74
0x532F78,dword_532F78
0x532F7C,??_7BeamGun@@6B@
0x532F80,dword_532F80
0x532F84,dword_532F84
0x532F88,dword_532F88
0x532F8C,dword_532F8C
0x532F90,dword_532F90
0x532F94,dword_532F94
0x532F98,dword_532F98
0x532F9C,dword_532F9C
0x532FA0,dword_532FA0
0x532FA4,dword_532FA4
0x532FA8,aBlueprintFinis
0x532FBD,unk_532FBD
0x532FC0,dword_532FC0
0x532FC4,??_7BombGun@@6B@
0x532FC8,dword_532FC8
0x532FCC,dword_532FCC
0x532FD0,dword_532FD0
0x532FD4,dword_532FD4
0x532FD8,dword_532FD8
0x532FDC,dword_532FDC
0x532FE0,dword_532FE0
0x532FE4,dword_532FE4
0x532FE8,dword_532FE8
0x532FEC,dword_532FEC
0x532FF0,dword_532FF0
0x532FF4,??_7BoundingAAB@@6B@
0x532FF8,dword_532FF8
0x532FFC,dword_532FFC
0x533000,dword_533000
0x533004,dword_533004
0x533008,??_7BoundingSphere@@6B@
0x53300C,dword_53300C
0x533010,dword_533010
0x533014,dword_533014
0x533018,dword_533018
0x53301C,??_7BoundingVolume@@6B@
0x533020,dword_533020
0x533024,dword_533024
0x533028,dword_533028
0x53302C,aGold
0x533032,word_533032
0x533034,aSilver
0x53303C,aBronze
0x533044,aMedal
0x53304B,byte_53304B
0x53304C,asc_53304C
0x53304F,byte_53304F
0x533050,asc_533050
0x533057,byte_533057
0x533058,asc_533058
0x53305B,byte_53305B
0x53305C,asc_53305C
0x53305E,word_53305E
0x533060,aS_1
0x533063,byte_533063
0x533064,aQ2
0x533068,aQ1
0x53306C,aDataBinStation
0x533082,word_533082
0x533084,aDataBinCollisi
0x53309B,byte_53309B
0x53309C,aDataBinWreckCo
0x5330BA,word_5330BA
0x5330BC,aDataBinAgentsB
0x5330D0,aDataBinSystems
0x5330E5,unk_5330E5
0x5330E8,aDataBinItemsBi
0x5330FB,byte_5330FB
0x5330FC,aDataBinShipsBi
0x53310F,byte_53310F
0x533110,aNamesTerran0MB
0x533125,unk_533125
0x533128,aNamesTerran0WB
0x53313D,unk_53313D
0x533140,aNamesTerran1Bi
0x533153,byte_533153
0x533154,aNamesVossk0Bin
0x533166,word_533166
0x533168,aNamesVossk1Bin
0x53317A,word_53317A
0x53317C,aNamesNivelian0
0x533191,unk_533191
0x533194,aNamesNivelian1
0x5331A9,unk_5331A9
0x5331AC,aNamesMultipod0
0x5331C1,unk_5331C1
0x5331C4,aNamesMultipod1
0x5331D9,unk_5331D9
0x5331DC,aNamesCyborg0Bi
0x5331EF,byte_5331EF
0x5331F0,aNamesBobolan0B
0x533204,aNamesBobolan1B
0x533218,aNamesGrey0Bin
0x533229,unk_533229
0x53322C,aDataBin
0x533236,word_533236
0x533238,aDataBinTickerB
0x53324C,aDataBinWeapons
0x533261,unk_533261
0x533264,aDataBinDocksBi
0x533277,byte_533277
0x533278,aDataAssetsMain
0x53328F,byte_53328F
0x533290,a754753835
0x53329A,word_53329A
0x53329C,a448366639
0x5332A6,word_5332A6
0x5332A8,a373352623
0x5332B2,word_5332B2
0x5332B4,aDataAssetsMain_0
0x5332EB,byte_5332EB
0x5332EC,aDataTexturesLe
0x53330B,byte_53330B
0x53330C,aDataTexturesLe_0
0x53332B,byte_53332B
0x53332C,aDataTexturesLe_1
0x53334B,byte_53334B
0x53334C,aDataAssetsMain_1
0x533387,byte_533387
0x533388,aDataAssetsMain_2
0x5333C3,byte_5333C3
0x5333C4,aDataAssetsMain_3
0x5333FE,word_5333FE
0x533400,aDataAssetsMain_4
0x533439,unk_533439
0x53343C,aDataAssetsMain_5
0x533474,aDataAssetsMain_6
0x5334AB,byte_5334AB
0x5334AC,aDataAssetsMain_7
0x5334E3,byte_5334E3
0x5334E4,aDataAssetsMain_8
0x53351B,byte_53351B
0x53351C,aDataAssetsMain_9
0x533553,byte_533553
0x533554,aDataAssetsMain_10
0x53358B,byte_53358B
0x53358C,aDataAssetsMain_11
0x5335C3,byte_5335C3
0x5335C4,aDataAssetsMain_12
0x5335FB,byte_5335FB
0x5335FC,aDataAssetsMain_13
0x533633,byte_533633
0x533634,aDataAssetsMain_14
0x53366B,byte_53366B
0x53366C,aDataAssetsMain_15
0x5336A3,byte_5336A3
0x5336A4,aDataAssetsMain_16
0x5336DB,byte_5336DB
0x5336DC,aDataAssetsMain_17
0x533713,unk_533713
0x533718,aDataAssetsMain_18
0x533763,unk_533763
0x533768,aDataAssetsMain_19
0x5337BB,unk_5337BB
0x5337C0,aDataAssetsMain_20
0x53380C,dword_53380C
0x533810,aDataAssetsMain_21
0x533864,dword_533864
0x533868,aDataAssetsMain_22
0x5338B5,unk_5338B5
0x5338B8,aDataAssetsMain_23
0x53390D,unk_53390D
0x533910,aDataAssetsMain_24
0x53395D,unk_53395D
0x533960,aDataAssetsMain_25
0x5339B5,unk_5339B5
0x5339B8,aDataAssetsMain_26
0x533A02,unk_533A02
0x533A08,aDataAssetsMain_27
0x533A5A,unk_533A5A
0x533A60,aDataAssetsMain_28
0x533AA9,unk_533AA9
0x533AB0,aDataAssetsMain_29
0x533B01,unk_533B01
0x533B08,aDataAssetsMain_30
0x533B4E,word_533B4E
0x533B50,aDataAssetsMain_31
0x533B9A,unk_533B9A
0x533BA0,aDataAssetsMain_32
0x533BE8,aDataAssetsMain_33
0x533C31,unk_533C31
0x533C38,aDataAssetsMain_34
0x533C82,unk_533C82
0x533C88,aDataAssetsMain_35
0x533CD2,unk_533CD2
0x533CD8,aDataAssetsMain_36
0x533D20,aDataAssetsMain_37
0x533D6A,unk_533D6A
0x533D70,aDataAssetsMain_38
0x533DB8,aDataAssetsMain_39
0x533DFE,word_533DFE
0x533E00,aDataAssetsMain_40
0x533E47,byte_533E47
0x533E48,aDataAssetsMain_41
0x533E90,aDataAssetsMain_42
0x533ED9,unk_533ED9
0x533EE0,aDataAssetsMain_43
0x533F2A,unk_533F2A
0x533F30,aDataAssetsMain_44
0x533F7A,unk_533F7A
0x533F80,aDataAssetsMain_45
0x533FC8,aDataAssetsMain_46
0x534012,unk_534012
0x534018,aDataAssetsMain_47
0x534062,unk_534062
0x534068,aDataAssetsMain_48
0x5340B2,unk_5340B2
0x5340B8,aDataAssetsMain_49
0x534102,unk_534102
0x534108,aDataAssetsMain_50
0x534150,aDataAssetsMain_51
0x534199,unk_534199
0x5341A0,aDataAssetsMain_52
0x5341E9,unk_5341E9
0x5341F0,aDataAssetsMain_53
0x534239,unk_534239
0x534240,aDataAssetsMain_54
0x534288,aDataAssetsMain_55
0x5342D0,aDataAssetsMain_56
0x534318,aDataAssetsMain_57
0x534361,unk_534361
0x534368,aDataAssetsMain_58
0x5343B2,unk_5343B2
0x5343B8,aDataAssetsMain_59
0x534402,unk_534402
0x534408,aDataAssetsMain_60
0x534451,unk_534451
0x534458,aDataAssetsMain_61
0x5344A0,aDataAssetsMain_62
0x5344E8,aDataAssetsMain_63
0x534532,unk_534532
0x534538,aDataAssetsMain_64
0x534580,aDataAssetsValk
0x5345D4,dword_5345D4
0x5345D8,aDataAssetsValk_0
0x53462C,dword_53462C
0x534630,aDataAssetsValk_1
0x53467D,unk_53467D
0x534680,aDataAssetsValk_2
0x5346D4,dword_5346D4
0x5346D8,aDataAssetsValk_3
0x534725,unk_534725
0x534728,aDataAssetsMain_65
0x53476F,byte_53476F
0x534770,aDataAssetsMain_66
0x5347B7,byte_5347B7
0x5347B8,aDataAssetsMain_67
0x53480A,unk_53480A
0x534810,aDataAssetsMain_68
0x534860,aDataAssetsMain_69
0x5348B1,unk_5348B1
0x5348B8,aDataAssetsMain_70
0x53490A,unk_53490A
0x534910,aDataAssetsMain_71
0x534962,unk_534962
0x534968,aDataAssetsMain_72
0x5349B8,aDataAssetsMain_73
0x534A0A,unk_534A0A
0x534A10,aDataAssetsMain_74
0x534A60,aDataAssetsMain_75
0x534AAE,word_534AAE
0x534AB0,aDataAssetsMain_76
0x534AFF,byte_534AFF
0x534B00,aDataAssetsMain_77
0x534B50,aDataAssetsMain_78
0x534BA1,unk_534BA1
0x534BA8,aDataAssetsMain_79
0x534BFA,unk_534BFA
0x534C00,aDataAssetsMain_80
0x534C52,unk_534C52
0x534C58,aDataAssetsMain_81
0x534CA8,aDataAssetsMain_82
0x534CFA,unk_534CFA
0x534D00,aDataAssetsMain_83
0x534D52,unk_534D52
0x534D58,aDataAssetsMain_84
0x534DAA,unk_534DAA
0x534DB0,aDataAssetsMain_85
0x534E02,unk_534E02
0x534E08,aDataAssetsMain_86
0x534E58,aDataAssetsMain_87
0x534EA9,unk_534EA9
0x534EB0,aDataAssetsMain_88
0x534F01,unk_534F01
0x534F08,aDataAssetsMain_89
0x534F59,unk_534F59
0x534F60,aDataAssetsMain_90
0x534FB0,aDataAssetsMain_91
0x535000,aDataAssetsMain_92
0x535050,aDataAssetsMain_93
0x5350A1,unk_5350A1
0x5350A8,aDataAssetsMain_94
0x5350FA,unk_5350FA
0x535100,aDataAssetsMain_95
0x535152,unk_535152
0x535158,aDataAssetsMain_96
0x5351A9,unk_5351A9
0x5351B0,aDataAssetsMain_97
0x535200,aDataAssetsMain_98
0x535250,aDataAssetsMain_99
0x5352A2,unk_5352A2
0x5352A8,aDataAssetsMain_100
0x5352F8,aDataAssetsValk_4
0x535354,dword_535354
0x535358,aDataAssetsValk_5
0x5353B4,dword_5353B4
0x5353B8,aDataAssetsValk_6
0x53540D,unk_53540D
0x535410,aDataAssetsValk_7
0x53546C,dword_53546C
0x535470,aDataAssetsValk_8
0x5354C5,unk_5354C5
0x5354C8,aDataAssetsMain_101
0x535517,byte_535517
0x535518,aDataAssetsMain_102
0x535567,byte_535567
0x535568,aDataAssetsMain_103
0x5355AA,unk_5355AA
0x5355B0,aDataAssetsValk_9
0x5355FA,unk_5355FA
0x535600,aDataAssetsValk_10
0x535652,word_535652
0x535654,aDataAssetsMain_104
0x53568C,aDataAssetsMain_105
0x5356BD,unk_5356BD
0x5356C0,aDataAssetsValk_11
0x5356FB,unk_5356FB
0x535700,aDataAssetsMain_106
0x535741,unk_535741
0x535748,aDataAssetsMain_107
0x535792,unk_535792
0x535798,aDataAssetsMain_108
0x5357E2,unk_5357E2
0x5357E8,aDataAssetsMain_109
0x535836,word_535836
0x535838,aDataAssetsMain_110
0x53587C,dword_53587C
0x535880,aDataAssetsValk_12
0x5358CC,dword_5358CC
0x5358D0,aDataAssetsMain_111
0x535917,byte_535917
0x535918,aDataAssetsMain_112
0x53595E,word_53595E
0x535960,aDataAssetsMain_113
0x5359A9,unk_5359A9
0x5359B0,aDataAssetsMain_114
0x5359F9,unk_5359F9
0x535A00,aDataAssetsMain_115
0x535A42,word_535A42
0x535A44,aDataAssetsMain_116
0x535A83,byte_535A83
0x535A84,aDataAssetsMain_117
0x535AC0,aDataAssetsMain_118
0x535B00,aDataAssetsMain_119
0x535B40,aDataAssetsMain_120
0x535B80,aDataAssetsMain_121
0x535BC0,aDataAssetsMain_122
0x535BFD,unk_535BFD
0x535C00,aDataAssetsValk_13
0x535C55,unk_535C55
0x535C58,aDataAssetsValk_14
0x535CB5,unk_535CB5
0x535CB8,aDataAssetsValk_15
0x535D0C,dword_535D0C
0x535D10,aDataAssetsValk_16
0x535D6C,aDataTexturesCo
0x535D87,byte_535D87
0x535D88,aDataAssetsMain_123
0x535DCA,unk_535DCA
0x535DD0,aDataAssetsMain_124
0x535E1A,word_535E1A
0x535E1C,aDataAssetsMain_125
0x535E5A,word_535E5A
0x535E5C,aDataAssetsMain_126
0x535E96,word_535E96
0x535E98,aDataAssetsMain_127
0x535ED1,unk_535ED1
0x535ED4,aDataAssetsMain_128
0x535F0B,unk_535F0B
0x535F10,aDataAssetsMain_129
0x535F55,unk_535F55
0x535F58,aDataAssetsMain_130
0x535FA5,unk_535FA5
0x535FA8,aDataAssetsMain_131
0x535FED,unk_535FED
0x535FF0,aDataAssetsMain_132
0x53603D,unk_53603D
0x536040,aDataAssetsMain_133
0x536085,unk_536085
0x536088,aDataAssetsMain_134
0x5360D5,unk_5360D5
0x5360D8,aDataAssetsValk_17
0x536127,byte_536127
0x536128,aDataAssetsValk_18
0x53617F,byte_53617F
0x536180,aDataAssetsValk_19
0x5361CF,byte_5361CF
0x5361D0,aDataAssetsValk_20
0x536227,byte_536227
0x536228,aDataAssetsValk_21
0x536277,byte_536277
0x536278,aDataAssetsValk_22
0x5362CF,byte_5362CF
0x5362D0,aDataAssetsMain_135
0x536315,unk_536315
0x536318,aDataAssetsMain_136
0x536365,unk_536365
0x536368,aDataAssetsMain_137
0x5363AC,dword_5363AC
0x5363B0,aDataAssetsMain_138
0x5363FC,dword_5363FC
0x536400,aDataAssetsValk_23
0x53644C,dword_53644C
0x536450,aDataAssetsValk_24
0x5364A4,dword_5364A4
0x5364A8,aDataAssetsValk_25
0x5364F4,dword_5364F4
0x5364F8,aDataAssetsValk_26
0x536544,dword_536544
0x536548,aDataAssetsValk_27
0x536594,dword_536594
0x536598,aDataAssetsValk_28
0x5365DE,word_5365DE
0x5365E0,aDataAssetsValk_29
0x53662E,word_53662E
0x536630,aDataAssetsValk_30
0x536676,word_536676
0x536678,aDataAssetsValk_31
0x5366C6,word_5366C6
0x5366C8,aDataAssetsValk_32
0x53670E,word_53670E
0x536710,aDataAssetsValk_33
0x53675E,word_53675E
0x536760,aDataAssetsValk_34
0x5367B7,byte_5367B7
0x5367B8,aDataAssetsValk_35
0x536817,byte_536817
0x536818,aDataAssetsValk_36
0x53686E,word_53686E
0x536870,aDataAssetsValk_37
0x5368CE,word_5368CE
0x5368D0,aDataAssetsValk_38
0x536923,unk_536923
0x536928,aDataAssetsValk_39
0x53697F,byte_53697F
0x536980,aDataAssetsMain_139
0x5369C9,unk_5369C9
0x5369D0,aDataAssetsValk_40
0x536A11,unk_536A11
0x536A18,aDataAssetsValk_41
0x536A58,aDataAssetsMain_140
0x536A91,unk_536A91
0x536A94,aDataAssetsMain_141
0x536ACD,unk_536ACD
0x536AD0,aDataAssetsMain_142
0x536B20,aDataAssetsMain_143
0x536B78,aDataAssetsMain_144
0x536BC4,dword_536BC4
0x536BC8,aDataAssetsMain_145
0x536C1C,dword_536C1C
0x536C20,aDataAssetsMain_146
0x536C6B,unk_536C6B
0x536C70,aDataAssetsMain_147
0x536CC3,unk_536CC3
0x536CC8,aDataAssetsMain_148
0x536D16,word_536D16
0x536D18,aDataAssetsMain_149
0x536D6E,word_536D6E
0x536D70,aDataAssetsMain_150
0x536DBE,word_536DBE
0x536DC0,aDataAssetsMain_151
0x536E16,word_536E16
0x536E18,aDataAssetsMain_152
0x536E4F,byte_536E4F
0x536E50,aDataAssetsMain_153
0x536E96,word_536E96
0x536E98,aDataAssetsMain_154
0x536EE6,word_536EE6
0x536EE8,aDataAssetsMain_155
0x536F23,unk_536F23
0x536F28,aDataAssetsMain_156
0x536F78,aDataAssetsMain_157
0x536FD0,aDataAssetsMain_158
0x537019,unk_537019
0x537020,aDataAssetsMain_159
0x537068,aDataAssetsMain_160
0x5370B3,unk_5370B3
0x5370B8,aDataAssetsMain_161
0x537103,unk_537103
0x537108,aDataAssetsMain_162
0x53714E,word_53714E
0x537150,aDataAssetsMain_163
0x537196,word_537196
0x537198,aDataAssetsMain_164
0x5371DE,word_5371DE
0x5371E0,aDataAssetsMain_165
0x537226,word_537226
0x537228,aDataAssetsMain_166
0x53726E,word_53726E
0x537270,aDataAssetsMain_167
0x5372B6,word_5372B6
0x5372B8,aDataAssetsMain_168
0x5372FE,word_5372FE
0x537300,aDataAssetsMain_169
0x537346,word_537346
0x537348,aDataAssetsMain_170
0x53738E,word_53738E
0x537390,aDataAssetsMain_171
0x5373D6,word_5373D6
0x5373D8,aDataAssetsMain_172
0x53741E,word_53741E
0x537420,aDataAssetsValk_42
0x53746C,dword_53746C
0x537470,aDataAssetsValk_43
0x5374BC,dword_5374BC
0x5374C0,aDataAssetsValk_44
0x53750C,dword_53750C
0x537510,aDataAssetsValk_45
0x53755C,aDataAssetsMain_173
0x537598,aDataAssetsMain_174
0x5375E0,aDataAssetsMain_175
0x537630,aDataAssetsMain_176
0x537678,aDataAssetsMain_177
0x5376C8,aDataAssetsMain_178
0x53770A,unk_53770A
0x537710,aDataAssetsMain_179
0x53775A,unk_53775A
0x537760,aDataAssetsMain_180
0x5377A8,aDataAssetsMain_181
0x5377F8,aDataAssetsMain_182
0x53783A,unk_53783A
0x537840,aDataAssetsMain_183
0x53788A,unk_53788A
0x537890,aDataAssetsMain_184
0x5378D4,aDataAssetsMain_185
0x537912,unk_537912
0x537918,aDataAssetsValk_46
0x53795C,aDataAssetsMain_186
0x537993,byte_537993
0x537994,aDataAssetsMain_187
0x5379CF,byte_5379CF
0x5379D0,aDataAssetsMain_188
0x537A0D,unk_537A0D
0x537A10,aDataAssetsMain_189
0x537A44,aDataAssetsMain_190
0x537A81,unk_537A81
0x537A84,aDataAssetsMain_191
0x537ABB,byte_537ABB
0x537ABC,aDataAssetsMain_192
0x537AF9,unk_537AF9
0x537AFC,aDataAssetsMain_193
0x537B37,byte_537B37
0x537B38,aDataAssetsMain_194
0x537B6D,unk_537B6D
0x537B70,aDataAssetsMain_195
0x537BAB,byte_537BAB
0x537BAC,aDataAssetsMain_196
0x537BE5,unk_537BE5
0x537BE8,aDataAssetsValk_47
0x537C2A,unk_537C2A
0x537C30,aDataAssetsValk_48
0x537C7B,unk_537C7B
0x537C80,aDataAssetsValk_49
0x537CC8,aDataAssetsValk_50
0x537D0E,word_537D0E
0x537D10,aDataAssetsValk_51
0x537D5A,unk_537D5A
0x537D60,aDataAssetsValk_52
0x537DA7,byte_537DA7
0x537DA8,aDataAssetsValk_53
0x537DF2,unk_537DF2
0x537DF8,aDataAssetsValk_54
0x537E39,unk_537E39
0x537E40,aDataAssetsMain_197
0x537E80,aDataAssetsMain_198
0x537EC0,aDataAssetsMain_199
0x537F00,aDataAssetsMain_200
0x537F40,aDataAssetsMain_201
0x537F84,dword_537F84
0x537F88,aDataAssetsMain_202
0x537FCC,dword_537FCC
0x537FD0,aDataAssetsMain_203
0x538014,dword_538014
0x538018,aDataAssetsMain_204
0x53805C,dword_53805C
0x538060,aDataAssetsMain_205
0x5380A2,unk_5380A2
0x5380A8,aDataAssetsMain_206
0x5380EA,unk_5380EA
0x5380F0,aDataAssetsMain_207
0x538132,unk_538132
0x538138,aDataAssetsMain_208
0x53817E,word_53817E
0x538180,aDataAssetsMain_209
0x5381C6,word_5381C6
0x5381C8,aDataAssetsMain_210
0x53820E,word_53820E
0x538210,aDataAssetsMain_211
0x538248,aDataAssetsMain_212
0x53828D,unk_53828D
0x538290,aDataAssetsMain_213
0x5382C8,aDataAssetsMain_214
0x53830D,unk_53830D
0x538310,aDataAssetsMain_215
0x538348,aDataAssetsMain_216
0x53838D,unk_53838D
0x538390,aDataAssetsMain_217
0x5383C8,aDataAssetsMain_218
0x53840D,unk_53840D
0x538410,aDataAssetsMain_219
0x538448,aDataAssetsMain_220
0x53848D,unk_53848D
0x538490,aDataAssetsMain_221
0x5384C8,aDataAssetsMain_222
0x538502,unk_538502
0x538508,aDataAssetsMain_223
0x53854F,byte_53854F
0x538550,aDataAssetsMain_224
0x53858A,unk_53858A
0x538590,aDataAssetsMain_225
0x5385D7,byte_5385D7
0x5385D8,aDataAssetsMain_226
0x538612,unk_538612
0x538618,aDataAssetsMain_227
0x53865F,byte_53865F
0x538660,aDataAssetsMain_228
0x53869A,unk_53869A
0x5386A0,aDataAssetsMain_229
0x5386E7,byte_5386E7
0x5386E8,aDataAssetsMain_230
0x538722,unk_538722
0x538728,aDataAssetsMain_231
0x53876F,byte_53876F
0x538770,aDataAssetsMain_232
0x5387AA,unk_5387AA
0x5387B0,aDataAssetsMain_233
0x5387F7,byte_5387F7
0x5387F8,aDataAssetsMain_234
0x538832,unk_538832
0x538838,aDataAssetsMain_235
0x53887F,byte_53887F
0x538880,aDataAssetsMain_236
0x5388BA,unk_5388BA
0x5388C0,aDataAssetsMain_237
0x538907,byte_538907
0x538908,aDataAssetsMain_238
0x538942,unk_538942
0x538948,aDataAssetsMain_239
0x53898F,byte_53898F
0x538990,aDataAssetsMain_240
0x5389CA,unk_5389CA
0x5389D0,aDataAssetsMain_241
0x538A17,byte_538A17
0x538A18,aDataAssetsMain_242
0x538A47,byte_538A47
0x538A48,aDataAssetsMain_243
0x538A7B,byte_538A7B
0x538A7C,aDataAssetsMain_244
0x538AB1,unk_538AB1
0x538AB4,aDataAssetsMain_245
0x538AEC,aDataAssetsMain_246
0x538B28,aDataAssetsMain_247
0x538B56,word_538B56
0x538B58,aDataAssetsMain_248
0x538B8F,byte_538B8F
0x538B90,aDataAssetsMain_249
0x538BC1,unk_538BC1
0x538BC4,aDataAssetsMain_250
0x538BFE,word_538BFE
0x538C00,aDataAssetsMain_251
0x538C37,byte_538C37
0x538C38,aDataAssetsMain_252
0x538C6E,word_538C6E
0x538C70,aDataAssetsMain_253
0x538CA5,unk_538CA5
0x538CA8,aDataAssetsMain_254
0x538CDF,byte_538CDF
0x538CE0,aDataAssetsMain_255
0x538D1C,aDataAssetsMain_256
0x538D55,unk_538D55
0x538D58,aDataAssetsMain_257
0x538D91,unk_538D91
0x538D94,aDataAssetsMain_258
0x538DCA,word_538DCA
0x538DCC,aDataAssetsMain_259
0x538E05,unk_538E05
0x538E08,aDataAssetsMain_260
0x538E41,unk_538E41
0x538E44,aDataAssetsMain_261
0x538E7C,aDataAssetsMain_262
0x538EB1,unk_538EB1
0x538EB4,aDataAssetsMain_263
0x538EE9,unk_538EE9
0x538EEC,aDataAssetsMain_264
0x538F23,byte_538F23
0x538F24,aDataAssetsMain_265
0x538F57,byte_538F57
0x538F58,aDataAssetsMain_266
0x538F8B,byte_538F8B
0x538F8C,aDataAssetsMain_267
0x538FBF,byte_538FBF
0x538FC0,aDataAssetsMain_268
0x538FF3,byte_538FF3
0x538FF4,aDataAssetsMain_269
0x539027,byte_539027
0x539028,aDataAssetsMain_270
0x53905B,byte_53905B
0x53905C,aDataAssetsMain_271
0x53908F,byte_53908F
0x539090,aDataAssetsMain_272
0x5390C3,byte_5390C3
0x5390C4,aDataAssetsMain_273
0x5390F7,byte_5390F7
0x5390F8,aDataAssetsMain_274
0x53912B,byte_53912B
0x53912C,aDataAssetsMain_275
0x53915F,byte_53915F
0x539160,aDataAssetsValk_55
0x539199,unk_539199
0x53919C,aDataAssetsValk_56
0x5391D5,unk_5391D5
0x5391D8,aDataAssetsValk_57
0x539211,unk_539211
0x539214,aDataAssetsMain_276
0x539249,unk_539249
0x53924C,aDataAssetsMain_277
0x539276,word_539276
0x539278,aDataAssetsMain_278
0x5392AF,byte_5392AF
0x5392B0,aDataAssetsMain_279
0x5392F0,aDataAssetsMain_280
0x53932C,aDataAssetsMain_281
0x53936A,unk_53936A
0x539370,aDataAssetsValk_58
0x5393C1,unk_5393C1
0x5393C4,aDataAssetsMain_282
0x5393FE,word_5393FE
0x539400,aDataAssetsMain_283
0x53943A,word_53943A
0x53943C,aDataAssetsMain_284
0x539476,word_539476
0x539478,aDataAssetsMain_285
0x5394B2,word_5394B2
0x5394B4,aDataAssetsMain_286
0x5394EE,word_5394EE
0x5394F0,aDataAssetsMain_287
0x53952A,word_53952A
0x53952C,aDataAssetsMain_288
0x539566,word_539566
0x539568,aDataAssetsMain_289
0x5395A2,word_5395A2
0x5395A4,aDataAssetsMain_290
0x5395DE,word_5395DE
0x5395E0,aDataAssetsValk_59
0x539620,aDataAssetsMain_291
0x53965A,word_53965A
0x53965C,aDataAssetsMain_292
0x539696,word_539696
0x539698,aDataAssetsMain_293
0x5396D2,word_5396D2
0x5396D4,aDataAssetsMain_294
0x53970E,word_53970E
0x539710,aDataAssetsMain_295
0x53974A,word_53974A
0x53974C,aDataAssetsMain_296
0x539786,word_539786
0x539788,aDataAssetsMain_297
0x5397C2,word_5397C2
0x5397C4,aDataAssetsMain_298
0x5397FE,word_5397FE
0x539800,aDataAssetsMain_299
0x53983A,word_53983A
0x53983C,aDataAssetsMain_300
0x539876,word_539876
0x539878,aDataAssetsMain_301
0x5398B2,word_5398B2
0x5398B4,aDataAssetsMain_302
0x5398EE,word_5398EE
0x5398F0,aDataAssetsMain_303
0x53992A,word_53992A
0x53992C,aDataAssetsMain_304
0x539966,word_539966
0x539968,aDataAssetsMain_305
0x5399A2,word_5399A2
0x5399A4,aDataAssetsMain_306
0x5399DE,word_5399DE
0x5399E0,aDataAssetsMain_307
0x539A1A,word_539A1A
0x539A1C,aDataAssetsMain_308
0x539A56,word_539A56
0x539A58,aDataAssetsMain_309
0x539A92,word_539A92
0x539A94,aDataAssetsMain_310
0x539ACE,word_539ACE
0x539AD0,aDataAssetsMain_311
0x539B0A,word_539B0A
0x539B0C,aDataAssetsMain_312
0x539B46,word_539B46
0x539B48,aDataAssetsMain_313
0x539B82,word_539B82
0x539B84,aDataAssetsMain_314
0x539BBE,word_539BBE
0x539BC0,aDataAssetsMain_315
0x539BFA,unk_539BFA
0x539C00,aDataAssetsValk_60
0x539C40,aDataAssetsValk_61
0x539C80,aDataAssetsValk_62
0x539CC0,aDataAssetsValk_63
0x539D00,aDataAssetsValk_64
0x539D40,aDataAssetsValk_65
0x539D80,aDataAssetsValk_66
0x539DC0,aDataAssetsMain_316
0x539DF5,unk_539DF5
0x539DF8,aDataAssetsMain_317
0x539E31,unk_539E31
0x539E34,aDataAssetsMain_318
0x539E63,byte_539E63
0x539E64,aDataAssetsMain_319
0x539E97,byte_539E97
0x539E98,aDataAssetsMain_320
0x539ECD,unk_539ECD
0x539ED0,aDataAssetsMain_321
0x539F09,unk_539F09
0x539F0C,aDataAssetsMain_322
0x539F41,unk_539F41
0x539F44,aDataAssetsMain_323
0x539F7D,unk_539F7D
0x539F80,aDataAssetsMain_324
0x539FAF,byte_539FAF
0x539FB0,aDataAssetsMain_325
0x539FE3,byte_539FE3
0x539FE4,aDataAssetsValk_67
0x53A022,word_53A022
0x53A024,aDataAssetsValk_68
0x53A061,unk_53A061
0x53A064,aDataAssetsMain_326
0x53A09D,unk_53A09D
0x53A0A0,aDataAssetsMain_327
0x53A0DF,byte_53A0DF
0x53A0E0,aDataAssetsMain_328
0x53A11F,byte_53A11F
0x53A120,aDataAssetsMain_329
0x53A162,unk_53A162
0x53A168,aDataAssetsMain_330
0x53A1AA,unk_53A1AA
0x53A1B0,aDataAssetsMain_331
0x53A1F7,byte_53A1F7
0x53A1F8,aDataAssetsMain_332
0x53A235,unk_53A235
0x53A238,aDataAssetsMain_333
0x53A27B,unk_53A27B
0x53A280,aDataAssetsMain_334
0x53A2C3,unk_53A2C3
0x53A2C8,aDataAssetsMain_335
0x53A309,unk_53A309
0x53A310,aDataAssetsMain_336
0x53A357,byte_53A357
0x53A358,aDataAssetsMain_337
0x53A39F,byte_53A39F
0x53A3A0,aDataAssetsMain_338
0x53A3E1,unk_53A3E1
0x53A3E8,aDataAssetsMain_339
0x53A42E,word_53A42E
0x53A430,aDataAssetsMain_340
0x53A46B,unk_53A46B
0x53A470,aDataAssetsMain_341
0x53A4B1,unk_53A4B1
0x53A4B8,aDataAssetsMain_342
0x53A4F9,unk_53A4F9
0x53A500,aDataAssetsMain_343
0x53A544,dword_53A544
0x53A548,aDataAssetsMain_344
0x53A58C,dword_53A58C
0x53A590,aDataAssetsMain_345
0x53A5D9,unk_53A5D9
0x53A5DC,aDataAssetsMain_346
0x53A617,byte_53A617
0x53A618,aDataAssetsMain_347
0x53A659,unk_53A659
0x53A660,aDataAssetsMain_348
0x53A6A1,unk_53A6A1
0x53A6A8,aDataAssetsMain_349
0x53A6EC,dword_53A6EC
0x53A6F0,aDataAssetsMain_350
0x53A734,dword_53A734
0x53A738,aDataAssetsMain_351
0x53A781,unk_53A781
0x53A784,aDataAssetsMain_352
0x53A7B2,word_53A7B2
0x53A7B4,aDataAssetsMain_353
0x53A7E2,word_53A7E2
0x53A7E4,aDataAssetsMain_354
0x53A817,byte_53A817
0x53A818,aDataAssetsMain_355
0x53A84B,byte_53A84B
0x53A84C,aDataAssetsMain_356
0x53A87F,byte_53A87F
0x53A880,aDataAssetsMain_357
0x53A8B3,byte_53A8B3
0x53A8B4,aDataAssetsMain_358
0x53A8E9,unk_53A8E9
0x53A8EC,aDataAssetsMain_359
0x53A923,byte_53A923
0x53A924,aDataAssetsMain_360
0x53A95D,unk_53A95D
0x53A960,aDataAssetsMain_361
0x53A99B,byte_53A99B
0x53A99C,aDataAssetsMain_362
0x53A9D4,aDataAssetsMain_363
0x53AA0F,byte_53AA0F
0x53AA10,aDataAssetsMain_364
0x53AA47,byte_53AA47
0x53AA48,aDataAssetsMain_365
0x53AA7A,word_53AA7A
0x53AA7C,aDataAssetsMain_366
0x53AAB4,aDataAssetsMain_367
0x53AAEC,aDataAssetsMain_368
0x53AB24,dword_53AB24
0x53AB28,aDataAssetsMain_369
0x53AB69,unk_53AB69
0x53AB6C,aDataAssetsMain_370
0x53ABA3,byte_53ABA3
0x53ABA4,aDataAssetsMain_371
0x53ABE1,unk_53ABE1
0x53ABE4,aDataAssetsMain_372
0x53AC21,unk_53AC21
0x53AC28,aDataAssetsMain_373
0x53AC6A,unk_53AC6A
0x53AC70,aDataAssetsMain_374
0x53ACB7,byte_53ACB7
0x53ACB8,aDataAssetsMain_375
0x53ACFE,word_53ACFE
0x53AD00,aDataAssetsMain_376
0x53AD38,aDataAssetsMain_377
0x53AD76,word_53AD76
0x53AD78,aDataAssetsMain_378
0x53ADB6,word_53ADB6
0x53ADB8,aDataAssetsMain_379
0x53ADFB,unk_53ADFB
0x53AE00,aDataAssetsMain_380
0x53AE43,unk_53AE43
0x53AE48,aDataAssetsMain_381
0x53AE8F,byte_53AE8F
0x53AE90,aDataAssetsMain_382
0x53AEC6,word_53AEC6
0x53AEC8,aDataAssetsMain_383
0x53AF04,aDataAssetsMain_384
0x53AF40,aDataAssetsMain_385
0x53AF81,unk_53AF81
0x53AF88,aDataAssetsMain_386
0x53AFC9,unk_53AFC9
0x53AFD0,aDataAssetsMain_387
0x53B016,word_53B016
0x53B018,aDataAssetsMain_388
0x53B05D,unk_53B05D
0x53B060,aDataAssetsMain_389
0x53B098,aDataAssetsMain_390
0x53B0D6,word_53B0D6
0x53B0D8,aDataAssetsMain_391
0x53B116,word_53B116
0x53B118,aDataAssetsMain_392
0x53B15A,unk_53B15A
0x53B160,aDataAssetsMain_393
0x53B1A8,aDataAssetsMain_394
0x53B1EB,unk_53B1EB
0x53B1F0,aDataAssetsMain_395
0x53B238,aDataAssetsMain_396
0x53B27F,byte_53B27F
0x53B280,aDataAssetsMain_397
0x53B2C0,aDataAssetsMain_398
0x53B304,aDataAssetsMain_399
0x53B33F,byte_53B33F
0x53B340,aDataAssetsMain_400
0x53B37B,unk_53B37B
0x53B380,aDataAssetsMain_401
0x53B3C5,unk_53B3C5
0x53B3C8,aDataAssetsMain_402
0x53B3FD,unk_53B3FD
0x53B400,aDataAssetsValk_69
0x53B44B,unk_53B44B
0x53B450,aDataAssetsValk_70
0x53B49F,byte_53B49F
0x53B4A0,aDataAssetsValk_71
0x53B4EB,unk_53B4EB
0x53B4F0,aDataAssetsValk_72
0x53B543,byte_53B543
0x53B544,aDataAssetsMain_403
0x53B576,word_53B576
0x53B578,aDataAssetsMain_404
0x53B5AE,word_53B5AE
0x53B5B0,aDataAssetsMain_405
0x53B5E2,word_53B5E2
0x53B5E4,aDataAssetsMain_406
0x53B61A,word_53B61A
0x53B61C,aDataAssetsMain_407
0x53B64E,word_53B64E
0x53B650,aDataAssetsMain_408
0x53B686,word_53B686
0x53B688,aDataAssetsValk_73
0x53B6C9,unk_53B6C9
0x53B6D0,aDataAssetsValk_74
0x53B715,unk_53B715
0x53B718,aDataAssetsValk_75
0x53B754,dword_53B754
0x53B758,aDataAssetsValk_76
0x53B798,aDataAssetsValk_77
0x53B7D4,dword_53B7D4
0x53B7D8,aDataAssetsValk_78
0x53B818,aDataAssetsValk_79
0x53B84B,byte_53B84B
0x53B84C,aDataAssetsValk_80
0x53B883,byte_53B883
0x53B884,aDataAssetsValk_81
0x53B8B7,byte_53B8B7
0x53B8B8,aDataAssetsValk_82
0x53B8EF,byte_53B8EF
0x53B8F0,aDataAssetsValk_83
0x53B923,byte_53B923
0x53B924,aDataAssetsValk_84
0x53B95B,byte_53B95B
0x53B95C,aDataAssetsMain_409
0x53B98F,byte_53B98F
0x53B990,aDataAssetsMain_410
0x53B9B9,unk_53B9B9
0x53B9BC,aDataAssetsMain_411
0x53B9E4,aDataAssetsMain_412
0x53BA16,word_53BA16
0x53BA18,aDataAssetsMain_413
0x53BA56,word_53BA56
0x53BA58,aDataAssetsMain_414
0x53BA94,aDataAssetsMain_415
0x53BAD1,unk_53BAD1
0x53BAD4,aDataAssetsMain_416
0x53BB11,unk_53BB11
0x53BB14,aDataAssetsMain_417
0x53BB51,unk_53BB51
0x53BB54,aDataAssetsMain_418
0x53BB91,unk_53BB91
0x53BB94,aDataAssetsMain_419
0x53BBD1,unk_53BBD1
0x53BBD4,aDataAssetsMain_420
0x53BC11,unk_53BC11
0x53BC14,aDataAssetsMain_421
0x53BC51,unk_53BC51
0x53BC54,aDataAssetsMain_422
0x53BC90,aDataAssetsMain_423
0x53BCCC,aDataAssetsMain_424
0x53BD08,aDataAssetsMain_425
0x53BD44,aDataAssetsMain_426
0x53BD80,aDataAssetsMain_427
0x53BDBC,aDataAssetsMain_428
0x53BDF8,aDataAssetsMain_429
0x53BE34,aDataAssetsMain_430
0x53BE70,aDataAssetsValk_85
0x53BEB2,unk_53BEB2
0x53BEB8,aDataAssetsValk_86
0x53BEFA,word_53BEFA
0x53BEFC,aDataAssetsMain_431
0x53BF34,aDataAssetsMain_432
0x53BF6C,aDataAssetsMain_433
0x53BFA4,aDataAssetsMain_434
0x53BFDC,aDataAssetsMain_435
0x53C014,aDataAssetsMain_436
0x53C04C,aDataAssetsMain_437
0x53C084,aDataAssetsMain_438
0x53C0BC,aDataAssetsMain_439
0x53C0F4,aDataAssetsMain_440
0x53C12C,aDataAssetsMain_441
0x53C164,aDataAssetsMain_442
0x53C19C,aDataAssetsMain_443
0x53C1D4,aDataAssetsMain_444
0x53C20C,aDataAssetsMain_445
0x53C244,aDataAssetsMain_446
0x53C27C,aDataAssetsMain_447
0x53C2B4,aDataAssetsMain_448
0x53C2EC,aDataAssetsMain_449
0x53C324,aDataAssetsMain_450
0x53C35C,aDataAssetsValk_87
0x53C39A,word_53C39A
0x53C39C,aDataAssetsValk_88
0x53C3DA,word_53C3DA
0x53C3DC,aDataAssetsValk_89
0x53C41A,unk_53C41A
0x53C420,aDataAssetsMain_451
0x53C467,byte_53C467
0x53C468,aDataAssetsMain_452
0x53C4AD,unk_53C4AD
0x53C4B0,aDataAssetsMain_453
0x53C4F6,word_53C4F6
0x53C4F8,aDataAssetsMain_454
0x53C53F,byte_53C53F
0x53C540,aDataAssetsMain_455
0x53C587,byte_53C587
0x53C588,aDataAssetsMain_456
0x53C5CD,unk_53C5CD
0x53C5D0,aDataAssetsMain_457
0x53C617,byte_53C617
0x53C618,aDataAssetsMain_458
0x53C65D,unk_53C65D
0x53C660,aDataAssetsMain_459
0x53C6A3,unk_53C6A3
0x53C6A8,aDataAssetsMain_460
0x53C6EC,dword_53C6EC
0x53C6F0,aDataAssetsMain_461
0x53C735,unk_53C735
0x53C738,aDataAssetsMain_462
0x53C77E,word_53C77E
0x53C780,aDataAssetsMain_463
0x53C7C7,byte_53C7C7
0x53C7C8,aDataAssetsMain_464
0x53C80F,byte_53C80F
0x53C810,aDataAssetsMain_465
0x53C855,unk_53C855
0x53C858,aDataAssetsMain_466
0x53C89F,byte_53C89F
0x53C8A0,aDataAssetsMain_467
0x53C8E7,byte_53C8E7
0x53C8E8,aDataAssetsMain_468
0x53C92F,byte_53C92F
0x53C930,aDataAssetsMain_469
0x53C977,byte_53C977
0x53C978,aDataAssetsMain_470
0x53C9BD,unk_53C9BD
0x53C9C0,aDataAssetsMain_471
0x53CA06,word_53CA06
0x53CA08,aDataAssetsMain_472
0x53CA4E,word_53CA4E
0x53CA50,aDataAssetsMain_473
0x53CA96,word_53CA96
0x53CA98,aDataAssetsMain_474
0x53CADD,unk_53CADD
0x53CAE0,aDataAssetsMain_475
0x53CB25,unk_53CB25
0x53CB28,aDataAssetsMain_476
0x53CB6D,unk_53CB6D
0x53CB70,aDataAssetsMain_477
0x53CBB6,word_53CBB6
0x53CBB8,aDataAssetsMain_478
0x53CBFF,byte_53CBFF
0x53CC00,aDataAssetsMain_479
0x53CC47,byte_53CC47
0x53CC48,aDataAssetsMain_480
0x53CC8E,word_53CC8E
0x53CC90,aDataAssetsMain_481
0x53CCD5,unk_53CCD5
0x53CCD8,aDataAssetsMain_482
0x53CD1D,unk_53CD1D
0x53CD20,aDataAssetsMain_483
0x53CD67,byte_53CD67
0x53CD68,aDataAssetsMain_484
0x53CDAD,unk_53CDAD
0x53CDB0,aDataAssetsValk_90
0x53CE01,unk_53CE01
0x53CE08,aDataAssetsValk_91
0x53CE59,unk_53CE59
0x53CE60,aDataAssetsValk_92
0x53CEB1,unk_53CEB1
0x53CEB8,aDataAssetsMain_485
0x53CEFC,dword_53CEFC
0x53CF00,aDataAssetsMain_486
0x53CF44,aDataAssetsMain_487
0x53CF7B,byte_53CF7B
0x53CF7C,aDataAssetsMain_488
0x53CFB9,unk_53CFB9
0x53CFBC,aDataAssetsMain_489
0x53CFF9,unk_53CFF9
0x53D000,aDataAssetsMain_490
0x53D042,unk_53D042
0x53D048,aDataAssetsMain_491
0x53D08A,word_53D08A
0x53D08C,aDataAssetsMain_492
0x53D0C1,unk_53D0C1
0x53D0C4,aDataAssetsMain_493
0x53D0FF,byte_53D0FF
0x53D100,aDataAssetsMain_494
0x53D13B,unk_53D13B
0x53D140,aDataAssetsMain_495
0x53D180,aDataAssetsMain_496
0x53D1C0,aDataAssetsMain_497
0x53D1F6,word_53D1F6
0x53D1F8,aDataAssetsMain_498
0x53D234,aDataAssetsMain_499
0x53D270,aDataAssetsMain_500
0x53D2B1,unk_53D2B1
0x53D2B8,aDataAssetsMain_501
0x53D2F9,unk_53D2F9
0x53D2FC,aDataAssetsMain_502
0x53D333,byte_53D333
0x53D334,aDataAssetsMain_503
0x53D371,unk_53D371
0x53D374,aDataAssetsMain_504
0x53D3B1,unk_53D3B1
0x53D3B8,aDataAssetsMain_505
0x53D3FA,unk_53D3FA
0x53D400,aDataAssetsMain_506
0x53D442,word_53D442
0x53D444,aDataAssetsMain_507
0x53D47B,byte_53D47B
0x53D47C,aDataAssetsMain_508
0x53D4B9,unk_53D4B9
0x53D4BC,aDataAssetsMain_509
0x53D4F9,unk_53D4F9
0x53D500,aDataAssetsMain_510
0x53D542,unk_53D542
0x53D548,aDataAssetsMain_511
0x53D58A,word_53D58A
0x53D58C,aDataAssetsMain_512
0x53D5C1,unk_53D5C1
0x53D5C4,aDataAssetsMain_513
0x53D5FF,byte_53D5FF
0x53D600,aDataAssetsMain_514
0x53D63B,unk_53D63B
0x53D640,aDataAssetsMain_515
0x53D680,aDataAssetsMain_516
0x53D6C0,aDataAssetsMain_517
0x53D6F7,byte_53D6F7
0x53D6F8,aDataAssetsMain_518
0x53D735,unk_53D735
0x53D738,aDataAssetsMain_519
0x53D775,unk_53D775
0x53D778,aDataAssetsMain_520
0x53D7BA,unk_53D7BA
0x53D7C0,aDataAssetsMain_521
0x53D802,word_53D802
0x53D804,aDataAssetsMain_522
0x53D839,unk_53D839
0x53D83C,aDataAssetsMain_523
0x53D877,byte_53D877
0x53D878,aDataAssetsMain_524
0x53D8B3,unk_53D8B3
0x53D8B8,aDataAssetsMain_525
0x53D8F8,aDataAssetsMain_526
0x53D938,aDataAssetsMain_527
0x53D96B,byte_53D96B
0x53D96C,aDataAssetsMain_528
0x53D9A5,unk_53D9A5
0x53D9A8,aDataAssetsMain_529
0x53D9E1,unk_53D9E1
0x53D9E4,aDataAssetsMain_530
0x53DA22,word_53DA22
0x53DA24,aDataAssetsMain_531
0x53DA62,word_53DA62
0x53DA64,aDataAssetsMain_532
0x53DA98,aDataAssetsMain_533
0x53DAD2,word_53DAD2
0x53DAD4,aDataAssetsMain_534
0x53DB0E,word_53DB0E
0x53DB10,aDataAssetsMain_535
0x53DB4F,byte_53DB4F
0x53DB50,aDataAssetsMain_536
0x53DB8F,byte_53DB8F
0x53DB90,aDataAssetsMain_537
0x53DBC5,unk_53DBC5
0x53DBC8,aDataAssetsMain_538
0x53DC03,byte_53DC03
0x53DC04,aDataAssetsMain_539
0x53DC3F,byte_53DC3F
0x53DC40,aDataAssetsMain_540
0x53DC80,aDataAssetsMain_541
0x53DCC0,aDataAssetsMain_542
0x53DCF6,word_53DCF6
0x53DCF8,aDataAssetsMain_543
0x53DD34,aDataAssetsMain_544
0x53DD70,aDataAssetsMain_545
0x53DDB1,unk_53DDB1
0x53DDB8,aDataAssetsMain_546
0x53DDF9,unk_53DDF9
0x53DDFC,aDataAssetsMain_547
0x53DE33,byte_53DE33
0x53DE34,aDataAssetsMain_548
0x53DE71,unk_53DE71
0x53DE74,aDataAssetsMain_549
0x53DEB1,unk_53DEB1
0x53DEB8,aDataAssetsMain_550
0x53DEFA,unk_53DEFA
0x53DF00,aDataAssetsMain_551
0x53DF42,word_53DF42
0x53DF44,aDataAssetsMain_552
0x53DF7B,byte_53DF7B
0x53DF7C,aDataAssetsMain_553
0x53DFB9,unk_53DFB9
0x53DFBC,aDataAssetsMain_554
0x53DFF9,unk_53DFF9
0x53E000,aDataAssetsMain_555
0x53E042,unk_53E042
0x53E048,aDataAssetsMain_556
0x53E08A,word_53E08A
0x53E08C,aDataAssetsMain_557
0x53E0C1,unk_53E0C1
0x53E0C4,aDataAssetsMain_558
0x53E0FF,byte_53E0FF
0x53E100,aDataAssetsMain_559
0x53E13B,unk_53E13B
0x53E140,aDataAssetsMain_560
0x53E180,aDataAssetsMain_561
0x53E1C0,aDataAssetsMain_562
0x53E1F7,byte_53E1F7
0x53E1F8,aDataAssetsMain_563
0x53E235,unk_53E235
0x53E238,aDataAssetsMain_564
0x53E275,unk_53E275
0x53E278,aDataAssetsMain_565
0x53E2BA,unk_53E2BA
0x53E2C0,aDataAssetsMain_566
0x53E302,word_53E302
0x53E304,aDataAssetsMain_567
0x53E33B,byte_53E33B
0x53E33C,aDataAssetsMain_568
0x53E379,unk_53E379
0x53E37C,aDataAssetsMain_569
0x53E3B9,unk_53E3B9
0x53E3C0,aDataAssetsMain_570
0x53E402,unk_53E402
0x53E408,aDataAssetsMain_571
0x53E44A,word_53E44A
0x53E44C,aDataAssetsMain_572
0x53E483,byte_53E483
0x53E484,aDataAssetsMain_573
0x53E4C1,unk_53E4C1
0x53E4C4,aDataAssetsMain_574
0x53E501,unk_53E501
0x53E508,aDataAssetsMain_575
0x53E54A,unk_53E54A
0x53E550,aDataAssetsMain_576
0x53E592,word_53E592
0x53E594,aDataAssetsMain_577
0x53E5CB,byte_53E5CB
0x53E5CC,aDataAssetsMain_578
0x53E609,unk_53E609
0x53E60C,aDataAssetsMain_579
0x53E649,unk_53E649
0x53E650,aDataAssetsMain_580
0x53E692,unk_53E692
0x53E698,aDataAssetsMain_581
0x53E6DA,word_53E6DA
0x53E6DC,aDataAssetsMain_582
0x53E711,unk_53E711
0x53E714,aDataAssetsMain_583
0x53E74F,byte_53E74F
0x53E750,aDataAssetsMain_584
0x53E78B,unk_53E78B
0x53E790,aDataAssetsMain_585
0x53E7D0,aDataAssetsMain_586
0x53E810,aDataAssetsMain_587
0x53E846,word_53E846
0x53E848,aDataAssetsMain_588
0x53E884,aDataAssetsMain_589
0x53E8C0,aDataAssetsMain_590
0x53E901,unk_53E901
0x53E908,aDataAssetsMain_591
0x53E949,unk_53E949
0x53E94C,aDataAssetsMain_592
0x53E982,word_53E982
0x53E984,aDataAssetsMain_593
0x53E9C0,aDataAssetsMain_594
0x53E9FC,dword_53E9FC
0x53EA00,aDataAssetsMain_595
0x53EA41,unk_53EA41
0x53EA48,aDataAssetsMain_596
0x53EA89,unk_53EA89
0x53EA8C,aDataAssetsMain_597
0x53EAC2,word_53EAC2
0x53EAC4,aDataAssetsMain_598
0x53EB00,aDataAssetsMain_599
0x53EB3C,dword_53EB3C
0x53EB40,aDataAssetsMain_600
0x53EB81,unk_53EB81
0x53EB88,aDataAssetsMain_601
0x53EBC9,unk_53EBC9
0x53EBCC,aDataAssetsMain_602
0x53EC01,unk_53EC01
0x53EC04,aDataAssetsMain_603
0x53EC3F,byte_53EC3F
0x53EC40,aDataAssetsMain_604
0x53EC7B,unk_53EC7B
0x53EC80,aDataAssetsMain_605
0x53ECC0,aDataAssetsMain_606
0x53ED00,aDataAssetsMain_607
0x53ED35,unk_53ED35
0x53ED38,aDataAssetsMain_608
0x53ED73,byte_53ED73
0x53ED74,aDataAssetsMain_609
0x53EDAF,byte_53EDAF
0x53EDB0,aDataAssetsMain_610
0x53EDF0,aDataAssetsMain_611
0x53EE30,aDataAssetsMain_612
0x53EE65,unk_53EE65
0x53EE68,aDataAssetsMain_613
0x53EEA3,byte_53EEA3
0x53EEA4,aDataAssetsMain_614
0x53EEDF,byte_53EEDF
0x53EEE0,aDataAssetsMain_615
0x53EF20,aDataAssetsMain_616
0x53EF60,aDataAssetsMain_617
0x53EF96,word_53EF96
0x53EF98,aDataAssetsMain_618
0x53EFD4,aDataAssetsMain_619
0x53F010,aDataAssetsMain_620
0x53F051,unk_53F051
0x53F058,aDataAssetsMain_621
0x53F099,unk_53F099
0x53F09C,aDataAssetsMain_622
0x53F0D3,byte_53F0D3
0x53F0D4,aDataAssetsMain_623
0x53F111,unk_53F111
0x53F114,aDataAssetsMain_624
0x53F151,unk_53F151
0x53F158,aDataAssetsMain_625
0x53F19A,unk_53F19A
0x53F1A0,aDataAssetsMain_626
0x53F1E2,word_53F1E2
0x53F1E4,aDataAssetsMain_627
0x53F21B,byte_53F21B
0x53F21C,aDataAssetsMain_628
0x53F259,unk_53F259
0x53F25C,aDataAssetsMain_629
0x53F299,unk_53F299
0x53F2A0,aDataAssetsMain_630
0x53F2E2,unk_53F2E2
0x53F2E8,aDataAssetsMain_631
0x53F32A,word_53F32A
0x53F32C,aDataAssetsMain_632
0x53F362,word_53F362
0x53F364,aDataAssetsMain_633
0x53F3A0,aDataAssetsMain_634
0x53F3DC,dword_53F3DC
0x53F3E0,aDataAssetsMain_635
0x53F421,unk_53F421
0x53F428,aDataAssetsMain_636
0x53F469,unk_53F469
0x53F46C,aDataAssetsMain_637
0x53F4A1,unk_53F4A1
0x53F4A4,aDataAssetsMain_638
0x53F4DF,byte_53F4DF
0x53F4E0,aDataAssetsMain_639
0x53F51B,unk_53F51B
0x53F520,aDataAssetsMain_640
0x53F560,aDataAssetsMain_641
0x53F5A0,aDataAssetsMain_642
0x53F5D5,unk_53F5D5
0x53F5D8,aDataAssetsMain_643
0x53F613,byte_53F613
0x53F614,aDataAssetsMain_644
0x53F64F,byte_53F64F
0x53F650,aDataAssetsMain_645
0x53F690,aDataAssetsMain_646
0x53F6D0,aDataAssetsMain_647
0x53F707,byte_53F707
0x53F708,aDataAssetsMain_648
0x53F745,unk_53F745
0x53F748,aDataAssetsMain_649
0x53F785,unk_53F785
0x53F788,aDataAssetsMain_650
0x53F7CA,unk_53F7CA
0x53F7D0,aDataAssetsMain_651
0x53F812,word_53F812
0x53F814,aDataAssetsMain_652
0x53F849,unk_53F849
0x53F84C,aDataAssetsMain_653
0x53F887,byte_53F887
0x53F888,aDataAssetsMain_654
0x53F8C3,unk_53F8C3
0x53F8C8,aDataAssetsMain_655
0x53F908,aDataAssetsMain_656
0x53F948,aDataAssetsValk_93
0x53F989,unk_53F989
0x53F990,aDataAssetsValk_94
0x53F9E1,unk_53F9E1
0x53F9E8,aDataAssetsValk_95
0x53FA34,dword_53FA34
0x53FA38,aDataAssetsValk_96
0x53FA79,unk_53FA79
0x53FA80,aDataAssetsValk_97
0x53FAD1,unk_53FAD1
0x53FAD8,aDataAssetsValk_98
0x53FB24,aDataAssetsValk_99
0x53FB5E,word_53FB5E
0x53FB60,aDataAssetsValk_100
0x53FBA0,aDataAssetsValk_101
0x53FBE0,aDataAssetsValk_102
0x53FC25,unk_53FC25
0x53FC28,aDataAssetsValk_103
0x53FC6D,unk_53FC6D
0x53FC70,aDataAssetsValk_104
0x53FCB1,unk_53FCB1
0x53FCB8,aDataAssetsValk_105
0x53FD04,dword_53FD04
0x53FD08,aDataAssetsValk_106
0x53FD54,aDataAssetsValk_107
0x53FD8E,word_53FD8E
0x53FD90,aDataAssetsValk_108
0x53FDD0,aDataAssetsValk_109
0x53FE10,aDataAssetsValk_110
0x53FE55,unk_53FE55
0x53FE58,aDataAssetsValk_111
0x53FE9D,unk_53FE9D
0x53FEA0,aDataAssetsMain_657
0x53FED4,aDataAssetsMain_658
0x53FF0E,word_53FF0E
0x53FF10,aDataAssetsMain_659
0x53FF4A,word_53FF4A
0x53FF4C,aDataAssetsMain_660
0x53FF8B,byte_53FF8B
0x53FF8C,aDataAssetsMain_661
0x53FFC0,aDataAssetsMain_662
0x53FFFA,word_53FFFA
0x53FFFC,aDataAssetsMain_663
0x540036,word_540036
0x540038,aDataAssetsMain_664
0x540077,byte_540077
0x540078,aDataMeshesColB
0x540090,aDataMeshesColS
0x5400AB,byte_5400AB
0x5400AC,aDataAssetsMain_665
0x5400E4,dword_5400E4
0x5400E8,aDataAssetsMain_666
0x540129,unk_540129
0x540130,aDataAssetsMain_667
0x540173,unk_540173
0x540178,aDataAssetsMain_668
0x5401BF,byte_5401BF
0x5401C0,aDataAssetsMain_669
0x5401F9,unk_5401F9
0x5401FC,aDataAssetsMain_670
0x540235,unk_540235
0x540238,aDataAssetsMain_671
0x54026E,word_54026E
0x540270,aDataAssetsMain_672
0x5402A9,unk_5402A9
0x5402AC,aDataAssetsValk_112
0x5402E3,byte_5402E3
0x5402E4,aDataAssetsValk_113
0x540321,unk_540321
0x540324,aDataAssetsValk_114
0x540361,unk_540361
0x540364,aDataAssetsValk_115
0x5403A1,unk_5403A1
0x5403A8,aDataAssetsValk_116
0x5403EE,word_5403EE
0x5403F0,aDataAssetsValk_117
0x54043C,aDataAssetsMain_673
0x54046C,aDataAssetsMain_674
0x5404A2,word_5404A2
0x5404A4,aDataAssetsMain_675
0x5404DA,word_5404DA
0x5404DC,aDataAssetsMain_676
0x540512,word_540512
0x540514,aDataAssetsMain_677
0x540553,unk_540553
0x540558,aDataAssetsMain_678
0x54059A,unk_54059A
0x5405A0,aDataAssetsValk_118
0x5405E9,unk_5405E9
0x5405F0,aDataAssetsValk_119
0x540642,unk_540642
0x540648,aDataAssetsValk_120
0x540695,unk_540695
0x540698,aDataAssetsValk_121
0x5406DB,unk_5406DB
0x5406E0,aDataAssetsValk_122
0x54072C,dword_54072C
0x540730,aDataAssetsValk_123
0x540777,byte_540777
0x540778,aDataAssetsValk_124
0x5407CD,unk_5407CD
0x5407D0,aDataAssetsValk_125
0x540819,unk_540819
0x540820,aDataAssetsValk_126
0x540872,unk_540872
0x540878,aDataAssetsValk_127
0x5408CA,unk_5408CA
0x5408D0,aDataAssetsValk_128
0x540926,word_540926
0x540928,aDataAssetsValk_129
0x54097E,word_54097E
0x540980,aDataAssetsValk_130
0x5409DC,dword_5409DC
0x5409E0,aDataAssetsValk_131
0x540A3F,byte_540A3F
0x540A40,aDataAssetsValk_132
0x540A8B,unk_540A8B
0x540A90,aDataAssetsValk_133
0x540AE4,dword_540AE4
0x540AE8,aDataAssetsValk_134
0x540B37,byte_540B37
0x540B38,aDataAssetsValk_135
0x540B95,unk_540B95
0x540B98,aDataAssetsValk_136
0x540BC7,byte_540BC7
0x540BC8,aDataAssetsMain_679
0x540C0B,byte_540C0B
0x540C0C,aDataAssetsMain_680
0x540C47,byte_540C47
0x540C48,aDataAssetsMain_681
0x540C8C,dword_540C8C
0x540C90,aDataAssetsMain_682
0x540CD3,unk_540CD3
0x540CD8,aDataAssetsMain_683
0x540D24,dword_540D24
0x540D28,aDataAssetsMain_684
0x540D6F,byte_540D6F
0x540D70,aDataAssetsMain_685
0x540DB9,unk_540DB9
0x540DBC,aDataMeshesTest
0x540DDD,unk_540DDD
0x540DE0,aDataAssetsMain_686
0x540E1D,unk_540E1D
0x540E20,aDataAssetsMain_687
0x540E5D,unk_540E5D
0x540E60,aDataAssetsMain_688
0x540E9D,unk_540E9D
0x540EA0,aDataAssetsMain_689
0x540EDD,unk_540EDD
0x540EE0,aDataAssetsMain_690
0x540F1D,unk_540F1D
0x540F20,aDataAssetsMain_691
0x540F5B,byte_540F5B
0x540F5C,aDataAssetsMain_692
0x540F97,byte_540F97
0x540F98,aDataAssetsMain_693
0x540FD3,byte_540FD3
0x540FD4,aDataAssetsMain_694
0x54100F,byte_54100F
0x541010,aDataAssetsMain_695
0x54104B,byte_54104B
0x54104C,aDataAssetsMain_696
0x541087,byte_541087
0x541088,aDataAssetsMain_697
0x5410C5,unk_5410C5
0x5410C8,aDataAssetsMain_698
0x541105,unk_541105
0x541108,aDataAssetsMain_699
0x541145,unk_541145
0x541148,aDataAssetsMain_700
0x541185,unk_541185
0x541188,aDataAssetsMain_701
0x5411C5,unk_5411C5
0x5411C8,aDataAssetsMain_702
0x541205,unk_541205
0x541208,aDataAssetsMain_703
0x541245,unk_541245
0x541248,aDataAssetsMain_704
0x541285,unk_541285
0x541288,aDataAssetsMain_705
0x5412C5,unk_5412C5
0x5412C8,aDataAssetsMain_706
0x541303,byte_541303
0x541304,aDataAssetsMain_707
0x54133F,byte_54133F
0x541340,aDataAssetsMain_708
0x54137B,byte_54137B
0x54137C,aDataAssetsMain_709
0x5413B7,byte_5413B7
0x5413B8,aDataAssetsMain_710
0x5413F3,byte_5413F3
0x5413F4,aDataAssetsMain_711
0x54142F,byte_54142F
0x541430,aDataAssetsMain_712
0x54146B,byte_54146B
0x54146C,aDataAssetsMain_713
0x5414A7,byte_5414A7
0x5414A8,aDataAssetsMain_714
0x5414E3,byte_5414E3
0x5414E4,aDataAssetsMain_715
0x54151F,byte_54151F
0x541520,aDataAssetsMain_716
0x54155D,unk_54155D
0x541560,aDataAssetsMain_717
0x54159D,unk_54159D
0x5415A0,aDataAssetsMain_718
0x5415DD,unk_5415DD
0x5415E0,aDataAssetsMain_719
0x54161D,unk_54161D
0x541620,aDataAssetsMain_720
0x54165D,unk_54165D
0x541660,aDataAssetsMain_721
0x54169B,byte_54169B
0x54169C,aDataAssetsMain_722
0x5416D7,byte_5416D7
0x5416D8,aDataAssetsMain_723
0x541713,byte_541713
0x541714,aDataAssetsMain_724
0x54174F,byte_54174F
0x541750,aDataAssetsMain_725
0x54178B,byte_54178B
0x54178C,aDataAssetsMain_726
0x5417C7,byte_5417C7
0x5417C8,aDataAssetsMain_727
0x541803,byte_541803
0x541804,aDataAssetsMain_728
0x54183F,byte_54183F
0x541840,aDataAssetsMain_729
0x54187B,byte_54187B
0x54187C,aDataAssetsMain_730
0x5418B7,byte_5418B7
0x5418B8,aDataAssetsMain_731
0x5418F3,byte_5418F3
0x5418F4,aDataAssetsMain_732
0x54192F,byte_54192F
0x541930,aDataAssetsMain_733
0x54196B,byte_54196B
0x54196C,aDataAssetsMain_734
0x5419A9,unk_5419A9
0x5419AC,aDataAssetsMain_735
0x5419E9,unk_5419E9
0x5419EC,aDataAssetsMain_736
0x541A29,unk_541A29
0x541A2C,aDataAssetsMain_737
0x541A69,unk_541A69
0x541A6C,aDataAssetsMain_738
0x541AA9,unk_541AA9
0x541AAC,aDataAssetsMain_739
0x541AE7,byte_541AE7
0x541AE8,aDataAssetsMain_740
0x541B23,byte_541B23
0x541B24,aDataAssetsMain_741
0x541B5F,byte_541B5F
0x541B60,aDataAssetsMain_742
0x541B9B,byte_541B9B
0x541B9C,aDataAssetsMain_743
0x541BD7,byte_541BD7
0x541BD8,aDataAssetsMain_744
0x541C15,unk_541C15
0x541C18,aDataAssetsMain_745
0x541C55,unk_541C55
0x541C58,aDataAssetsMain_746
0x541C95,unk_541C95
0x541C98,aDataAssetsMain_747
0x541CD5,unk_541CD5
0x541CD8,aDataAssetsMain_748
0x541D15,unk_541D15
0x541D18,aDataAssetsMain_749
0x541D53,byte_541D53
0x541D54,aDataAssetsMain_750
0x541D8F,byte_541D8F
0x541D90,aDataAssetsMain_751
0x541DCB,byte_541DCB
0x541DCC,aDataAssetsMain_752
0x541E07,byte_541E07
0x541E08,aDataAssetsMain_753
0x541E43,byte_541E43
0x541E44,aDataAssetsMain_754
0x541E7F,byte_541E7F
0x541E80,aDataAssetsMain_755
0x541EBB,byte_541EBB
0x541EBC,aDataAssetsMain_756
0x541EF7,byte_541EF7
0x541EF8,aDataAssetsMain_757
0x541F33,byte_541F33
0x541F34,aDataAssetsMain_758
0x541F6F,byte_541F6F
0x541F70,aDataAssetsValk_137
0x541FAF,byte_541FAF
0x541FB0,aDataAssetsValk_138
0x541FEF,byte_541FEF
0x541FF0,aDataAssetsValk_139
0x54202F,byte_54202F
0x542030,aDataAssetsMain_759
0x542076,word_542076
0x542078,aDataAssetsMain_760
0x5420BE,word_5420BE
0x5420C0,aDataAssetsMain_761
0x542106,word_542106
0x542108,aDataAssetsMain_762
0x54214E,word_54214E
0x542150,aDataAssetsMain_763
0x542196,word_542196
0x542198,aDataAssetsMain_764
0x5421DC,dword_5421DC
0x5421E0,aDataAssetsMain_765
0x542224,dword_542224
0x542228,aDataAssetsMain_766
0x54226C,dword_54226C
0x542270,aDataAssetsMain_767
0x5422B4,dword_5422B4
0x5422B8,aDataAssetsMain_768
0x5422FC,dword_5422FC
0x542300,aDataAssetsMain_769
0x542344,dword_542344
0x542348,aDataAssetsMain_770
0x54238E,word_54238E
0x542390,aDataAssetsMain_771
0x5423D6,word_5423D6
0x5423D8,aDataAssetsMain_772
0x54241E,word_54241E
0x542420,aDataAssetsMain_773
0x542466,word_542466
0x542468,aDataAssetsMain_774
0x5424AE,word_5424AE
0x5424B0,aDataAssetsMain_775
0x5424F6,word_5424F6
0x5424F8,aDataAssetsMain_776
0x54253E,word_54253E
0x542540,aDataAssetsMain_777
0x542586,word_542586
0x542588,aDataAssetsMain_778
0x5425CE,word_5425CE
0x5425D0,aDataAssetsMain_779
0x542614,dword_542614
0x542618,aDataAssetsMain_780
0x54265C,dword_54265C
0x542660,aDataAssetsMain_781
0x5426A4,dword_5426A4
0x5426A8,aDataAssetsMain_782
0x5426EC,dword_5426EC
0x5426F0,aDataAssetsMain_783
0x542734,dword_542734
0x542738,aDataAssetsMain_784
0x54277C,dword_54277C
0x542780,aDataAssetsMain_785
0x5427C4,dword_5427C4
0x5427C8,aDataAssetsMain_786
0x54280C,dword_54280C
0x542810,aDataAssetsMain_787
0x542854,dword_542854
0x542858,aDataAssetsMain_788
0x54289C,dword_54289C
0x5428A0,aDataAssetsMain_789
0x5428E6,word_5428E6
0x5428E8,aDataAssetsMain_790
0x54292E,word_54292E
0x542930,aDataAssetsMain_791
0x542976,word_542976
0x542978,aDataAssetsMain_792
0x5429BE,word_5429BE
0x5429C0,aDataAssetsMain_793
0x542A06,word_542A06
0x542A08,aDataAssetsMain_794
0x542A4C,dword_542A4C
0x542A50,aDataAssetsMain_795
0x542A94,dword_542A94
0x542A98,aDataAssetsMain_796
0x542ADC,dword_542ADC
0x542AE0,aDataAssetsMain_797
0x542B24,dword_542B24
0x542B28,aDataAssetsMain_798
0x542B6C,dword_542B6C
0x542B70,aDataAssetsMain_799
0x542BB4,dword_542BB4
0x542BB8,aDataAssetsMain_800
0x542BFC,dword_542BFC
0x542C00,aDataAssetsMain_801
0x542C44,dword_542C44
0x542C48,aDataAssetsMain_802
0x542C8C,dword_542C8C
0x542C90,aDataAssetsMain_803
0x542CD4,dword_542CD4
0x542CD8,aDataAssetsMain_804
0x542D1C,dword_542D1C
0x542D20,aDataAssetsMain_805
0x542D64,dword_542D64
0x542D68,aDataAssetsMain_806
0x542DAC,dword_542DAC
0x542DB0,aDataAssetsMain_807
0x542DF6,word_542DF6
0x542DF8,aDataAssetsMain_808
0x542E3E,word_542E3E
0x542E40,aDataAssetsMain_809
0x542E86,word_542E86
0x542E88,aDataAssetsMain_810
0x542ECE,word_542ECE
0x542ED0,aDataAssetsMain_811
0x542F16,word_542F16
0x542F18,aDataAssetsMain_812
0x542F5C,dword_542F5C
0x542F60,aDataAssetsMain_813
0x542FA4,dword_542FA4
0x542FA8,aDataAssetsMain_814
0x542FEC,dword_542FEC
0x542FF0,aDataAssetsMain_815
0x543034,dword_543034
0x543038,aDataAssetsMain_816
0x54307C,dword_54307C
0x543080,aDataAssetsMain_817
0x5430C6,word_5430C6
0x5430C8,aDataAssetsMain_818
0x54310E,word_54310E
0x543110,aDataAssetsMain_819
0x543156,word_543156
0x543158,aDataAssetsMain_820
0x54319E,word_54319E
0x5431A0,aDataAssetsMain_821
0x5431E6,word_5431E6
0x5431E8,aDataAssetsMain_822
0x54322C,dword_54322C
0x543230,aDataAssetsMain_823
0x543274,dword_543274
0x543278,aDataAssetsMain_824
0x5432BC,dword_5432BC
0x5432C0,aDataAssetsMain_825
0x543304,dword_543304
0x543308,aDataAssetsMain_826
0x54334C,dword_54334C
0x543350,aDataAssetsMain_827
0x543394,dword_543394
0x543398,aDataAssetsMain_828
0x5433DC,dword_5433DC
0x5433E0,aDataAssetsMain_829
0x543424,dword_543424
0x543428,aDataAssetsMain_830
0x54346C,dword_54346C
0x543470,aDataAssetsMain_831
0x5434B4,dword_5434B4
0x5434B8,aDataAssetsValk_140
0x543500,aDataAssetsValk_141
0x543548,aDataAssetsValk_142
0x543590,aDataAssetsMain_832
0x5435D8,aDataAssetsMain_833
0x543620,aDataAssetsMain_834
0x543668,aDataAssetsMain_835
0x5436B0,aDataAssetsMain_836
0x5436F8,aDataAssetsMain_837
0x54373E,word_54373E
0x543740,aDataAssetsMain_838
0x543786,word_543786
0x543788,aDataAssetsMain_839
0x5437CE,word_5437CE
0x5437D0,aDataAssetsMain_840
0x543816,word_543816
0x543818,aDataAssetsMain_841
0x54385E,word_54385E
0x543860,aDataAssetsMain_842
0x5438A6,word_5438A6
0x5438A8,aDataAssetsMain_843
0x5438F0,aDataAssetsMain_844
0x543938,aDataAssetsMain_845
0x543980,aDataAssetsMain_846
0x5439C8,aDataAssetsMain_847
0x543A10,aDataAssetsMain_848
0x543A58,aDataAssetsMain_849
0x543AA0,aDataAssetsMain_850
0x543AE8,aDataAssetsMain_851
0x543B30,aDataAssetsMain_852
0x543B76,word_543B76
0x543B78,aDataAssetsMain_853
0x543BBE,word_543BBE
0x543BC0,aDataAssetsMain_854
0x543C06,word_543C06
0x543C08,aDataAssetsMain_855
0x543C4E,word_543C4E
0x543C50,aDataAssetsMain_856
0x543C96,word_543C96
0x543C98,aDataAssetsMain_857
0x543CDE,word_543CDE
0x543CE0,aDataAssetsMain_858
0x543D26,word_543D26
0x543D28,aDataAssetsMain_859
0x543D6E,word_543D6E
0x543D70,aDataAssetsMain_860
0x543DB6,word_543DB6
0x543DB8,aDataAssetsMain_861
0x543DFE,word_543DFE
0x543E00,aDataAssetsMain_862
0x543E48,aDataAssetsMain_863
0x543E90,aDataAssetsMain_864
0x543ED8,aDataAssetsMain_865
0x543F20,aDataAssetsMain_866
0x543F68,aDataAssetsMain_867
0x543FAE,word_543FAE
0x543FB0,aDataAssetsMain_868
0x543FF6,word_543FF6
0x543FF8,aDataAssetsMain_869
0x54403E,word_54403E
0x544040,aDataAssetsMain_870
0x544086,word_544086
0x544088,aDataAssetsMain_871
0x5440CE,word_5440CE
0x5440D0,aDataAssetsMain_872
0x544116,word_544116
0x544118,aDataAssetsMain_873
0x54415E,word_54415E
0x544160,aDataAssetsMain_874
0x5441A6,word_5441A6
0x5441A8,aDataAssetsMain_875
0x5441EE,word_5441EE
0x5441F0,aDataAssetsMain_876
0x544236,word_544236
0x544238,aDataAssetsMain_877
0x54427E,word_54427E
0x544280,aDataAssetsMain_878
0x5442C6,word_5442C6
0x5442C8,aDataAssetsMain_879
0x54430E,word_54430E
0x544310,aDataAssetsMain_880
0x544358,aDataAssetsMain_881
0x5443A0,aDataAssetsMain_882
0x5443E8,aDataAssetsMain_883
0x544430,aDataAssetsMain_884
0x544478,aDataAssetsMain_885
0x5444BE,word_5444BE
0x5444C0,aDataAssetsMain_886
0x544506,word_544506
0x544508,aDataAssetsMain_887
0x54454E,word_54454E
0x544550,aDataAssetsMain_888
0x544596,word_544596
0x544598,aDataAssetsMain_889
0x5445DE,word_5445DE
0x5445E0,aDataAssetsMain_890
0x544628,aDataAssetsMain_891
0x544670,aDataAssetsMain_892
0x5446B8,aDataAssetsMain_893
0x544700,aDataAssetsMain_894
0x544748,aDataAssetsMain_895
0x54478E,word_54478E
0x544790,aDataAssetsMain_896
0x5447D6,word_5447D6
0x5447D8,aDataAssetsMain_897
0x54481E,word_54481E
0x544820,aDataAssetsMain_898
0x544866,word_544866
0x544868,aDataAssetsMain_899
0x5448AE,word_5448AE
0x5448B0,aDataAssetsMain_900
0x5448F6,word_5448F6
0x5448F8,aDataAssetsMain_901
0x54493E,word_54493E
0x544940,aDataAssetsMain_902
0x544986,word_544986
0x544988,aDataAssetsMain_903
0x5449CE,word_5449CE
0x5449D0,aDataAssetsMain_904
0x544A16,word_544A16
0x544A18,aDataAssetsValk_143
0x544A62,unk_544A62
0x544A68,aDataAssetsValk_144
0x544AB2,unk_544AB2
0x544AB8,aDataAssetsValk_145
0x544B02,word_544B02
0x544B04,aDataAssetsMain_905
0x544B3A,word_544B3A
0x544B3C,aDataAssetsMain_906
0x544B7B,unk_544B7B
0x544B80,aDataAssetsMain_907
0x544BC1,unk_544BC1
0x544BC4,aDataAssetsMain_908
0x544BF9,unk_544BF9
0x544BFC,aDataAssetsMain_909
0x544C3A,word_544C3A
0x544C3C,aDataAssetsMain_910
0x544C75,unk_544C75
0x544C78,aDataAssetsMain_911
0x544CB5,unk_544CB5
0x544CB8,aDataAssetsMain_912
0x544CFC,dword_544CFC
0x544D00,aDataAssetsMain_913
0x544D46,word_544D46
0x544D48,aDataTexturesGo
0x544D6C,aDataTexturesGo_0
0x544D91,unk_544D91
0x544D94,aDataTexturesGo_1
0x544DB9,unk_544DB9
0x544DBC,aDataTexturesGo_2
0x544DE0,aDataTexturesGo_3
0x544E04,aDataTexturesGo_4
0x544E30,aDataTexturesGo_5
0x544E5B,byte_544E5B
0x544E5C,aDataTexturesGo_6
0x544E7E,word_544E7E
0x544E80,aDataTexturesGo_7
0x544EA7,byte_544EA7
0x544EA8,aDataTexturesGo_8
0x544ED0,aDataTexturesGo_9
0x544EF8,aDataTexturesGo_10
0x544F1F,byte_544F1F
0x544F20,aDataTexturesGo_11
0x544F47,byte_544F47
0x544F48,aDataTexturesGo_12
0x544F77,byte_544F77
0x544F78,aDataTexturesGo_13
0x544FA1,unk_544FA1
0x544FA4,aDataTexturesGo_14
0x544FC9,unk_544FC9
0x544FCC,aDataTexturesGo_15
0x544FF1,unk_544FF1
0x544FF4,aDataTexturesGo_16
0x54501B,byte_54501B
0x54501C,aDataTexturesGo_17
0x545049,unk_545049
0x54504C,aDataTexturesGo_18
0x54506B,byte_54506B
0x54506C,aDataTexturesGo_19
0x54508C,aDataTexturesGo_20
0x5450AC,aDataTexturesGo_21
0x5450CB,byte_5450CB
0x5450CC,aDataTexturesGo_22
0x5450EB,byte_5450EB
0x5450EC,aDataTexturesGo_23
0x545113,byte_545113
0x545114,aDataTexturesGo_24
0x545135,unk_545135
0x545138,aDataTexturesGo_25
0x54515C,aDataTexturesGo_26
0x545183,byte_545183
0x545184,aDataTexturesGo_27
0x5451A1,unk_5451A1
0x5451A4,aDataTexturesGo_28
0x5451C1,unk_5451C1
0x5451C4,aDataTexturesGo_29
0x5451E3,byte_5451E3
0x5451E4,aDataTexturesGo_30
0x545211,unk_545211
0x545214,aDataTexturesGo_31
0x54523C,aDataTexturesGo_32
0x545266,word_545266
0x545268,aDataTexturesGo_33
0x545298,aDataTexturesGo_34
0x5452C4,aDataTexturesGo_35
0x5452EB,byte_5452EB
0x5452EC,aDataTexturesGo_36
0x545315,unk_545315
0x545318,aDataTexturesGo_37
0x545347,byte_545347
0x545348,aDataTexturesGo_38
0x54536F,byte_54536F
0x545370,aDataTexturesGo_39
0x545392,word_545392
0x545394,aDataTexturesGo_40
0x5453B8,aDataTexturesGo_41
0x5453E2,unk_5453E2
0x5453E8,aDataAssetsMain_914
0x54542B,unk_54542B
0x545430,aDataAssetsMain_915
0x545473,unk_545473
0x545478,aDataAssetsMain_916
0x5454BB,unk_5454BB
0x5454C0,aDataAssetsMain_917
0x545503,unk_545503
0x545508,aDataAssetsMain_918
0x54554B,unk_54554B
0x545550,aDataAssetsMain_919
0x545593,unk_545593
0x545598,aDataAssetsMain_920
0x5455DB,unk_5455DB
0x5455E0,aDataAssetsMain_921
0x545623,unk_545623
0x545628,aDataAssetsMain_922
0x54566B,unk_54566B
0x545670,aDataAssetsMain_923
0x5456B3,unk_5456B3
0x5456B8,aDataAssetsMain_924
0x5456FB,unk_5456FB
0x545700,aDataAssetsMain_925
0x545743,unk_545743
0x545748,aDataAssetsMain_926
0x54578B,unk_54578B
0x545790,aDataAssetsMain_927
0x5457D3,unk_5457D3
0x5457D8,aDataAssetsMain_928
0x54581B,unk_54581B
0x545820,aDataAssetsMain_929
0x545863,unk_545863
0x545868,aDataAssetsMain_930
0x5458AB,unk_5458AB
0x5458B0,aDataAssetsMain_931
0x5458F3,unk_5458F3
0x5458F8,aDataAssetsMain_932
0x54593B,unk_54593B
0x545940,aDataAssetsMain_933
0x545983,unk_545983
0x545988,aDataAssetsValk_146
0x5459D1,unk_5459D1
0x5459D8,aDataAssetsValk_147
0x545A21,unk_545A21
0x545A28,aDataAssetsValk_148
0x545A71,unk_545A71
0x545A78,aDataAssetsMain_934
0x545AC1,unk_545AC1
0x545AC8,aDataAssetsMain_935
0x545B0F,byte_545B0F
0x545B10,aDataAssetsMain_936
0x545B58,aDataAssetsMain_937
0x545BA1,unk_545BA1
0x545BA8,aDataAssetsMain_938
0x545BF1,unk_545BF1
0x545BF8,aDataAssetsMain_939
0x545C3F,byte_545C3F
0x545C40,aDataAssetsMain_940
0x545C89,unk_545C89
0x545C90,aDataAssetsMain_941
0x545CD7,byte_545CD7
0x545CD8,aDataAssetsMain_942
0x545D1D,unk_545D1D
0x545D20,aDataAssetsMain_943
0x545D66,word_545D66
0x545D68,aDataAssetsMain_944
0x545DAF,byte_545DAF
0x545DB0,aDataAssetsMain_945
0x545DF8,aDataAssetsMain_946
0x545E41,unk_545E41
0x545E48,aDataAssetsMain_947
0x545E91,unk_545E91
0x545E98,aDataAssetsMain_948
0x545EDF,byte_545EDF
0x545EE0,aDataAssetsMain_949
0x545F29,unk_545F29
0x545F30,aDataAssetsMain_950
0x545F79,unk_545F79
0x545F80,aDataAssetsMain_951
0x545FC9,unk_545FC9
0x545FD0,aDataAssetsMain_952
0x546019,unk_546019
0x546020,aDataAssetsMain_953
0x546067,byte_546067
0x546068,aDataAssetsMain_954
0x5460B0,aDataAssetsMain_955
0x5460F8,aDataAssetsMain_956
0x546140,aDataAssetsMain_957
0x546187,byte_546187
0x546188,aDataAssetsMain_958
0x5461CF,byte_5461CF
0x5461D0,aDataAssetsMain_959
0x546217,byte_546217
0x546218,aDataAssetsMain_960
0x546260,aDataAssetsMain_961
0x5462A9,unk_5462A9
0x5462B0,aDataAssetsMain_962
0x5462F9,unk_5462F9
0x546300,aDataAssetsMain_963
0x546348,aDataAssetsMain_964
0x54638F,byte_54638F
0x546390,aDataAssetsMain_965
0x5463D7,byte_5463D7
0x5463D8,aDataAssetsMain_966
0x546421,unk_546421
0x546428,aDataAssetsMain_967
0x54646F,byte_54646F
0x546470,aDataAssetsMain_968
0x5464C1,unk_5464C1
0x5464C8,aDataAssetsMain_969
0x546517,byte_546517
0x546518,aDataAssetsMain_970
0x546568,aDataAssetsMain_971
0x5465B9,unk_5465B9
0x5465C0,aDataAssetsMain_972
0x546611,unk_546611
0x546618,aDataAssetsMain_973
0x546667,byte_546667
0x546668,aDataAssetsMain_974
0x5466B9,unk_5466B9
0x5466C0,aDataAssetsMain_975
0x54670F,byte_54670F
0x546710,aDataAssetsMain_976
0x54675D,unk_54675D
0x546760,aDataAssetsMain_977
0x5467AE,word_5467AE
0x5467B0,aDataAssetsMain_978
0x5467FF,byte_5467FF
0x546800,aDataAssetsMain_979
0x546850,aDataAssetsMain_980
0x5468A1,unk_5468A1
0x5468A8,aDataAssetsMain_981
0x5468F9,unk_5468F9
0x546900,aDataAssetsMain_982
0x54694F,byte_54694F
0x546950,aDataAssetsMain_983
0x5469A1,unk_5469A1
0x5469A8,aDataAssetsMain_984
0x5469F9,unk_5469F9
0x546A00,aDataAssetsMain_985
0x546A51,unk_546A51
0x546A58,aDataAssetsMain_986
0x546AA9,unk_546AA9
0x546AB0,aDataAssetsMain_987
0x546AFF,byte_546AFF
0x546B00,aDataAssetsMain_988
0x546B50,aDataAssetsMain_989
0x546BA0,aDataAssetsMain_990
0x546BF0,aDataAssetsMain_991
0x546C3F,byte_546C3F
0x546C40,aDataAssetsMain_992
0x546C8F,byte_546C8F
0x546C90,aDataAssetsMain_993
0x546CDF,byte_546CDF
0x546CE0,aDataAssetsMain_994
0x546D30,aDataAssetsMain_995
0x546D81,unk_546D81
0x546D88,aDataAssetsMain_996
0x546DD9,unk_546DD9
0x546DE0,aDataAssetsMain_997
0x546E30,aDataAssetsMain_998
0x546E7F,byte_546E7F
0x546E80,aDataAssetsMain_999
0x546ECF,byte_546ECF
0x546ED0,aDataAssetsMain_1000
0x546F21,unk_546F21
0x546F28,aDataAssetsMain_1001
0x546F77,byte_546F77
0x546F78,aDataAssetsMain_1002
0x546FC2,unk_546FC2
0x546FC8,aDataAssetsMain_1003
0x54701A,unk_54701A
0x547020,aDataAssetsMain_1004
0x54706B,unk_54706B
0x547070,aDataAssetsMain_1005
0x5470C3,unk_5470C3
0x5470C8,aDataAssetsMain_1006
0x547114,dword_547114
0x547118,aDataAssetsMain_1007
0x54716C,dword_54716C
0x547170,aDataAssetsMain_1008
0x5471BC,dword_5471BC
0x5471C0,aDataAssetsMain_1009
0x547214,dword_547214
0x547218,aDataAssetsMain_1010
0x547261,unk_547261
0x547268,aDataAssetsMain_1011
0x5472B9,unk_5472B9
0x5472C0,aDataAssetsMain_1012
0x547308,aDataAssetsMain_1013
0x547358,aDataAssetsMain_1014
0x547390,aDataAssetsValk_149
0x5473CE,word_5473CE
0x5473D0,aDataAssetsMain_1015
0x547409,unk_547409
0x54740C,aDataAssetsValk_150
0x54744B,unk_54744B
0x547450,aDataAssetsMain_1016
0x547490,aDataAssetsMain_1017
0x5474D0,aDataAssetsMain_1018
0x547510,aDataAssetsMain_1019
0x547550,aDataAssetsMain_1020
0x547590,aDataAssetsMain_1021
0x5475D0,aDataAssetsMain_1022
0x547610,aDataAssetsMain_1023
0x547650,aDataAssetsMain_1024
0x547690,aDataAssetsMain_1025
0x5476D0,aDataAssetsMain_1026
0x547710,aDataAssetsMain_1027
0x547750,aDataAssetsMain_1028
0x547790,aDataAssetsMain_1029
0x5477D0,aDataAssetsMain_1030
0x547810,aDataAssetsMain_1031
0x547850,aDataAssetsMain_1032
0x547890,aDataAssetsMain_1033
0x5478D0,aDataAssetsMain_1034
0x547910,aDataAssetsMain_1035
0x547950,aDataAssetsValk_151
0x547996,word_547996
0x547998,aDataAssetsValk_152
0x5479DE,word_5479DE
0x5479E0,aDataAssetsValk_153
0x547A26,word_547A26
0x547A28,aDataAssetsMain_1036
0x547A69,unk_547A69
0x547A6C,aDataAssetsMain_1037
0x547AA9,unk_547AA9
0x547AAC,aDataAssetsMain_1038
0x547AE9,unk_547AE9
0x547AEC,aDataAssetsMain_1039
0x547B29,unk_547B29
0x547B2C,aDataAssetsMain_1040
0x547B69,unk_547B69
0x547B6C,aDataAssetsMain_1041
0x547BA9,unk_547BA9
0x547BAC,aDataAssetsMain_1042
0x547BE9,unk_547BE9
0x547BEC,aDataAssetsMain_1043
0x547C29,unk_547C29
0x547C2C,aDataAssetsMain_1044
0x547C69,unk_547C69
0x547C6C,aDataAssetsMain_1045
0x547CA9,unk_547CA9
0x547CAC,aDataAssetsMain_1046
0x547CE9,unk_547CE9
0x547CEC,aDataAssetsMain_1047
0x547D29,unk_547D29
0x547D30,aDataAssetsValk_154
0x547D73,unk_547D73
0x547D78,aDataAssetsValk_155
0x547DBB,unk_547DBB
0x547DC0,aDataAssetsValk_156
0x547E03,unk_547E03
0x547E08,aDataAssetsValk_157
0x547E4B,unk_547E4B
0x547E50,aDataAssetsMain_1049
0x547E94,dword_547E94
0x547E98,aDataAssetsMain_1048
0x547EDB,unk_547EDB
0x547EE0,aDataAssetsMain_1051
0x547F24,dword_547F24
0x547F28,aDataAssetsMain_1050
0x547F6B,unk_547F6B
0x547F70,aDataAssetsMain_1053
0x547FB4,dword_547FB4
0x547FB8,aDataAssetsMain_1052
0x547FFB,unk_547FFB
0x548000,aDataAssetsMain_1054
0x548042,unk_548042
0x548048,aDataAssetsMain_1055
0x548092,unk_548092
0x548098,aDataAssetsMain_1056
0x5480DC,dword_5480DC
0x5480E0,aDataAssetsMain_1057
0x54812C,dword_54812C
0x548130,aDataAssetsMain_1058
0x548171,unk_548171
0x548178,aDataAssetsMain_1059
0x5481C1,unk_5481C1
0x5481C8,aDataAssetsMain_1060
0x54820B,unk_54820B
0x548210,aDataAssetsMain_1061
0x54825B,unk_54825B
0x548260,aDataAssetsMain_1062
0x5482A3,unk_5482A3
0x5482A8,aDataAssetsMain_1063
0x5482F3,unk_5482F3
0x5482F8,aDataAssetsMain_1064
0x548338,aDataAssetsMain_1065
0x548380,aDataAssetsMain_1066
0x5483C9,unk_5483C9
0x5483D0,aDataAssetsMain_1067
0x548421,unk_548421
0x548428,aDataAssetsMain_1068
0x54846E,word_54846E
0x548470,aDataAssetsMain_1069
0x5484BE,word_5484BE
0x5484C0,aDataAssetsMain_1070
0x548509,unk_548509
0x548510,aDataAssetsMain_1071
0x548561,unk_548561
0x548568,aDataAssetsMain_1072
0x5485AF,byte_5485AF
0x5485B0,aDataAssetsMain_1073
0x5485FF,byte_5485FF
0x548600,aDataAssetsMain_1074
0x548646,word_548646
0x548648,aDataAssetsMain_1075
0x548696,word_548696
0x548698,aDataAssetsMain_1076
0x5486DE,word_5486DE
0x5486E0,aDataAssetsMain_1077
0x54872E,word_54872E
0x548730,aDataAssetsMain_1078
0x548774,dword_548774
0x548778,aDataAssetsMain_1079
0x5487C4,dword_5487C4
0x5487C8,aDataAssetsMain_1080
0x54880B,unk_54880B
0x548810,aDataAssetsMain_1081
0x54885B,unk_54885B
0x548860,aDataAssetsMain_1082
0x5488A9,unk_5488A9
0x5488B0,aDataAssetsMain_1083
0x548901,unk_548901
0x548908,aDataAssetsMain_1084
0x548952,unk_548952
0x548958,aDataAssetsMain_1085
0x5489AA,unk_5489AA
0x5489B0,aDataAssetsMain_1086
0x5489FA,unk_5489FA
0x548A00,aDataAssetsMain_1087
0x548A52,unk_548A52
0x548A58,aDataAssetsMain_1088
0x548AA0,aDataAssetsMain_1089
0x548AF0,aDataAssetsMain_1090
0x548B37,byte_548B37
0x548B38,aDataAssetsMain_1091
0x548B87,byte_548B87
0x548B88,aDataAssetsMain_1092
0x548BD5,unk_548BD5
0x548BD8,aDataAssetsMain_1093
0x548C2D,unk_548C2D
0x548C30,aDataAssetsMain_1094
0x548C71,unk_548C71
0x548C78,aDataAssetsMain_1095
0x548CB9,unk_548CB9
0x548CC0,aDataAssetsMain_1096
0x548D01,unk_548D01
0x548D08,aDataAssetsMain_1097
0x548D49,unk_548D49
0x548D50,aDataAssetsMain_1098
0x548D91,unk_548D91
0x548D98,aDataAssetsMain_1099
0x548DD9,unk_548DD9
0x548DE0,aDataAssetsMain_1100
0x548E21,unk_548E21
0x548E28,aDataAssetsMain_1101
0x548E69,unk_548E69
0x548E70,aDataAssetsMain_1102
0x548EB1,unk_548EB1
0x548EB8,aDataAssetsMain_1103
0x548EF9,unk_548EF9
0x548F00,aDataAssetsMain_1104
0x548F41,unk_548F41
0x548F48,aDataAssetsMain_1105
0x548F89,unk_548F89
0x548F90,aDataAssetsMain_1106
0x548FD1,unk_548FD1
0x548FD8,aDataAssetsMain_1107
0x549019,unk_549019
0x549020,aDataAssetsMain_1108
0x549061,unk_549061
0x549068,aDataAssetsMain_1109
0x5490A9,unk_5490A9
0x5490B0,aDataAssetsMain_1110
0x5490F1,unk_5490F1
0x5490F8,aDataAssetsMain_1111
0x549139,unk_549139
0x549140,aDataAssetsMain_1112
0x549181,unk_549181
0x549188,aDataAssetsMain_1113
0x5491C9,unk_5491C9
0x5491D0,aDataAssetsValk_158
0x549217,byte_549217
0x549218,aDataAssetsValk_159
0x54925F,byte_54925F
0x549260,aDataAssetsValk_160
0x5492A7,byte_5492A7
0x5492A8,aDataAssetsMain_1114
0x5492EA,word_5492EA
0x5492EC,aDataAssetsMain_1115
0x54932A,word_54932A
0x54932C,aDataAssetsMain_1116
0x54936A,word_54936A
0x54936C,aDataAssetsMain_1117
0x5493AA,word_5493AA
0x5493AC,aDataAssetsMain_1118
0x5493EA,word_5493EA
0x5493EC,aDataAssetsMain_1119
0x54942A,word_54942A
0x54942C,aDataAssetsMain_1120
0x54946A,word_54946A
0x54946C,aDataAssetsMain_1121
0x5494AA,word_5494AA
0x5494AC,aDataAssetsMain_1122
0x5494EA,word_5494EA
0x5494EC,aDataAssetsMain_1123
0x54952A,word_54952A
0x54952C,aDataAssetsMain_1124
0x54956A,word_54956A
0x54956C,aDataAssetsMain_1125
0x5495AA,unk_5495AA
0x5495B0,aDataAssetsValk_161
0x5495F4,dword_5495F4
0x5495F8,aDataAssetsValk_162
0x54963C,dword_54963C
0x549640,aDataAssetsValk_163
0x549684,dword_549684
0x549688,aDataAssetsValk_164
0x5496CC,dword_5496CC
0x5496D0,aDataAssetsMain_1126
0x549713,unk_549713
0x549718,aDataAssetsMain_1127
0x549763,unk_549763
0x549768,aDataAssetsMain_1128
0x5497AD,unk_5497AD
0x5497B0,aDataAssetsMain_1129
0x5497FD,unk_5497FD
0x549800,aDataAssetsMain_1130
0x549842,unk_549842
0x549848,aDataAssetsMain_1131
0x549892,unk_549892
0x549898,aDataAssetsMain_1132
0x5498DC,dword_5498DC
0x5498E0,aDataAssetsMain_1133
0x54992C,dword_54992C
0x549930,aDataAssetsMain_1134
0x549974,dword_549974
0x549978,aDataAssetsMain_1135
0x5499C4,dword_5499C4
0x5499C8,aDataAssetsMain_1136
0x549A09,unk_549A09
0x549A10,aDataAssetsMain_1137
0x549A59,unk_549A59
0x549A60,aDataAssetsMain_1138
0x549AAA,unk_549AAA
0x549AB0,aDataAssetsMain_1139
0x549B02,unk_549B02
0x549B08,aDataAssetsMain_1140
0x549B4F,byte_549B4F
0x549B50,aDataAssetsMain_1141
0x549B9F,byte_549B9F
0x549BA0,aDataAssetsMain_1142
0x549BEA,unk_549BEA
0x549BF0,aDataAssetsMain_1143
0x549C42,unk_549C42
0x549C48,aDataAssetsMain_1144
0x549C90,aDataAssetsMain_1145
0x549CE0,aDataAssetsMain_1146
0x549D27,byte_549D27
0x549D28,aDataAssetsMain_1147
0x549D77,byte_549D77
0x549D78,aDataAssetsMain_1148
0x549DBF,byte_549DBF
0x549DC0,aDataAssetsMain_1149
0x549E0F,byte_549E0F
0x549E10,aDataAssetsMain_1150
0x549E55,unk_549E55
0x549E58,aDataAssetsMain_1151
0x549EA5,unk_549EA5
0x549EA8,aDataAssetsMain_1152
0x549EEC,dword_549EEC
0x549EF0,aDataAssetsMain_1153
0x549F3C,dword_549F3C
0x549F40,aDataAssetsMain_1154
0x549F8A,unk_549F8A
0x549F90,aDataAssetsMain_1155
0x549FE2,unk_549FE2
0x549FE8,aDataAssetsMain_1156
0x54A033,unk_54A033
0x54A038,aDataAssetsMain_1157
0x54A08B,unk_54A08B
0x54A090,aDataAssetsMain_1158
0x54A0DB,unk_54A0DB
0x54A0E0,aDataAssetsMain_1159
0x54A133,unk_54A133
0x54A138,aDataAssetsMain_1160
0x54A181,unk_54A181
0x54A188,aDataAssetsMain_1161
0x54A1D9,unk_54A1D9
0x54A1E0,aDataAssetsMain_1162
0x54A228,aDataAssetsMain_1163
0x54A278,aDataAssetsMain_1164
0x54A2C6,word_54A2C6
0x54A2C8,aDataAssetsMain_1165
0x54A31E,word_54A31E
0x54A320,aIpadLarge
0x54A32C,aIpad1440
0x54A337,byte_54A337
0x54A338,aIpad
0x54A33E,word_54A33E
0x54A340,aAei
0x54A345,unk_54A345
0x54A348,aDataTextures00
0x54A35C,aDataTextures00_0
0x54A370,aDataTextures00_1
0x54A384,aDataTextures00_2
0x54A398,aDataTextures00_3
0x54A3AC,aDataTextures00_4
0x54A3C0,aDataTextures00_5
0x54A3D4,aDataTextures00_6
0x54A3E8,aDataTextures00_7
0x54A3FC,aDataTextures00_8
0x54A410,aDataTextures00_9
0x54A425,unk_54A425
0x54A428,aDataTextures01
0x54A43C,aDataTextures01_0
0x54A450,aDataTextures01_1
0x54A464,aDataTextures01_2
0x54A478,aDataTextures01_3
0x54A48C,aDataTextures01_4
0x54A4A0,aDataTextures01_5
0x54A4B4,aDataTextures01_6
0x54A4C8,aDataTextures01_7
0x54A4DC,aDataTextures01_8
0x54A4F0,aDataTextures01_9
0x54A505,unk_54A505
0x54A508,aDataTextures02
0x54A51C,aDataTextures02_0
0x54A530,aDataTextures02_1
0x54A544,aDataTextures02_2
0x54A558,aDataTextures02_3
0x54A56C,aDataTextures02_4
0x54A580,aDataTextures02_5
0x54A594,aDataTextures02_6
0x54A5A8,aDataTextures02_7
0x54A5BC,aDataTextures02_8
0x54A5D0,aDataTextures02_9
0x54A5E5,unk_54A5E5
0x54A5E8,aDataTextures03
0x54A5FC,aDataTextures03_0
0x54A610,aDataTextures03_1
0x54A624,aDataTextures03_2
0x54A638,aDataTextures03_3
0x54A64C,aDataTextures03_4
0x54A660,aDataTextures03_5
0x54A674,aDataTextures03_6
0x54A688,aDataTextures03_7
0x54A69C,aDataTextures03_8
0x54A6B0,aDataTextures03_9
0x54A6C5,unk_54A6C5
0x54A6C8,aDataTextures10
0x54A6DC,aDataTextures10_0
0x54A6F0,aDataTextures10_1
0x54A704,aDataTextures10_2
0x54A718,aDataTextures11
0x54A72C,aDataTextures11_0
0x54A740,aDataTextures11_1
0x54A754,aDataTextures11_2
0x54A768,aDataTextures11_3
0x54A77C,aDataTextures12
0x54A790,aDataTextures12_0
0x54A7A4,aDataTextures12_1
0x54A7B8,aDataTextures12_2
0x54A7CC,aDataTextures12_3
0x54A7E0,aDataTextures12_4
0x54A7F4,aDataTextures13
0x54A808,aDataTextures13_0
0x54A81C,aDataTextures13_1
0x54A830,aDataTextures13_2
0x54A844,aDataTextures13_3
0x54A858,aDataTextures13_4
0x54A86C,aDataTextures13_5
0x54A880,aDataTextures13_6
0x54A894,aDataTextures13_7
0x54A8A8,aDataTextures20
0x54A8BC,aDataTextures20_0
0x54A8D0,aDataTextures20_1
0x54A8E4,aDataTextures20_2
0x54A8F8,aDataTextures20_3
0x54A90C,aDataTextures21
0x54A920,aDataTextures21_0
0x54A934,aDataTextures21_1
0x54A948,aDataTextures21_2
0x54A95C,aDataTextures21_3
0x54A970,aDataTextures22
0x54A984,aDataTextures22_0
0x54A998,aDataTextures22_1
0x54A9AC,aDataTextures22_2
0x54A9C0,aDataTextures22_3
0x54A9D4,aDataTextures23
0x54A9E8,aDataTextures23_0
0x54A9FC,aDataTextures23_1
0x54AA10,aDataTextures23_2
0x54AA24,aDataTextures23_3
0x54AA38,aDataTextures40
0x54AA4C,aDataTextures40_0
0x54AA60,aDataTextures40_1
0x54AA74,aDataTextures41
0x54AA88,aDataTextures41_0
0x54AA9C,aDataTextures41_1
0x54AAB0,aDataTextures42
0x54AAC4,aDataTextures42_0
0x54AAD8,aDataTextures42_1
0x54AAEC,aDataTextures42_2
0x54AB00,aDataTextures42_3
0x54AB14,aDataTextures43
0x54AB28,aDataTextures43_0
0x54AB3C,aDataTextures43_1
0x54AB50,aDataTextures43_2
0x54AB64,aDataTextures60
0x54AB78,aDataTextures60_0
0x54AB8C,aDataTextures61
0x54ABA0,aDataTextures61_0
0x54ABB4,aDataTextures61_1
0x54ABC8,aDataTextures62
0x54ABDC,aDataTextures62_0
0x54ABF0,aDataTextures62_1
0x54AC04,aDataTextures62_2
0x54AC18,aDataTextures62_3
0x54AC2C,aDataTextures70
0x54AC40,aDataTextures70_0
0x54AC54,aDataTextures71
0x54AC68,aDataTextures71_0
0x54AC7C,aDataTextures72
0x54AC90,aDataTextures72_0
0x54ACA4,aDataTextures72_1
0x54ACB8,aDataTextures73
0x54ACCC,aDataTextures73_0
0x54ACE0,aDataTextures90
0x54ACF4,aDataTextures91
0x54AD08,aDataTextures92
0x54AD1C,aDataTextures93
0x54AD30,aDataTextures10_3
0x54AD45,unk_54AD45
0x54AD48,aDataTextures10_4
0x54AD5D,unk_54AD5D
0x54AD60,aDataTextures10_5
0x54AD75,unk_54AD75
0x54AD78,aDataTextures10_6
0x54AD8D,unk_54AD8D
0x54AD90,aDataTextures10_7
0x54ADA5,unk_54ADA5
0x54ADA8,aDataTextures10_8
0x54ADBD,unk_54ADBD
0x54ADC0,aDataTextures10_9
0x54ADD5,unk_54ADD5
0x54ADD8,aDataTextures10_10
0x54ADED,unk_54ADED
0x54ADF0,aDataTextures10_11
0x54AE05,unk_54AE05
0x54AE08,aDataTextures10_12
0x54AE1D,unk_54AE1D
0x54AE20,aDataTextures10_13
0x54AE35,unk_54AE35
0x54AE38,aDataTextures10_14
0x54AE4D,unk_54AE4D
0x54AE50,aDataTextures10_15
0x54AE65,unk_54AE65
0x54AE68,aDataTextures10_16
0x54AE7D,unk_54AE7D
0x54AE80,aDataTextures10_17
0x54AE95,unk_54AE95
0x54AE98,aDataTextures10_18
0x54AEAD,unk_54AEAD
0x54AEB0,aDataTextures10_19
0x54AEC5,unk_54AEC5
0x54AEC8,aDataTextures10_20
0x54AEDD,unk_54AEDD
0x54AEE0,aDataTextures10_21
0x54AEF5,unk_54AEF5
0x54AEF8,aDataTextures10_22
0x54AF0D,unk_54AF0D
0x54AF10,aDataTextures11_4
0x54AF25,unk_54AF25
0x54AF28,aDataTextures11_5
0x54AF3D,unk_54AF3D
0x54AF40,a0
0x54AF42,word_54AF42
0x54AF44,asc_54AF44
0x54AF46,word_54AF46
0x54AF48,aGetagentmissio
0x54AF79,unk_54AF79
0x54AF7C,aC
0x54AF7F,byte_54AF7F
0x54AF80,aQ
0x54AF83,byte_54AF83
0x54AF84,aP
0x54AF87,byte_54AF87
0x54AF88,aN
0x54AF8B,byte_54AF8B
0x54AF8C,aOre
0x54AF91,unk_54AF91
0x54AF94,aW
0x54AF97,byte_54AF97
0x54AF98,asc_54AF98
0x54AF9C,aKeyBoost
0x54AFA7,byte_54AFA7
0x54AFA8,aKeySecondaryWe
0x54AFBF,byte_54AFBF
0x54AFC0,aKeySecondary
0x54AFCF,byte_54AFCF
0x54AFD0,aKeyPrimary
0x54AFDD,unk_54AFDD
0x54AFE0,aKeyDock
0x54AFEA,word_54AFEA
0x54AFEC,aKeyActionMenu
0x54AFFD,unk_54AFFD
0x54B000,aKeyKhadorDrive
0x54B012,word_54B012
0x54B014,aKeyCloak
0x54B01F,byte_54B01F
0x54B020,aKeyWingmen
0x54B02D,unk_54B02D
0x54B030,aKeyAutopilot
0x54B03F,byte_54B03F
0x54B040,asc_54B040
0x54B042,word_54B042
0x54B044,aWwwFishlabsNet
0x54B05D,unk_54B05D
0x54B060,aDlc1
0x54B065,unk_54B065
0x54B068,aDlc2
0x54B06D,unk_54B06D
0x54B070,aDlccredits1
0x54B07C,aDlccredits2
0x54B088,aDlccredits3
0x54B094,aDlccredits40
0x54B0A2,word_54B0A2
0x54B0A4,aDlccredits50
0x54B0B2,word_54B0B2
0x54B0B4,aT
0x54B0B6,word_54B0B6
0x54B0B8,asc_54B0B8
0x54B0BA,word_54B0BA
0x54B0BC,asc_54B0BC
0x54B0BE,word_54B0BE
0x54B0C0,asc_54B0C0
0x54B0C3,byte_54B0C3
0x54B0C4,asc_54B0C4
0x54B0C9,unk_54B0C9
0x54B0CC,asc_54B0CC
0x54B0CF,byte_54B0CF
0x54B0D0,aBoughtShip
0x54B0DD,unk_54B0DD
0x54B0E0,asc_54B0E0
0x54B0E9,unk_54B0E9
0x54B0EC,aItem2
0x54B0F3,byte_54B0F3
0x54B0F4,aItem1
0x54B0FB,byte_54B0FB
0x54B0FC,aItemMounted
0x54B10B,byte_54B10B
0x54B10C,asc_54B10C
0x54B10F,byte_54B10F
0x54B110,aT_2
0x54B113,byte_54B113
0x54B114,asc_54B114
0x54B116,word_54B116
0x54B118,asc_54B118
0x54B11C,asc_54B11C
0x54B11F,byte_54B11F
0x54B120,dword_54B120
0x54B124,??_7KIPlayer@@6B@
0x54B128,dword_54B128
0x54B12C,dword_54B12C
0x54B130,dword_54B130
0x54B134,dword_54B134
0x54B138,dword_54B138
0x54B13C,dword_54B13C
0x54B140,dword_54B140
0x54B144,dword_54B144
0x54B148,dword_54B148
0x54B14C,dword_54B14C
0x54B150,dword_54B150
0x54B154,dword_54B154
0x54B158,dword_54B158
0x54B15C,dword_54B15C
0x54B160,dword_54B160
0x54B164,dword_54B164
0x54B168,dword_54B168
0x54B16C,dword_54B16C
0x54B170,dword_54B170
0x54B180,aKmH
0x54B19C,aLodmanagerAddo
0x54B1D9,unk_54B1D9
0x54B1DC,aOpenfeint
0x54B1E6,word_54B1E6
0x54B1E8,aV
0x54B1EB,byte_54B1EB
0x54B1EC,asc_54B1EC
0x54B1F0,aGalaxyOnFire2F
0x54B210,asc_54B210
0x54B212,word_54B212
0x54B214,asc_54B214
0x54B217,byte_54B217
0x54B218,aVoidMothership
0x54B228,aVoid
0x54B22D,unk_54B22D
0x54B230,aXY
0x54B236,word_54B236
0x54B238,aOn
0x54B23B,byte_54B23B
0x54B23C,aOff
0x54B240,aOptionsRetina
0x54B251,unk_54B251
0x54B254,aClient
0x54B25B,byte_54B25B
0x54B25C,aRight
0x54B262,word_54B262
0x54B264,aLeft
0x54B269,unk_54B269
0x54B26C,aDown
0x54B271,unk_54B271
0x54B274,aUp
0x54B277,byte_54B277
0x54B278,aRocketmenu
0x54B283,byte_54B283
0x54B284,aKhadordrive
0x54B290,aCloak
0x54B296,word_54B296
0x54B298,aBreak
0x54B29E,word_54B29E
0x54B2A0,aSwipeleft
0x54B2AA,word_54B2AA
0x54B2AC,aSwiperight
0x54B2B7,byte_54B2B7
0x54B2B8,dword_54B2B8
0x54B2BC,??_7IApplicationModule@AbyssEngine@@6B@
0x54B2C0,dword_54B2C0
0x54B2C4,dword_54B2C4
0x54B2C8,dword_54B2C8
0x54B2CC,dword_54B2CC
0x54B2D0,dword_54B2D0
0x54B2D4,dword_54B2D4
0x54B2D8,dword_54B2D8
0x54B2DC,dword_54B2DC
0x54B2E0,dword_54B2E0
0x54B2E4,dword_54B2E4
0x54B2E8,dword_54B2E8
0x54B2EC,dword_54B2EC
0x54B2F0,dword_54B2F0
0x54B2F4,dword_54B2F4
0x54B2F8,dword_54B2F8
0x54B2FC,dword_54B2FC
0x54B300,dword_54B300
0x54B304,??_7MGame@@6B@
0x54B308,dword_54B308
0x54B30C,dword_54B30C
0x54B310,dword_54B310
0x54B314,dword_54B314
0x54B318,dword_54B318
0x54B31C,dword_54B31C
0x54B320,dword_54B320
0x54B324,dword_54B324
0x54B328,dword_54B328
0x54B32C,dword_54B32C
0x54B330,dword_54B330
0x54B334,dword_54B334
0x54B338,dword_54B338
0x54B33C,dword_54B33C
0x54B340,dword_54B340
0x54B344,dword_54B344
0x54B348,dword_54B348
0x54B34C,??_7MineGun@@6B@
0x54B350,dword_54B350
0x54B354,dword_54B354
0x54B358,dword_54B358
0x54B35C,dword_54B35C
0x54B360,dword_54B360
0x54B364,dword_54B364
0x54B368,dword_54B368
0x54B36C,dword_54B36C
0x54B370,dword_54B370
0x54B374,dword_54B374
0x54B380,dword_54B380
0x54B384,??_7ModMainMenu@@6B@
0x54B388,dword_54B388
0x54B38C,dword_54B38C
0x54B390,dword_54B390
0x54B394,dword_54B394
0x54B398,dword_54B398
0x54B39C,dword_54B39C
0x54B3A0,dword_54B3A0
0x54B3A4,dword_54B3A4
0x54B3A8,dword_54B3A8
0x54B3AC,dword_54B3AC
0x54B3B0,dword_54B3B0
0x54B3B4,dword_54B3B4
0x54B3B8,dword_54B3B8
0x54B3BC,dword_54B3BC
0x54B3C0,dword_54B3C0
0x54B3C4,dword_54B3C4
0x54B3C8,aMissionrewardT
0x54B3FC,aCreditsBought
0x54B40C,aGof2
0x54B413,unk_54B413
0x54B418,dword_54B418
0x54B41C,??_7ModStation@@6B@
0x54B420,dword_54B420
0x54B424,dword_54B424
0x54B428,dword_54B428
0x54B42C,dword_54B42C
0x54B430,dword_54B430
0x54B434,dword_54B434
0x54B438,dword_54B438
0x54B43C,dword_54B43C
0x54B440,dword_54B440
0x54B444,dword_54B444
0x54B448,dword_54B448
0x54B44C,dword_54B44C
0x54B450,dword_54B450
0x54B454,dword_54B454
0x54B458,dword_54B458
0x54B45C,dword_54B45C
0x54B460,dword_54B460
0x54B464,??_7MTitle@@6B@
0x54B468,dword_54B468
0x54B46C,dword_54B46C
0x54B470,dword_54B470
0x54B474,dword_54B474
0x54B478,dword_54B478
0x54B47C,dword_54B47C
0x54B480,dword_54B480
0x54B484,dword_54B484
0x54B488,dword_54B488
0x54B48C,dword_54B48C
0x54B490,dword_54B490
0x54B494,dword_54B494
0x54B498,dword_54B498
0x54B49C,dword_54B49C
0x54B4A0,dword_54B4A0
0x54B4A4,dword_54B4A4
0x54B4A8,asc_54B4A8
0x54B4B4,aPlanetName
0x54B4C1,unk_54B4C1
0x54B4C4,aSystemName
0x54B4D1,unk_54B4D1
0x54B4D4,aDrinkName
0x54B4E0,aChildName
0x54B4EC,aShipName
0x54B4F7,byte_54B4F7
0x54B4F8,aPlatformNumber
0x54B509,unk_54B509
0x54B50C,aA
0x54B50E,word_54B50E
0x54B510,aB
0x54B512,word_54B512
0x54B514,aC_0
0x54B516,word_54B516
0x54B518,aD
0x54B51A,word_54B51A
0x54B51C,aE
0x54B51E,word_54B51E
0x54B520,asc_54B520
0x54B522,word_54B522
0x54B524,aCatastrophe
0x54B531,unk_54B531
0x54B534,aVictims
0x54B53D,unk_54B53D
0x54B540,aBergerLaser
0x54B54E,word_54B54E
0x54B550,aVosskShipOrIte
0x54B564,aVosskRevenue
0x54B573,byte_54B573
0x54B574,aProfession
0x54B580,aName
0x54B586,word_54B586
0x54B588,aActivity
0x54B592,word_54B592
0x54B594,aRaceName
0x54B59F,byte_54B59F
0x54B5A0,aCrime
0x54B5A7,byte_54B5A7
0x54B5A8,aNivelianPlanet
0x54B5B9,unk_54B5B9
0x54B5BC,aDemonstrators
0x54B5CB,byte_54B5CB
0x54B5CC,aPollPercentage
0x54B5DD,unk_54B5DD
0x54B5E0,aPollTopic
0x54B5EC,aCasualties
0x54B5F8,dword_54B5F8
0x54B5FC,??_7ObjectGun@@6B@
0x54B600,dword_54B600
0x54B604,dword_54B604
0x54B608,dword_54B608
0x54B60C,dword_54B60C
0x54B610,dword_54B610
0x54B614,dword_54B614
0x54B618,dword_54B618
0x54B61C,dword_54B61C
0x54B620,dword_54B620
0x54B624,dword_54B624
0x54B628,dword_54B628
0x54B62C,??_7IParticleSystem@@6B@
0x54B630,dword_54B630
0x54B634,dword_54B634
0x54B638,dword_54B638
0x54B63C,dword_54B63C
0x54B640,dword_54B640
0x54B644,dword_54B644
0x54B648,aNotInitialized
0x54B658,aSetBasic
0x54B662,word_54B662
0x54B664,aSetStars
0x54B66E,word_54B66E
0x54B670,aSetMeshStars
0x54B67F,byte_54B67F
0x54B680,aSetMeshStarsBo
0x54B695,unk_54B695
0x54B698,aSetMeshTrail
0x54B6A7,byte_54B6A7
0x54B6A8,aSetFire
0x54B6B1,unk_54B6B1
0x54B6B4,aSetFogStatic
0x54B6C3,byte_54B6C3
0x54B6C4,aSetFog
0x54B6CC,aSetExplosion
0x54B6DA,word_54B6DA
0x54B6DC,aSetEmp
0x54B6E4,aSetEmp1
0x54B6EE,word_54B6EE
0x54B6F0,aSetEmp2
0x54B6FA,word_54B6FA
0x54B6FC,aSetMissileTrai
0x54B70E,word_54B70E
0x54B710,aSetExplosionMa
0x54B727,byte_54B727
0x54B728,aSetExplosionMa_0
0x54B743,byte_54B743
0x54B744,aSetSmokeEnemy
0x54B754,aSetSmokeFireEn
0x54B769,unk_54B769
0x54B76C,aSetExplosionSm
0x54B789,unk_54B789
0x54B78C,aSetSmokePlayer
0x54B79D,unk_54B79D
0x54B7A0,aSetSmokeVosskF
0x54B7BA,word_54B7BA
0x54B7BC,aSetExplosionMa_1
0x54B7DC,aSetExplosionMa_2
0x54B7F8,aSetExplosionCa
0x54B80C,aSetExplosionVo
0x54B826,word_54B826
0x54B828,aSetExplosionBa
0x54B841,unk_54B841
0x54B844,aSetExplosionDe
0x54B868,dword_54B868
0x54B86C,??_7ParticleSystemMesh@@6B@
0x54B870,dword_54B870
0x54B874,dword_54B874
0x54B878,dword_54B878
0x54B87C,dword_54B87C
0x54B880,dword_54B880
0x54B884,dword_54B884
0x54B888,dword_54B888
0x54B88C,??_7ParticleSystemSprite@@6B@
0x54B890,dword_54B890
0x54B894,dword_54B894
0x54B898,dword_54B898
0x54B89C,dword_54B89C
0x54B8A0,dword_54B8A0
0x54B8A4,dword_54B8A4
0x54B8A8,dword_54B8A8
0x54B8AC,??_7PlayerAsteroid@@6B@
0x54B8B0,dword_54B8B0
0x54B8B4,dword_54B8B4
0x54B8B8,dword_54B8B8
0x54B8BC,dword_54B8BC
0x54B8C0,dword_54B8C0
0x54B8C4,dword_54B8C4
0x54B8C8,dword_54B8C8
0x54B8CC,dword_54B8CC
0x54B8D0,dword_54B8D0
0x54B8D4,dword_54B8D4
0x54B8D8,dword_54B8D8
0x54B8DC,dword_54B8DC
0x54B8E0,dword_54B8E0
0x54B8E4,dword_54B8E4
0x54B8E8,dword_54B8E8
0x54B8EC,dword_54B8EC
0x54B8F0,dword_54B8F0
0x54B8F4,dword_54B8F4
0x54B8F8,dword_54B8F8
0x54B8FC,dword_54B8FC
0x54B900,dword_54B900
0x54B904,??_7PlayerFighter@@6B@
0x54B908,dword_54B908
0x54B90C,dword_54B90C
0x54B910,dword_54B910
0x54B914,dword_54B914
0x54B918,dword_54B918
0x54B91C,dword_54B91C
0x54B920,dword_54B920
0x54B924,dword_54B924
0x54B928,dword_54B928
0x54B92C,dword_54B92C
0x54B930,dword_54B930
0x54B934,dword_54B934
0x54B938,dword_54B938
0x54B93C,dword_54B93C
0x54B940,dword_54B940
0x54B944,dword_54B944
0x54B948,dword_54B948
0x54B94C,dword_54B94C
0x54B950,dword_54B950
0x54B954,dword_54B954
0x54B958,dword_54B958
0x54B95C,??_7PlayerFixedObject@@6B@
0x54B960,dword_54B960
0x54B964,dword_54B964
0x54B968,dword_54B968
0x54B96C,dword_54B96C
0x54B970,dword_54B970
0x54B974,dword_54B974
0x54B978,dword_54B978
0x54B97C,dword_54B97C
0x54B980,dword_54B980
0x54B984,dword_54B984
0x54B988,dword_54B988
0x54B98C,dword_54B98C
0x54B990,dword_54B990
0x54B994,dword_54B994
0x54B998,dword_54B998
0x54B99C,dword_54B99C
0x54B9A0,dword_54B9A0
0x54B9A4,dword_54B9A4
0x54B9A8,dword_54B9A8
0x54B9AC,dword_54B9AC
0x54B9B0,dword_54B9B0
0x54B9B4,??_7PlayerJumpgate@@6B@
0x54B9B8,dword_54B9B8
0x54B9BC,dword_54B9BC
0x54B9C0,dword_54B9C0
0x54B9C4,dword_54B9C4
0x54B9C8,dword_54B9C8
0x54B9CC,dword_54B9CC
0x54B9D0,dword_54B9D0
0x54B9D4,dword_54B9D4
0x54B9D8,dword_54B9D8
0x54B9DC,dword_54B9DC
0x54B9E0,dword_54B9E0
0x54B9E4,dword_54B9E4
0x54B9E8,dword_54B9E8
0x54B9EC,dword_54B9EC
0x54B9F0,dword_54B9F0
0x54B9F4,dword_54B9F4
0x54B9F8,dword_54B9F8
0x54B9FC,dword_54B9FC
0x54BA00,dword_54BA00
0x54BA04,dword_54BA04
0x54BA08,dword_54BA08
0x54BA0C,??_7PlayerJunk@@6B@
0x54BA10,dword_54BA10
0x54BA14,dword_54BA14
0x54BA18,dword_54BA18
0x54BA1C,dword_54BA1C
0x54BA20,dword_54BA20
0x54BA24,dword_54BA24
0x54BA28,dword_54BA28
0x54BA2C,dword_54BA2C
0x54BA30,dword_54BA30
0x54BA34,dword_54BA34
0x54BA38,dword_54BA38
0x54BA3C,dword_54BA3C
0x54BA40,dword_54BA40
0x54BA44,dword_54BA44
0x54BA48,dword_54BA48
0x54BA4C,dword_54BA4C
0x54BA50,dword_54BA50
0x54BA54,dword_54BA54
0x54BA58,dword_54BA58
0x54BA5C,dword_54BA5C
0x54BA60,dword_54BA60
0x54BA64,??_7PlayerStatic@@6B@
0x54BA68,dword_54BA68
0x54BA6C,dword_54BA6C
0x54BA70,dword_54BA70
0x54BA74,dword_54BA74
0x54BA78,dword_54BA78
0x54BA7C,dword_54BA7C
0x54BA80,dword_54BA80
0x54BA84,dword_54BA84
0x54BA88,dword_54BA88
0x54BA8C,dword_54BA8C
0x54BA90,dword_54BA90
0x54BA94,dword_54BA94
0x54BA98,dword_54BA98
0x54BA9C,dword_54BA9C
0x54BAA0,dword_54BAA0
0x54BAA4,dword_54BAA4
0x54BAA8,dword_54BAA8
0x54BAAC,dword_54BAAC
0x54BAB0,dword_54BAB0
0x54BAB4,dword_54BAB4
0x54BAB8,dword_54BAB8
0x54BABC,??_7PlayerStaticFar@@6B@
0x54BAC0,dword_54BAC0
0x54BAC4,dword_54BAC4
0x54BAC8,dword_54BAC8
0x54BACC,dword_54BACC
0x54BAD0,dword_54BAD0
0x54BAD4,dword_54BAD4
0x54BAD8,dword_54BAD8
0x54BADC,dword_54BADC
0x54BAE0,dword_54BAE0
0x54BAE4,dword_54BAE4
0x54BAE8,dword_54BAE8
0x54BAEC,dword_54BAEC
0x54BAF0,dword_54BAF0
0x54BAF4,dword_54BAF4
0x54BAF8,dword_54BAF8
0x54BAFC,dword_54BAFC
0x54BB00,dword_54BB00
0x54BB04,dword_54BB04
0x54BB08,dword_54BB08
0x54BB0C,dword_54BB0C
0x54BB10,dword_54BB10
0x54BB14,??_7PlayerStation@@6B@
0x54BB18,dword_54BB18
0x54BB1C,dword_54BB1C
0x54BB20,dword_54BB20
0x54BB24,dword_54BB24
0x54BB28,dword_54BB28
0x54BB2C,dword_54BB2C
0x54BB30,dword_54BB30
0x54BB34,dword_54BB34
0x54BB38,dword_54BB38
0x54BB3C,dword_54BB3C
0x54BB40,dword_54BB40
0x54BB44,dword_54BB44
0x54BB48,dword_54BB48
0x54BB4C,dword_54BB4C
0x54BB50,dword_54BB50
0x54BB54,dword_54BB54
0x54BB58,dword_54BB58
0x54BB5C,dword_54BB5C
0x54BB60,dword_54BB60
0x54BB64,dword_54BB64
0x54BB68,dword_54BB68
0x54BB6C,??_7PlayerTurret@@6B@
0x54BB70,dword_54BB70
0x54BB74,dword_54BB74
0x54BB78,dword_54BB78
0x54BB7C,dword_54BB7C
0x54BB80,dword_54BB80
0x54BB84,dword_54BB84
0x54BB88,dword_54BB88
0x54BB8C,dword_54BB8C
0x54BB90,dword_54BB90
0x54BB94,dword_54BB94
0x54BB98,dword_54BB98
0x54BB9C,dword_54BB9C
0x54BBA0,dword_54BBA0
0x54BBA4,dword_54BBA4
0x54BBA8,dword_54BBA8
0x54BBAC,dword_54BBAC
0x54BBB0,dword_54BBB0
0x54BBB4,dword_54BBB4
0x54BBB8,dword_54BBB8
0x54BBBC,dword_54BBBC
0x54BBC0,dword_54BBC0
0x54BBC4,??_7PlayerWormHole@@6B@
0x54BBC8,dword_54BBC8
0x54BBCC,dword_54BBCC
0x54BBD0,dword_54BBD0
0x54BBD4,dword_54BBD4
0x54BBD8,dword_54BBD8
0x54BBDC,dword_54BBDC
0x54BBE0,dword_54BBE0
0x54BBE4,dword_54BBE4
0x54BBE8,dword_54BBE8
0x54BBEC,dword_54BBEC
0x54BBF0,dword_54BBF0
0x54BBF4,dword_54BBF4
0x54BBF8,dword_54BBF8
0x54BBFC,dword_54BBFC
0x54BC00,dword_54BC00
0x54BC04,dword_54BC04
0x54BC08,dword_54BC08
0x54BC0C,dword_54BC0C
0x54BC10,dword_54BC10
0x54BC18,aGof2SaveOption
0x54BC2A,word_54BC2A
0x54BC2C,aGof2SaveGame
0x54BC3C,aGof2SaveGamePr
0x54BC54,dword_54BC54
0x54BC58,??_7RocketGun@@6B@
0x54BC5C,dword_54BC5C
0x54BC60,dword_54BC60
0x54BC64,dword_54BC64
0x54BC68,dword_54BC68
0x54BC6C,dword_54BC6C
0x54BC70,dword_54BC70
0x54BC74,dword_54BC74
0x54BC78,dword_54BC78
0x54BC7C,dword_54BC7C
0x54BC80,dword_54BC80
0x54BC84,aSpaceloungeMis
0x54BCA1,unk_54BCA1
0x54BCA4,aSpaceloungeBlu
0x54BCC4,aSpaceloungeCoo
0x54BCE1,unk_54BCE1
0x54BCE4,aM
0x54BCE7,byte_54BCE7
0x54BCE8,asc_54BCE8
0x54BCEB,byte_54BCEB
0x54BCEC,aCurrentsystemI
0x54BCFE,word_54BCFE
0x54BD00,aMissionFinishe
0x54BD13,byte_54BD13
0x54BD14,aRemovecampaign
0x54BD3C,asc_54BD3C
0x54BD40,dword_54BD40
0x54BD44,??_7Waypoint@@6B@
0x54BD48,dword_54BD48
0x54BD4C,dword_54BD4C
0x54BD50,dword_54BD50
0x54BD54,dword_54BD54
0x54BD58,dword_54BD58
0x54BD5C,dword_54BD5C
0x54BD60,dword_54BD60
0x54BD64,dword_54BD64
0x54BD68,dword_54BD68
0x54BD6C,dword_54BD6C
0x54BD70,dword_54BD70
0x54BD74,dword_54BD74
0x54BD78,dword_54BD78
0x54BD7C,dword_54BD7C
0x54BD80,dword_54BD80
0x54BD84,dword_54BD84
0x54BD88,dword_54BD88
0x54BD8C,dword_54BD8C
0x54BD90,dword_54BD90
0x54BD94,aAccelerate
0x54BD9F,byte_54BD9F
0x54BDA0,aDecelerate
0x54BDAB,byte_54BDAB
0x54BDAC,aFire
0x54BDB1,unk_54BDB1
0x54BDB4,aWingmen
0x54BDBC,aActionmenu
0x54BDC7,byte_54BDC7
0x54BDC8,aAutopilot
0x54BDD2,word_54BDD2
0x54BDD4,aUp_0
0x54BDD7,byte_54BDD7
0x54BDD8,aButtonup
0x54BDE1,unk_54BDE1
0x54BDE4,aDown_0
0x54BDE9,unk_54BDE9
0x54BDEC,aButtondown
0x54BDF7,byte_54BDF7
0x54BDF8,aLeft_0
0x54BDFD,unk_54BDFD
0x54BE00,aButtonleft
0x54BE0B,byte_54BE0B
0x54BE0C,aRight_0
0x54BE12,word_54BE12
0x54BE14,aButtonright
0x54BE20,aFireForth
0x54BE2D,unk_54BE2D
0x54BE30,aButtonprimaryf
0x54BE42,word_54BE42
0x54BE44,aSecondaryFire
0x54BE53,byte_54BE53
0x54BE54,aButtonsecondar
0x54BE68,aSecondaryfire
0x54BE76,word_54BE76
0x54BE78,aDocking
0x54BE80,aButtondockingm
0x54BE96,word_54BE96
0x54BE98,aDock
0x54BE9D,unk_54BE9D
0x54BEA0,aBoost
0x54BEA6,word_54BEA6
0x54BEA8,aButtonboost
0x54BEB4,aBoost_0
0x54BEBA,word_54BEBA
0x54BEBC,aFastForward
0x54BEC9,unk_54BEC9
0x54BECC,aButtonfastforw
0x54BEDE,word_54BEDE
0x54BEE0,aFastforward
0x54BEEC,aRollCcw
0x54BEF5,unk_54BEF5
0x54BEF8,aButtonrotatele
0x54BF09,unk_54BF09
0x54BF0C,aRotateleft
0x54BF17,byte_54BF17
0x54BF18,aRollCw
0x54BF20,aButtonrotateri
0x54BF32,word_54BF32
0x54BF34,aRotateright
0x54BF40,aStrafeLeft
0x54BF4C,aButtonswipelef
0x54BF5C,aStrafeRight
0x54BF69,unk_54BF69
0x54BF6C,aButtonswiperig
0x54BF7D,unk_54BF7D
0x54BF80,aPauseMenu
0x54BF8B,byte_54BF8B
0x54BF8C,aButtonpause
0x54BF98,aPause
0x54BF9E,word_54BF9E
0x54BFA0,aActionMenu
0x54BFAC,aButtonactionme
0x54BFBD,unk_54BFBD
0x54BFC0,aChangeView
0x54BFCC,aButtonturretvi
0x54BFDD,unk_54BFDD
0x54BFE0,aTurretview
0x54BFEB,byte_54BFEB
0x54BFEC,aAutoPilot
0x54BFF7,byte_54BFF7
0x54BFF8,aButtonautopilo
0x54C008,aKhadorDrive
0x54C015,unk_54C015
0x54C018,aButtonkhadordr
0x54C02A,word_54C02A
0x54C02C,aCloakShip
0x54C037,byte_54C037
0x54C038,aButtoncloaking
0x54C047,byte_54C047
0x54C048,aWingmenMenu
0x54C055,unk_54C055
0x54C058,aButtonwingmenm
0x54C06A,word_54C06A
0x54C06C,aThrottleUp
0x54C078,aButtonthrottle
0x54C089,unk_54C089
0x54C08C,aThrottleDown
0x54C09A,word_54C09A
0x54C09C,aButtonthrottle_0
0x54C0AF,byte_54C0AF
0x54C0B0,aBreak_0
0x54C0B6,word_54C0B6
0x54C0B8,aButtonbreak
0x54C0C4,aRocketMenu
0x54C0D0,aBack
0x54C0D5,unk_54C0D5
0x54C0D8,aButtonback
0x54C0E3,byte_54C0E3
0x54C0E4,aBack_0
0x54C0E9,unk_54C0E9
0x54C0EC,aMenuButtons
0x54C0F9,unk_54C0F9
0x54C0FC,aButtonmenuitem
0x54C110,aMouseToggle
0x54C11D,unk_54C11D
0x54C120,aButtonactivate
0x54C134,aVectorTTooLong
0x54C147,byte_54C147
0x54C148,dword_54C148
0x54C14C,??_7bad_alloc@std@@6B@
0x54C150,dword_54C150
0x54C154,dword_54C154
0x54C158,??_7GOF2InputMapper@@6B@
0x54C15C,dword_54C15C
0x54C160,dword_54C160
0x54C164,dword_54C164
0x54C168,dword_54C168
0x54C16C,aEnteringFullsc
0x54C182,word_54C182
0x54C184,IconName
0x54C198,aGof2_0
0x54C1A2,word_54C1A2
0x54C1A4,aGalaxyOnFire2F_0
0x54C1BF,byte_54C1BF
0x54C1C0,aDebugTextTxt
0x54C1E6,word_54C1E6
0x54C1E8,aTxt
0x54C1F2,word_54C1F2
0x54C1F4,aSaveDebugMesh
0x54C214,aAbyssmeshAem
0x54C238,aAem
0x54C244,dword_54C244
0x54C248,aOpenAbyssmesh
0x54C266,word_54C266
0x54C268,aTgaImageTga
0x54C28C,aTga
0x54C29C,aChooseViewerTe
0x54C2C8,aVoice
0x54C2CE,word_54C2CE
0x54C2D0,aSfx
0x54C2D4,aMusic
0x54C2DA,word_54C2DA
0x54C2DC,aMaster
0x54C2E3,byte_54C2E3
0x54C2E4,aPause_0
0x54C2EA,word_54C2EA
0x54C2EC,aPurge
0x54C2F2,word_54C2F2
0x54C2F4,aTriedToCallLoc
0x54C330,aTriedToCallAFu
0x54C3B7,byte_54C3B7
0x54C3B8,aNeitherNtscsiN
0x54C3E7,byte_54C3E7
0x54C3E8,aAnErrorOccurre
0x54C422,word_54C422
0x54C424,aCouldnTFindThe
0x54C449,unk_54C449
0x54C44C,aNoAudioTracksO
0x54C474,aNoCdDvdDevices
0x54C493,byte_54C493
0x54C494,aNoDiscPresentI
0x54C4BD,unk_54C4BD
0x54C4C0,aACddaReadError
0x54C4DD,unk_54C4DD
0x54C4E0,aErrorTryingToA
0x54C505,unk_54C505
0x54C508,aTheSpecifiedCh
0x54C546,word_54C546
0x54C548,aAWin32ComRelat
0x54C5DE,word_54C5DE
0x54C5E0,aDmaFailureSeeD
0x54C616,word_54C616
0x54C618,aDspConnectionE
0x54C6A1,unk_54C6A1
0x54C6A8,aDspFormatError
0x54C70C,aDspConnectionE_0
0x54C74A,unk_54C74A
0x54C750,aDspErrorCannot
0x54C809,unk_54C809
0x54C810,aDspConnectionE_1
0x54C878,aTheSpecifiedPr
0x54C8FF,byte_54C8FF
0x54C900,aAnEventFailedT
0x54C970,aAnEventWithThe
0x54C99D,unk_54C99D
0x54C9A0,aCanTExecuteThi
0x54C9D8,aAnErrorOccured
0x54CA1E,word_54CA1E
0x54CA20,aEventFailedBec
0x54CA83,unk_54CA83
0x54CA88,aFsbMismatchesT
0x54CB2B,byte_54CB2B
0x54CB2C,aACategoryWithT
0x54CB5B,unk_54CB5B
0x54CB60,aTriedToCallAFu_0
0x54CBB5,unk_54CBB5
0x54CBB8,aTheRequestedEv
0x54CC10,aErrorLoadingFi
0x54CC25,unk_54CC25
0x54CC28,aCouldnTPerform
0x54CC92,word_54CC92
0x54CC94,aMediaWasEjecte
0x54CCB6,word_54CCB6
0x54CCB8,aEndOfFileUnexp
0x54CD11,unk_54CD11
0x54CD14,aFileNotFound
0x54CD25,unk_54CD25
0x54CD28,aUnwantedFileAc
0x54CD47,byte_54CD47
0x54CD48,aUnsupportedFil
0x54CD6B,unk_54CD6B
0x54CD70,aAHttpErrorOccu
0x54CDC2,unk_54CDC2
0x54CDC8,aTheSpecifiedRe
0x54CE09,unk_54CE09
0x54CE10,aProxyAuthentic
0x54CE54,aAHttpServerErr
0x54CE73,byte_54CE73
0x54CE74,aTheHttpRequest
0x54CE91,unk_54CE91
0x54CE94,aFmodWasNotInit
0x54CED2,word_54CED2
0x54CED4,aCannotCallThis
0x54CF02,word_54CF02
0x54CF04,aAnErrorOccured_0
0x54CF41,unk_54CF41
0x54CF48,aOnXbox360ThisM
0x54CFAF,byte_54CFAF
0x54CFB0,aValuePassedInW
0x54CFE7,byte_54CFE7
0x54CFE8,aAnInvalidObjec
0x54D00C,aAnInvalidParam
0x54D03F,byte_54D03F
0x54D040,aAnInvalidSeekP
0x54D077,byte_54D077
0x54D078,aAnInvalidSpeak
0x54D0CB,byte_54D0CB
0x54D0CC,aTheSyncpointDi
0x54D100,aTheVectorsPass
0x54D13E,word_54D13E
0x54D140,aReachedMaximum
0x54D185,unk_54D185
0x54D188,aNotEnoughMemor
0x54D1A9,unk_54D1A9
0x54D1B0,aCanTUseFmodOpe
0x54D22C,aNotEnoughMemor_0
0x54D262,word_54D262
0x54D264,aTheMusicCallba
0x54D29E,word_54D29E
0x54D2A0,aTheRequestedMu
0x54D2D0,aMusicSystemIsN
0x54D31B,unk_54D31B
0x54D320,aTriedToCallACo
0x54D370,aTriedToCallACo_0
0x54D3C0,aTriedToUseAFea
0x54D43C,dword_54D43C
0x54D440,aTriedToUseAFea_0
0x54D4FB,byte_54D4FB
0x54D4FC,aCouldnTConnect
0x54D525,unk_54D525
0x54D528,aASocketErrorOc
0x54D587,byte_54D587
0x54D588,aTheSpecifiedUr
0x54D5B1,unk_54D5B1
0x54D5B8,aOperationOnANo
0x54D5FC,dword_54D5FC
0x54D600,aOperationCould
0x54D657,byte_54D657
0x54D658,aErrorInitializ
0x54D6CC,aErrorCreatingH
0x54D6F3,unk_54D6F3
0x54D6F8,aACallToAStanda
0x54D77D,unk_54D77D
0x54D780,aErrorEnumerati
0x54D7F3,unk_54D7F3
0x54D7F8,aSoundcardDoesN
0x54D85C,aErrorInitializ_0
0x54D87F,byte_54D87F
0x54D880,aFmodHardwareWa
0x54D8E2,unk_54D8E2
0x54D8E8,aAttemptedToCre
0x54D947,byte_54D947
0x54D948,aPanningOnlyWor
0x54D97F,byte_54D97F
0x54D980,aAnUnspecifiedE
0x54D9C1,unk_54D9C1
0x54D9C8,aTheNumberOfAll
0x54DA08,aARequestedOutp
0x54DA47,byte_54DA47
0x54DA48,aAResourceThatT
0x54DAA2,unk_54DAA2
0x54DAA8,aTheSpecifiedSo
0x54DB1B,unk_54DB1B
0x54DB20,aTheSpecifiedSo_0
0x54DB8F,byte_54DB8F
0x54DB90,aAnErrorOccured_1
0x54DBCD,unk_54DBCD
0x54DBD0,aSpecifiedInsta
0x54DC60,aTheErrorOccure
0x54DD79,unk_54DD79
0x54DD80,aThisSubsoundIs
0x54DE12,unk_54DE12
0x54DE18,aSharedSubsound
0x54DE8F,byte_54DE8F
0x54DE90,aTheSubsoundSMo
0x54DF13,byte_54DF13
0x54DF14,aTheSpecifiedTa
0x54DF50,aTheSoundCreate
0x54DFE8,aSomethingInFmo
0x54E037,byte_54E037
0x54E038,aThisCommandFai
0x54E087,byte_54E087
0x54E088,aACommandIssued
0x54E0F4,aAnErrorCausedB
0x54E120,aTheVersionNumb
0x54E15A,word_54E15A
0x54E15C,aNoErrors
0x54E167,byte_54E167
0x54E168,aUnknownError
0x54E177,byte_54E177
0x54E178,aDataAssetsMain_1166
0x54E19D,unk_54E19D
0x54E1A0,aFmodGof2
0x54E1AA,word_54E1AA
0x54E1AC,aErrorReleasing
0x54E1C7,byte_54E1C7
0x54E1C8,aFmodErrorDS
0x54E1DD,unk_54E1DD
0x54E1E0,File
0x54E210,Message
0x54E226,word_54E226
0x54E228,aPaintcanvasCha_0
0x54E2C7,byte_54E2C7
0x54E2C8,aPaintcanvasCha
0x54E323,unk_54E323
0x54E328,aTheTextureObje
0x54E382,word_54E382
0x54E384,Caption
0x54E38A,unk_54E38A
0x54E390,aGlTextureFilte
0x54E3D6,word_54E3D6
0x54E3D8,aClassesEngineD
0x54E40E,word_54E40E
0x54E410,aFalse
0x54E41C,aAefalse
0x54E42C,dword_54E42C
0x54E430,aAefalseInvalid
0x54E49C,aNoAccurateShad
0x54E4B7,byte_54E4B7
0x54E4B8,aMeshFoundWitho
0x54E4E1,unk_54E4E1
0x54E4E4,aDrawquadFailed
0x54E51C,dword_54E51C
0x54E520,aR1AeOkR2AeOkR3
0x54E574,aR4AeOkR5AeOk
0x54E5AA,word_54E5AA
0x54E5AC,aPresentFailedR
0x54E5DE,word_54E5DE
0x54E5E0,aPresentFailedR_0
0x54E613,byte_54E613
0x54E614,aPresentFailedR_1
0x54E637,byte_54E637
0x54E638,aCheckandhandle
0x54E699,unk_54E699
0x54E69C,a0_0
0x54E69F,byte_54E69F
0x54E6A0,aErrorLanguage
0x54E6AF,byte_54E6AF
0x54E6B0,aErrorGametextG
0x54E6E0,a1
0x54E6E2,word_54E6E2
0x54E6E4,a2
0x54E6E6,word_54E6E6
0x54E6E8,a3
0x54E6EA,word_54E6EA
0x54E6EC,a4
0x54E6EE,word_54E6EE
0x54E6F0,a5
0x54E6F2,word_54E6F2
0x54E6F4,a6
0x54E6F6,word_54E6F6
0x54E6F8,a7
0x54E6FA,word_54E6FA
0x54E6FC,a8
0x54E6FE,word_54E6FE
0x54E700,a9
0x54E702,word_54E702
0x54E704,asc_54E704
0x54E706,word_54E706
0x54E708,aDPadLeft
0x54E713,byte_54E713
0x54E714,aDPadRight
0x54E720,aDPadUp
0x54E729,unk_54E729
0x54E72C,aDPadDown
0x54E737,byte_54E737
0x54E738,aDPadFire
0x54E743,byte_54E743
0x54E744,aSoftbuttonLeft
0x54E754,aSoftbuttonRigh
0x54E765,unk_54E765
0x54E768,aClr
0x54E76C,aG
0x54E76E,word_54E76E
0x54E770,asc_54E770
0x54E772,word_54E772
0x54E774,aI
0x54E776,word_54E776
0x54E778,aJ
0x54E77A,word_54E77A
0x54E77C,aK
0x54E77E,word_54E77E
0x54E780,asc_54E780
0x54E782,word_54E782
0x54E784,aM_0
0x54E786,word_54E786
0x54E788,aN_0
0x54E78A,word_54E78A
0x54E78C,aO
0x54E78E,word_54E78E
0x54E790,aP_0
0x54E792,word_54E792
0x54E794,aQ_0
0x54E796,word_54E796
0x54E798,aR
0x54E79A,word_54E79A
0x54E79C,aS
0x54E79E,word_54E79E
0x54E7A0,aT_0
0x54E7A2,word_54E7A2
0x54E7A4,aU
0x54E7A6,word_54E7A6
0x54E7A8,aV_0
0x54E7AA,word_54E7AA
0x54E7AC,aW_0
0x54E7AE,word_54E7AE
0x54E7B0,asc_54E7B0
0x54E7B2,word_54E7B2
0x54E7B4,aY
0x54E7B6,word_54E7B6
0x54E7B8,aZ
0x54E7BA,word_54E7BA
0x54E7BC,aSpace
0x54E7C2,word_54E7C2
0x54E7C4,aEnter
0x54E7CA,word_54E7CA
0x54E7CC,aMenu
0x54E7D1,unk_54E7D1
0x54E7D4,aCaplk
0x54E7DA,word_54E7DA
0x54E7DC,aLoadtexture2SD
0x54E7F5,unk_54E7F5
0x54E7F8,aConvertmeshDD
0x54E80D,unk_54E80D
0x54E810,aFps
0x54E816,word_54E816
0x54E818,aT3d
0x54E81E,word_54E81E
0x54E820,aT2d
0x54E826,word_54E826
0x54E828,aD3d
0x54E82E,word_54E82E
0x54E830,aD2d
0x54E836,word_54E836
0x54E838,aVfc
0x54E83E,word_54E83E
0x54E840,aT_1
0x54E844,aVbo3d
0x54E84C,asc_54E84C
0x54E850,aVram
0x54E857,byte_54E857
0x54E858,aBiasd
0x54E860,aBiasn
0x54E868,aDx
0x54E86B,byte_54E86B
0x54E86C,aPerftestEnded
0x54E87D,unk_54E87D
0x54E880,asc_54E880
0x54E885,unk_54E885
0x54E888,aPerftest
0x54E893,byte_54E893
0x54E894,dword_54E894
0x54E898,??_7AELowLevelFile@@6B@
0x54E89C,dword_54E89C
0x54E8A0,dword_54E8A0
0x54E8A4,dword_54E8A4
0x54E8A8,dword_54E8A8
0x54E8AC,dword_54E8AC
0x54E8B0,dword_54E8B0
0x54E8B4,??_7AEPakFile@@6B@
0x54E8B8,dword_54E8B8
0x54E8BC,dword_54E8BC
0x54E8C0,dword_54E8C0
0x54E8C4,dword_54E8C4
0x54E8C8,dword_54E8C8
0x54E8CC,dword_54E8CC
0x54E8D0,??_7AENormalFile@@6B@
0x54E8D4,dword_54E8D4
0x54E8D8,dword_54E8D8
0x54E8DC,dword_54E8DC
0x54E8E0,dword_54E8E0
0x54E8E4,dword_54E8E4
0x54E8E8,aGbLang
0x54E8F0,aDeLang
0x54E8F8,aItLang
0x54E900,aFrLang
0x54E908,aEsLang
0x54E910,aRuLang
0x54E918,aPlLang
0x54E920,aPtLang
0x54E928,aCzLang
0x54E930,aArLang
0x54E938,aZsLang
0x54E940,aZtLang
0x54E948,aPtlLang
0x54E951,unk_54E951
0x54E954,aMexLang
0x54E95D,unk_54E95D
0x54E960,aKoLang
0x54E968,aJaLang
0x54E970,aWarningLanguag
0x54E996,word_54E996
0x54E998,aClassesMeshCpp
0x54E9BA,word_54E9BA
0x54E9BC,aRAeFail
0x54E9D6,word_54E9D6
0x54E9D8,aErrorCouldNotF
0x54E9F7,byte_54E9F7
0x54E9F8,dword_54E9F8
0x54E9FC,word_54E9FC
0x54E9FE,byte_54E9FE
0x54E9FF,byte_54E9FF
0x54EA00,dword_54EA00
0x54EA04,dword_54EA04
0x54EA08,byte_54EA08
0x54EA09,unk_54EA09
0x54EA0C,dword_54EA0C
0x54EA10,dword_54EA10
0x54EA14,byte_54EA14
0x54EA15,unk_54EA15
0x54EA18,dword_54EA18
0x54EA1C,dword_54EA1C
0x54EA20,byte_54EA20
0x54EA21,unk_54EA21
0x54EA24,dword_54EA24
0x54EA28,dword_54EA28
0x54EA2C,byte_54EA2C
0x54EA2D,unk_54EA2D
0x54EA30,dword_54EA30
0x54EA34,dword_54EA34
0x54EA38,aErrorReadingMe
0x54EA50,aClassesSprites
0x54EA82,unk_54EA82
0x54EA88,aUnexpectedGene
0x54EAF1,unk_54EAF1
0x54EAF4,aClassesImagefo
0x54EB20,aClassesImageCp
0x54EB44,aErrorReadingIm
0x54EB62,word_54EB62
0x54EB64,aErrorReadingIm_0
0x54EB7D,unk_54EB7D
0x54EB80,aUpdatetextload
0x54EBE2,word_54EBE2
0x54EBE4,aUnkownCubemapF
0x54EBFC,dword_54EBFC
0x54EC00,aImageFileSWith
0x54EC54,dword_54EC54
0x54EC58,aImageFileSWith_0
0x54ECA8,aCreateImageFai
0x54ECDB,byte_54ECDB
0x54ECDC,aClassesFbocont
0x54ED0E,word_54ED0E
0x54ED10,aCreated
0x54ED22,unk_54ED22
0x54ED28,aPmultisampling
0x54ED6E,word_54ED6E
0x54ED70,aFbotextureText
0x54EE14,dword_54EE14
0x54EE18,aThisMultisampl
0x54EE7A,word_54EE7A
0x54EE7C,Mode
0x54EE82,word_54EE82
0x54EE84,aWb
0x54EE8A,unk_54EE8A
0x54EE90,dword_54EE90
0x54EE94,??_7FileInterface@@6B@
0x54EE98,dword_54EE98
0x54EE9C,dword_54EE9C
0x54EEA0,dword_54EEA0
0x54EEA4,dword_54EEA4
0x54EEA8,dword_54EEA8
0x54EEAC,dword_54EEAC
0x54EEB0,dword_54EEB0
0x54EEB4,dword_54EEB4
0x54EEB8,dword_54EEB8
0x54EEBC,dword_54EEBC
0x54EEC0,dword_54EEC0
0x54EEC4,dword_54EEC4
0x54EEC8,dword_54EEC8
0x54EECC,dword_54EECC
0x54EED0,dword_54EED0
0x54EED4,dword_54EED4
0x54EED8,dword_54EED8
0x54EEDC,dword_54EEDC
0x54EEE0,dword_54EEE0
0x54EEE4,dword_54EEE4
0x54EEE8,dword_54EEE8
0x54EEEC,??_7FileInterfaceWin@@6B@
0x54EEF0,dword_54EEF0
0x54EEF4,dword_54EEF4
0x54EEF8,dword_54EEF8
0x54EEFC,dword_54EEFC
0x54EF00,dword_54EF00
0x54EF04,dword_54EF04
0x54EF08,dword_54EF08
0x54EF0C,dword_54EF0C
0x54EF10,dword_54EF10
0x54EF14,dword_54EF14
0x54EF18,dword_54EF18
0x54EF1C,dword_54EF1C
0x54EF20,dword_54EF20
0x54EF24,dword_54EF24
0x54EF28,dword_54EF28
0x54EF2C,dword_54EF2C
0x54EF30,dword_54EF30
0x54EF34,dword_54EF34
0x54EF38,dword_54EF38
0x54EF3C,aBumpshaderv3
0x54EF49,unk_54EF49
0x54EF4C,aBumpshaderv3Fx
0x54EF5C,aUModelviewproj
0x54EF78,aULightdirmodel
0x54EF8B,byte_54EF8B
0x54EF8C,aULightdirmodel_0
0x54EF9F,byte_54EF9F
0x54EFA0,aUEyeposmodel
0x54EFAE,word_54EFAE
0x54EFB0,aSTexture0
0x54EFBD,unk_54EFBD
0x54EFC0,aSTexture1
0x54EFCD,unk_54EFCD
0x54EFD0,aUAmbientcolor0
0x54EFE2,word_54EFE2
0x54EFE4,aUDiffusecolor0
0x54EFF6,word_54EFF6
0x54EFF8,aUSpecularcolor
0x54F00B,byte_54F00B
0x54F00C,aUAmbientcolor1
0x54F01E,word_54F01E
0x54F020,aUDiffusecolor1
0x54F032,word_54F032
0x54F034,aUSpecularcolor_0
0x54F047,byte_54F047
0x54F048,aUSpecularpower
0x54F058,aURimcolor
0x54F063,byte_54F063
0x54F064,aUTexbiasdiffus
0x54F075,unk_54F075
0x54F078,aUTexbiasnormal
0x54F088,aUIsglowmat
0x54F094,dword_54F094
0x54F098,??_7ShaderBaseStruct@AbyssEngine@@6B@
0x54F09C,dword_54F09C
0x54F0A0,dword_54F0A0
0x54F0A4,dword_54F0A4
0x54F0A8,dword_54F0A8
0x54F0AC,dword_54F0AC
0x54F0B0,dword_54F0B0
0x54F0B4,dword_54F0B4
0x54F0B8,dword_54F0B8
0x54F0BC,dword_54F0BC
0x54F0C0,dword_54F0C0
0x54F0C4,dword_54F0C4
0x54F0C8,??_7BumpShaderV3@AbyssEngine@@6B@
0x54F0CC,dword_54F0CC
0x54F0D0,dword_54F0D0
0x54F0D4,dword_54F0D4
0x54F0D8,dword_54F0D8
0x54F0DC,dword_54F0DC
0x54F0E0,dword_54F0E0
0x54F0E4,dword_54F0E4
0x54F0E8,dword_54F0E8
0x54F0EC,dword_54F0EC
0x54F0F0,dword_54F0F0
0x54F0F4,aNotexvtxcolors
0x54F108,aNotexvtxcolors_0
0x54F11F,byte_54F11F
0x54F120,aUWorldmatrix
0x54F12E,word_54F12E
0x54F130,aGlcolor
0x54F138,dword_54F138
0x54F13C,??_7NoTexVtxColorShader@AbyssEngine@@6B@
0x54F140,dword_54F140
0x54F144,dword_54F144
0x54F148,dword_54F148
0x54F14C,dword_54F14C
0x54F150,dword_54F150
0x54F154,dword_54F154
0x54F158,dword_54F158
0x54F15C,dword_54F15C
0x54F160,dword_54F160
0x54F164,dword_54F164
0x54F168,aBumpshadercloa
0x54F178,aBumpshadercloa_0
0x54F18B,byte_54F18B
0x54F18C,aUModelmatrix
0x54F19A,word_54F19A
0x54F19C,aSTexture6
0x54F1A9,unk_54F1A9
0x54F1AC,aUTexelsize
0x54F1B8,aUAnimvalue
0x54F1C4,aUCloakrate
0x54F1D0,aUTexelsizeXSin
0x54F1F5,unk_54F1F5
0x54F1F8,aSTextureBase
0x54F207,byte_54F207
0x54F214,dword_54F214
0x54F218,??_7BumpShaderCloak@AbyssEngine@@6B@
0x54F21C,dword_54F21C
0x54F220,dword_54F220
0x54F224,dword_54F224
0x54F228,dword_54F228
0x54F22C,dword_54F22C
0x54F230,dword_54F230
0x54F234,dword_54F234
0x54F238,dword_54F238
0x54F23C,dword_54F23C
0x54F240,dword_54F240
0x54F244,aTexturevtxcolo
0x54F25A,word_54F25A
0x54F25C,aUseVtxcol
0x54F267,byte_54F267
0x54F268,aTexturevtxcolo_0
0x54F288,aUseFog
0x54F290,aSTexture
0x54F29A,word_54F29A
0x54F29C,aUFogcolor
0x54F2A7,byte_54F2A7
0x54F2A8,aUFogmaxdist
0x54F2B5,unk_54F2B5
0x54F2B8,aUFogmindist
0x54F2C5,unk_54F2C5
0x54F2C8,aUEnablefog
0x54F2D4,aUUvanimation
0x54F2E2,word_54F2E2
0x54F2E4,aUUvmatrix
0x54F2EF,byte_54F2EF
0x54F2F0,aTextureShaderU
0x54F31D,unk_54F31D
0x54F320,dword_54F320
0x54F324,??_7TextureVtxColorShader@AbyssEngine@@6B@
0x54F328,dword_54F328
0x54F32C,dword_54F32C
0x54F330,dword_54F330
0x54F334,dword_54F334
0x54F338,dword_54F338
0x54F33C,dword_54F33C
0x54F340,dword_54F340
0x54F344,dword_54F344
0x54F348,dword_54F348
0x54F34C,dword_54F34C
0x54F350,aBloomshader
0x54F35C,aBloomshaderFx
0x54F36B,byte_54F36B
0x54F36C,aUTexsize
0x54F376,word_54F376
0x54F378,aSTextureBloom
0x54F388,dword_54F388
0x54F38C,??_7BloomShader@AbyssEngine@@6B@
0x54F390,dword_54F390
0x54F394,dword_54F394
0x54F398,dword_54F398
0x54F39C,dword_54F39C
0x54F3A0,dword_54F3A0
0x54F3A4,dword_54F3A4
0x54F3A8,dword_54F3A8
0x54F3AC,dword_54F3AC
0x54F3B0,dword_54F3B0
0x54F3B4,dword_54F3B4
0x54F3B8,aBumprimcubesha
0x54F3CA,word_54F3CA
0x54F3CC,aBumprimcubesha_0
0x54F3E1,unk_54F3E1
0x54F3E4,aUModelmatrixfu
0x54F3F6,word_54F3F6
0x54F3F8,aUModelviewmatr
0x54F40A,word_54F40A
0x54F40C,aSTexture2
0x54F419,unk_54F419
0x54F41C,aSTexture3
0x54F429,unk_54F429
0x54F42C,aSTexture4
0x54F439,unk_54F439
0x54F43C,aSTexture5
0x54F449,unk_54F449
0x54F44C,aSTexture7
0x54F459,unk_54F459
0x54F45C,aUTextureCubema
0x54F46E,word_54F46E
0x54F470,aSettextureFail_0
0x54F4AD,unk_54F4AD
0x54F4B0,dword_54F4B0
0x54F4B4,??_7BumpRimCubeShader@AbyssEngine@@6B@
0x54F4B8,dword_54F4B8
0x54F4BC,dword_54F4BC
0x54F4C0,dword_54F4C0
0x54F4C4,dword_54F4C4
0x54F4C8,dword_54F4C8
0x54F4CC,dword_54F4CC
0x54F4D0,dword_54F4D0
0x54F4D4,dword_54F4D4
0x54F4D8,dword_54F4D8
0x54F4DC,dword_54F4DC
0x54F4E0,aTexturealphate
0x54F4F7,byte_54F4F7
0x54F4F8,aTexturealphate_0
0x54F512,word_54F512
0x54F514,aTextureAlphaSh
0x54F547,byte_54F547
0x54F548,dword_54F548
0x54F54C,??_7TextureAlphaTestShader@AbyssEngine@@6B@
0x54F550,dword_54F550
0x54F554,dword_54F554
0x54F558,dword_54F558
0x54F55C,dword_54F55C
0x54F560,dword_54F560
0x54F564,dword_54F564
0x54F568,dword_54F568
0x54F56C,dword_54F56C
0x54F570,dword_54F570
0x54F574,dword_54F574
0x54F578,aTexturelightsh
0x54F58B,byte_54F58B
0x54F58C,aTexturelightsh_0
0x54F5A2,word_54F5A2
0x54F5A4,aUFullmodelmatr
0x54F5B6,word_54F5B6
0x54F5B8,aULightdirectio
0x54F5CC,aULightdirectio_0
0x54F5E0,dword_54F5E0
0x54F5E4,??_7TextureLightShader@AbyssEngine@@6B@
0x54F5E8,dword_54F5E8
0x54F5EC,dword_54F5EC
0x54F5F0,dword_54F5F0
0x54F5F4,dword_54F5F4
0x54F5F8,dword_54F5F8
0x54F5FC,dword_54F5FC
0x54F600,dword_54F600
0x54F604,dword_54F604
0x54F608,dword_54F608
0x54F60C,dword_54F60C
0x54F610,aNotexshader
0x54F61C,aNotexshaderFx
0x54F62B,byte_54F62B
0x54F62C,dword_54F62C
0x54F630,??_7NoTexShader@AbyssEngine@@6B@
0x54F634,dword_54F634
0x54F638,dword_54F638
0x54F63C,dword_54F63C
0x54F640,dword_54F640
0x54F644,dword_54F644
0x54F648,dword_54F648
0x54F64C,dword_54F64C
0x54F650,dword_54F650
0x54F654,dword_54F654
0x54F658,dword_54F658
0x54F65C,aBumpshaderpart
0x54F66F,byte_54F66F
0x54F670,aBumpshaderpart_0
0x54F686,word_54F686
0x54F688,aULightdirmodel_1
0x54F698,aUAmbientcolor
0x54F6A7,byte_54F6A7
0x54F6A8,aUDiffusecolor
0x54F6B7,byte_54F6B7
0x54F6B8,aUSpecularcolor_1
0x54F6C8,dword_54F6C8
0x54F6CC,??_7BumpShaderParticle@AbyssEngine@@6B@
0x54F6D0,dword_54F6D0
0x54F6D4,dword_54F6D4
0x54F6D8,dword_54F6D8
0x54F6DC,dword_54F6DC
0x54F6E0,dword_54F6E0
0x54F6E4,dword_54F6E4
0x54F6E8,dword_54F6E8
0x54F6EC,dword_54F6EC
0x54F6F0,dword_54F6F0
0x54F6F4,dword_54F6F4
0x54F6F8,aShaderbasestru
0x54F709,unk_54F709
0x54F70C,aClassesShaderB
0x54F748,aUMaxanisotropy
0x54F758,aDataShaderHlsl
0x54F76A,word_54F76A
0x54F76C,aErrorCompiling
0x54F795,unk_54F795
0x54F798,aNoShaderCompil
0x54F7C5,unk_54F7C5
0x54F7C8,aCouldNotGetUni
0x54F82D,unk_54F82D
0x54F830,asc_54F830
0x54F832,word_54F832
0x54F834,aSetmatrixFaile
0x54F853,byte_54F853
0x54F854,aSetfloatFailed
0x54F872,word_54F872
0x54F874,aSetvalueFloatF
0x54F899,unk_54F899
0x54F89C,aSetintFailedIn
0x54F8B8,aSettextureFail_1
0x54F8E2,unk_54F8E2
0x54F8E8,aECurrentbindte
0x54F972,word_54F972
0x54F974,aSettextureFail
0x54F9A0,aTextureshader
0x54F9AE,word_54F9AE
0x54F9B0,dword_54F9B0
0x54F9B4,??_7TextureShader@AbyssEngine@@6B@
0x54F9B8,dword_54F9B8
0x54F9BC,dword_54F9BC
0x54F9C0,dword_54F9C0
0x54F9C4,dword_54F9C4
0x54F9C8,dword_54F9C8
0x54F9CC,dword_54F9CC
0x54F9D0,dword_54F9D0
0x54F9D4,dword_54F9D4
0x54F9D8,dword_54F9D8
0x54F9DC,dword_54F9DC
0x54F9E4,aTimer
0x54F9EA,word_54F9EA
0x54F9EC,aKeymap
0x54F9F3,byte_54F9F3
0x54F9F4,aVibration
0x54F9FE,word_54F9FE
0x54FA00,asc_54FA00
0x54FA03,byte_54FA03
0x54FA04,aDirectinput8cr
0x54FA17,byte_54FA17
0x54FA18,aDirectinput8Cr
0x54FA3E,word_54FA3E
0x54FA40,aCreatedMouseS
0x54FA53,byte_54FA53
0x54FA54,aCreatedKeyboar
0x54FA6A,word_54FA6A
0x54FA6C,aDirectinput8Cr_0
0x54FA92,word_54FA92
0x54FA94,aCreatedJoystic
0x54FAB2,word_54FAB2
0x54FAB4,aDirectinput8En
0x54FACE,word_54FACE
0x54FAD0,aMouse
0x54FADC,aKeyboard
0x54FAEE,word_54FAEE
0x54FAF0,aJoystick
0x54FB02,word_54FB02
0x54FB04,aGamepad
0x54FB14,aUnknown
0x54FB24,aSIsAS04x
0x54FB54,dword_54FB54
0x54FB58,??_7HResultException@Input@@6B@
0x54FB5C,dword_54FB5C
0x54FB60,aInvalidMapSetT
0x54FB7C,aMapSetTTooLong
0x54FB90,dword_54FB90
0x54FB94,??_7InputMapper@Input@@6B@
0x54FB98,dword_54FB98
0x54FB9C,dword_54FB9C
0x54FBA0,dword_54FBA0
0x54FBA4,dword_54FBA4
0x54FBA8,aInputdeviceCto
0x54FBBA,word_54FBBA
0x54FBBC,aSAcquireFailed
0x54FBE1,unk_54FBE1
0x54FBE4,aSUnacquireFail
0x54FC0B,byte_54FC0B
0x54FC0C,aInvalidStringP
0x54FC24,aStringTooLong
0x54FC34,dword_54FC34
0x54FC38,??_7InputDevice@Input@@6B@
0x54FC3C,dword_54FC3C
0x54FC40,dword_54FC40
0x54FC44,dword_54FC44
0x54FC48,dword_54FC48
0x54FC4C,dword_54FC4C
0x54FC50,dword_54FC50
0x54FC54,dword_54FC54
0x54FC58,dword_54FC58
0x54FC5C,aInput
0x54FC62,word_54FC62
0x54FC64,aMousetoggle
0x54FC70,aThrottledown
0x54FC7D,unk_54FC7D
0x54FC80,aThrottleup
0x54FC8B,byte_54FC8B
0x54FC8C,aWingmenmenu
0x54FC98,aChangeview
0x54FCA3,byte_54FCA3
0x54FCA4,aPausemenu
0x54FCAE,word_54FCAE
0x54FCB0,aStraferight
0x54FCBC,aStrafeleft
0x54FCC7,byte_54FCC7
0x54FCC8,aRollccw
0x54FCD0,aRollcw
0x54FCD7,byte_54FCD7
0x54FCD8,aAltfire
0x54FCE0,a08x04x04x016i6
0x54FCFD,unk_54FCFD
0x54FD00,aActionmapMapto
0x54FD3B,byte_54FD3B
0x54FD40,aInputmisc
0x54FD4A,word_54FD4A
0x54FD4C,aDeadzone
0x54FD55,unk_54FD55
0x54FD58,aSensitivity
0x54FD64,aGof2Ini
0x54FD6D,unk_54FD6D
0x54FD70,aS_0
0x54FD75,unk_54FD75
0x54FD78,aVideo
0x54FD7E,word_54FD7E
0x54FD80,aFullscreen
0x54FD8B,byte_54FD8B
0x54FD8C,aWidth
0x54FD92,word_54FD92
0x54FD94,aHeight
0x54FD9B,byte_54FD9B
0x54FD9C,aRefreshrate
0x54FDA8,aTexturequality
0x54FDB7,byte_54FDB7
0x54FDB8,aBloom
0x54FDBE,word_54FDBE
0x54FDC0,aAasamples
0x54FDCA,word_54FDCA
0x54FDCC,aAnisofiltering
0x54FDDB,byte_54FDDB
0x54FDDC,aVsync
0x54FDE2,word_54FDE2
0x54FDE4,aAvailableDispl
0x54FE1B,byte_54FE1B
0x54FE1C,aSetpropertyFai
0x54FE3E,word_54FE3E
0x54FE40,aSetdataformatF
0x54FE64,aGetdevicedataF
0x54FE8A,word_54FE8A
0x54FE8C,dword_54FE8C
0x54FE90,??_7Keyboard@Input@@6B@
0x54FE94,dword_54FE94
0x54FE98,dword_54FE98
0x54FE9C,dword_54FE9C
0x54FEA0,dword_54FEA0
0x54FEA4,dword_54FEA4
0x54FEA8,dword_54FEA8
0x54FEAC,dword_54FEAC
0x54FEB0,dword_54FEB0
0x54FEB4,aJoystickPollFa
0x54FEDB,byte_54FEDB
0x54FEDC,asc_54FEDC
0x54FEDE,word_54FEDE
0x54FEE0,aSS
0x54FEEC,off_54FEEC
0x54FEF8,off_54FEF8
0x54FEFC,dword_54FEFC
0x54FF00,dword_54FF00
0x54FF04,??_7X360Controller@Input@@6B@
0x54FF08,dword_54FF08
0x54FF0C,dword_54FF0C
0x54FF10,dword_54FF10
0x54FF14,dword_54FF14
0x54FF18,dword_54FF18
0x54FF1C,dword_54FF1C
0x54FF20,dword_54FF20
0x54FF24,dword_54FF24
0x54FF28,aSetcooperative
0x54FF54,dword_54FF54
0x54FF58,??_7Joystick@Input@@6B@
0x54FF5C,dword_54FF5C
0x54FF60,dword_54FF60
0x54FF64,dword_54FF64
0x54FF68,dword_54FF68
0x54FF6C,dword_54FF6C
0x54FF70,dword_54FF70
0x54FF74,dword_54FF74
0x54FF78,dword_54FF78
0x54FF7C,dword_54FF7C
0x54FF80,??_7Mouse@Input@@6B@
0x54FF84,dword_54FF84
0x54FF88,dword_54FF88
0x54FF8C,dword_54FF8C
0x54FF90,dword_54FF90
0x54FF94,dword_54FF94
0x54FF98,dword_54FF98
0x54FF9C,dword_54FF9C
0x54FFA0,dword_54FFA0
0x54FFA4,flt_54FFA4
0x54FFA8,dbl_54FFA8
0x54FFB0,dbl_54FFB0
0x54FFB8,dbl_54FFB8
0x54FFC0,flt_54FFC0
0x54FFC4,dword_54FFC4
0x54FFC8,dbl_54FFC8
0x54FFD0,dbl_54FFD0
0x54FFD8,flt_54FFD8
0x54FFDC,flt_54FFDC
0x54FFE0,flt_54FFE0
0x54FFE4,dword_54FFE4
0x54FFE8,dbl_54FFE8
0x54FFF0,dbl_54FFF0
0x54FFF8,dbl_54FFF8
0x550000,dbl_550000
0x550008,dbl_550008
0x550010,dbl_550010
0x550018,dbl_550018
0x550020,dbl_550020
0x550028,dbl_550028
0x550030,dbl_550030
0x550038,dbl_550038
0x550040,dbl_550040
0x550048,dbl_550048
0x550050,dbl_550050
0x550058,dbl_550058
0x550060,dbl_550060
0x550068,dbl_550068
0x550070,dbl_550070
0x550078,dbl_550078
0x550080,dbl_550080
0x550088,dbl_550088
0x550090,dbl_550090
0x550098,dbl_550098
0x5500A0,dbl_5500A0
0x5500A8,dbl_5500A8
0x5500B0,dbl_5500B0
0x5500B8,dbl_5500B8
0x5500C0,dbl_5500C0
0x5500C8,dbl_5500C8
0x5500D0,dbl_5500D0
0x5500D8,dbl_5500D8
0x5500E0,dbl_5500E0
0x5500E8,dbl_5500E8
0x5500F0,dbl_5500F0
0x5500F8,dbl_5500F8
0x550100,dbl_550100
0x550108,dbl_550108
0x550110,dbl_550110
0x550118,dbl_550118
0x550120,dbl_550120
0x550128,dbl_550128
0x550130,dbl_550130
0x550138,dbl_550138
0x550140,dbl_550140
0x550148,dbl_550148
0x550150,dbl_550150
0x550158,flt_550158
0x55015C,flt_55015C
0x550160,dbl_550160
0x550168,dbl_550168
0x550170,dbl_550170
0x550178,dbl_550178
0x550180,dbl_550180
0x550188,flt_550188
0x55018C,dword_55018C
0x550190,dbl_550190
0x550198,dbl_550198
0x5501A0,dbl_5501A0
0x5501A8,dbl_5501A8
0x5501B0,dbl_5501B0
0x5501B8,flt_5501B8
0x5501BC,dword_5501BC
0x5501C0,dbl_5501C0
0x5501C8,dbl_5501C8
0x5501D0,dbl_5501D0
0x5501D8,flt_5501D8
0x5501DC,flt_5501DC
0x5501E0,flt_5501E0
0x5501E4,flt_5501E4
0x5501E8,dbl_5501E8
0x5501F0,dbl_5501F0
0x5501F8,dbl_5501F8
0x550200,dbl_550200
0x550208,flt_550208
0x55020C,flt_55020C
0x550210,flt_550210
0x550214,flt_550214
0x550218,flt_550218
0x55021C,flt_55021C
0x550220,flt_550220
0x550224,flt_550224
0x550228,flt_550228
0x55022C,dword_55022C
0x550230,dbl_550230
0x550238,flt_550238
0x55023C,flt_55023C
0x550240,flt_550240
0x550244,flt_550244
0x550248,flt_550248
0x55024C,flt_55024C
0x550250,flt_550250
0x550254,flt_550254
0x550258,flt_550258
0x55025C,flt_55025C
0x550260,flt_550260
0x550264,flt_550264
0x550268,flt_550268
0x55026C,flt_55026C
0x550270,flt_550270
0x550274,flt_550274
0x550278,flt_550278
0x55027C,flt_55027C
0x550280,flt_550280
0x550284,flt_550284
0x550288,flt_550288
0x55028C,flt_55028C
0x550290,flt_550290
0x550294,flt_550294
0x550298,flt_550298
0x55029C,flt_55029C
0x5502A0,flt_5502A0
0x5502A4,flt_5502A4
0x5502A8,flt_5502A8
0x5502AC,flt_5502AC
0x5502B0,flt_5502B0
0x5502B4,flt_5502B4
0x5502B8,flt_5502B8
0x5502BC,flt_5502BC
0x5502C0,flt_5502C0
0x5502C4,flt_5502C4
0x5502C8,flt_5502C8
0x5502CC,flt_5502CC
0x5502D0,flt_5502D0
0x5502D4,flt_5502D4
0x5502D8,flt_5502D8
0x5502DC,flt_5502DC
0x5502E0,flt_5502E0
0x5502E4,flt_5502E4
0x5502E8,flt_5502E8
0x5502EC,flt_5502EC
0x5502F0,flt_5502F0
0x5502F4,flt_5502F4
0x5502F8,flt_5502F8
0x5502FC,flt_5502FC
0x550300,flt_550300
0x550304,flt_550304
0x550308,flt_550308
0x55030C,flt_55030C
0x550310,flt_550310
0x550314,flt_550314
0x550318,flt_550318
0x55031C,flt_55031C
0x550320,flt_550320
0x550324,flt_550324
0x550328,flt_550328
0x55032C,flt_55032C
0x550330,flt_550330
0x550334,flt_550334
0x550338,flt_550338
0x55033C,flt_55033C
0x550340,flt_550340
0x550344,flt_550344
0x550348,flt_550348
0x55034C,flt_55034C
0x550350,flt_550350
0x550354,flt_550354
0x550358,flt_550358
0x55035C,flt_55035C
0x550360,flt_550360
0x550364,flt_550364
0x550368,flt_550368
0x55036C,flt_55036C
0x550370,flt_550370
0x550374,flt_550374
0x550378,flt_550378
0x55037C,flt_55037C
0x550380,flt_550380
0x550384,flt_550384
0x550388,flt_550388
0x55038C,flt_55038C
0x550390,flt_550390
0x550394,flt_550394
0x550398,flt_550398
0x55039C,flt_55039C
0x5503A0,flt_5503A0
0x5503A4,flt_5503A4
0x5503A8,flt_5503A8
0x5503AC,flt_5503AC
0x5503B0,flt_5503B0
0x5503B4,flt_5503B4
0x5503B8,flt_5503B8
0x5503BC,flt_5503BC
0x5503C0,flt_5503C0
0x5503C4,flt_5503C4
0x5503C8,flt_5503C8
0x5503CC,flt_5503CC
0x5503D0,flt_5503D0
0x5503D4,flt_5503D4
0x5503D8,flt_5503D8
0x5503DC,flt_5503DC
0x5503E0,flt_5503E0
0x5503E4,flt_5503E4
0x5503E8,flt_5503E8
0x5503EC,flt_5503EC
0x5503F0,flt_5503F0
0x5503F4,flt_5503F4
0x5503F8,flt_5503F8
0x5503FC,flt_5503FC
0x550400,flt_550400
0x550404,flt_550404
0x550408,flt_550408
0x55040C,flt_55040C
0x550410,flt_550410
0x550414,flt_550414
0x550418,flt_550418
0x55041C,flt_55041C
0x550420,flt_550420
0x550424,flt_550424
0x550428,flt_550428
0x55042C,flt_55042C
0x550430,flt_550430
0x550434,flt_550434
0x550438,flt_550438
0x55043C,flt_55043C
0x550440,flt_550440
0x550444,flt_550444
0x550448,flt_550448
0x55044C,flt_55044C
0x550450,flt_550450
0x550454,flt_550454
0x550458,flt_550458
0x55045C,flt_55045C
0x550460,flt_550460
0x550464,flt_550464
0x550468,flt_550468
0x55046C,flt_55046C
0x550470,flt_550470
0x550474,flt_550474
0x550478,flt_550478
0x55047C,flt_55047C
0x550480,flt_550480
0x550484,flt_550484
0x550488,flt_550488
0x55048C,flt_55048C
0x550490,dbl_550490
0x550498,flt_550498
0x55049C,flt_55049C
0x5504A0,flt_5504A0
0x5504A4,dword_5504A4
0x5504A8,dbl_5504A8
0x5504B0,dbl_5504B0
0x5504B8,dbl_5504B8
0x5504C0,dbl_5504C0
0x5504C8,dbl_5504C8
0x5504D0,flt_5504D0
0x5504D4,flt_5504D4
0x5504D8,dbl_5504D8
0x5504E0,flt_5504E0
0x5504E4,flt_5504E4
0x5504E8,flt_5504E8
0x5504EC,flt_5504EC
0x5504F0,flt_5504F0
0x5504F4,flt_5504F4
0x5504F8,flt_5504F8
0x5504FC,dword_5504FC
0x550500,dbl_550500
0x550508,dbl_550508
0x550510,dbl_550510
0x550518,dbl_550518
0x550520,dbl_550520
0x550528,flt_550528
0x55052C,flt_55052C
0x550530,flt_550530
0x550534,flt_550534
0x550538,flt_550538
0x55053C,flt_55053C
0x550540,flt_550540
0x550544,flt_550544
0x550548,flt_550548
0x55054C,flt_55054C
0x550550,flt_550550
0x550554,flt_550554
0x550558,flt_550558
0x55055C,flt_55055C
0x550560,flt_550560
0x550564,flt_550564
0x550568,flt_550568
0x55056C,flt_55056C
0x550570,flt_550570
0x550574,flt_550574
0x550578,flt_550578
0x55057C,flt_55057C
0x550580,flt_550580
0x550584,flt_550584
0x550588,flt_550588
0x55058C,flt_55058C
0x550590,flt_550590
0x550594,flt_550594
0x550598,flt_550598
0x55059C,flt_55059C
0x5505A0,flt_5505A0
0x5505A4,flt_5505A4
0x5505A8,flt_5505A8
0x5505AC,flt_5505AC
0x5505B0,flt_5505B0
0x5505B4,dword_5505B4
0x5505B8,dbl_5505B8
0x5505C0,flt_5505C0
0x5505C4,flt_5505C4
0x5505C8,flt_5505C8
0x5505CC,flt_5505CC
0x5505D0,flt_5505D0
0x5505D4,flt_5505D4
0x5505D8,flt_5505D8
0x5505DC,flt_5505DC
0x5505E0,flt_5505E0
0x5505E4,flt_5505E4
0x5505E8,flt_5505E8
0x5505EC,flt_5505EC
0x5505F0,flt_5505F0
0x5505F4,flt_5505F4
0x5505F8,flt_5505F8
0x5505FC,flt_5505FC
0x550600,flt_550600
0x550604,flt_550604
0x550608,flt_550608
0x55060C,dword_55060C
0x550610,dbl_550610
0x550618,flt_550618
0x55061C,flt_55061C
0x550620,dbl_550620
0x550628,dbl_550628
0x550630,flt_550630
0x550634,dword_550634
0x550638,dbl_550638
0x550640,dbl_550640
0x550648,flt_550648
0x55064C,dword_55064C
0x550650,dbl_550650
0x550658,dbl_550658
0x550660,dbl_550660
0x550668,dbl_550668
0x550670,dbl_550670
0x550678,flt_550678
0x55067C,flt_55067C
0x550680,flt_550680
0x550684,flt_550684
0x550688,flt_550688
0x55068C,flt_55068C
0x550690,flt_550690
0x550694,dword_550694
0x550698,dbl_550698
0x5506A0,dbl_5506A0
0x5506A8,dbl_5506A8
0x5506B0,flt_5506B0
0x5506B4,flt_5506B4
0x5506B8,flt_5506B8
0x5506BC,dword_5506BC
0x5506C0,dbl_5506C0
0x5506C8,dbl_5506C8
0x5506D0,dbl_5506D0
0x5506D8,dbl_5506D8
0x5506E0,dbl_5506E0
0x5506E8,dbl_5506E8
0x5506F0,dbl_5506F0
0x5506F8,dbl_5506F8
0x550700,flt_550700
0x550704,dword_550704
0x550708,dbl_550708
0x550710,flt_550710
0x550714,dword_550714
0x550718,dbl_550718
0x550720,flt_550720
0x550724,dword_550724
0x550728,dbl_550728
0x550730,flt_550730
0x550734,flt_550734
0x550738,flt_550738
0x55073C,flt_55073C
0x550740,flt_550740
0x550744,dword_550744
0x550748,dbl_550748
0x550750,flt_550750
0x550754,flt_550754
0x550758,flt_550758
0x55075C,flt_55075C
0x550760,flt_550760
0x550764,flt_550764
0x550768,dbl_550768
0x550770,flt_550770
0x550774,flt_550774
0x550778,flt_550778
0x55077C,dword_55077C
0x550780,dbl_550780
0x550788,dbl_550788
0x550790,flt_550790
0x550794,dword_550794
0x550798,dbl_550798
0x5507A0,dbl_5507A0
0x5507A8,flt_5507A8
0x5507AC,dword_5507AC
0x5507B0,dbl_5507B0
0x5507B8,dbl_5507B8
0x5507C0,dbl_5507C0
0x5507C8,dbl_5507C8
0x5507D0,dbl_5507D0
0x5507D8,flt_5507D8
0x5507DC,flt_5507DC
0x5507E0,flt_5507E0
0x5507E4,dword_5507E4
0x5507E8,dbl_5507E8
0x5507F0,dbl_5507F0
0x5507F8,dbl_5507F8
0x550800,dbl_550800
0x550808,dbl_550808
0x550810,flt_550810
0x550814,flt_550814
0x550818,flt_550818
0x55081C,flt_55081C
0x550820,flt_550820
0x550824,flt_550824
0x550828,flt_550828
0x55082C,flt_55082C
0x550830,flt_550830
0x550834,flt_550834
0x550838,dbl_550838
0x550840,dbl_550840
0x550848,dbl_550848
0x550850,dbl_550850
0x550858,dbl_550858
0x550860,dbl_550860
0x550868,dbl_550868
0x550870,dbl_550870
0x550878,dbl_550878
0x550880,dbl_550880
0x550888,dbl_550888
0x550890,dbl_550890
0x550898,dbl_550898
0x5508A0,flt_5508A0
0x5508A4,dword_5508A4
0x5508A8,dbl_5508A8
0x5508B0,dbl_5508B0
0x5508B8,dbl_5508B8
0x5508C0,flt_5508C0
0x5508C4,flt_5508C4
0x5508C8,flt_5508C8
0x5508CC,flt_5508CC
0x5508D0,flt_5508D0
0x5508D4,flt_5508D4
0x5508D8,flt_5508D8
0x5508DC,dword_5508DC
0x5508E0,dbl_5508E0
0x5508E8,flt_5508E8
0x5508EC,dword_5508EC
0x5508F0,dbl_5508F0
0x5508F8,dbl_5508F8
0x550900,dbl_550900
0x550908,dbl_550908
0x550910,dbl_550910
0x550918,flt_550918
0x55091C,dword_55091C
0x550920,dbl_550920
0x550928,dbl_550928
0x550930,dbl_550930
0x550938,dbl_550938
0x550940,dbl_550940
0x550948,flt_550948
0x55094C,flt_55094C
0x550950,dbl_550950
0x550958,dbl_550958
0x550960,dbl_550960
0x550968,dbl_550968
0x550970,dbl_550970
0x550978,dbl_550978
0x550980,dbl_550980
0x550988,dbl_550988
0x550990,dbl_550990
0x550998,dbl_550998
0x5509A0,dbl_5509A0
0x5509A8,dbl_5509A8
0x5509B0,dbl_5509B0
0x5509B8,dbl_5509B8
0x5509C0,flt_5509C0
0x5509C4,dword_5509C4
0x5509C8,dbl_5509C8
0x5509D0,dbl_5509D0
0x5509D8,flt_5509D8
0x5509DC,flt_5509DC
0x5509E0,flt_5509E0
0x5509E4,dword_5509E4
0x5509E8,dbl_5509E8
0x5509F0,flt_5509F0
0x5509F4,flt_5509F4
0x5509F8,dbl_5509F8
0x550A00,dbl_550A00
0x550A08,dbl_550A08
0x550A10,dbl_550A10
0x550A18,dbl_550A18
0x550A20,dbl_550A20
0x550A28,dbl_550A28
0x550A30,dbl_550A30
0x550A38,flt_550A38
0x550A3C,flt_550A3C
0x550A40,dbl_550A40
0x550A48,dbl_550A48
0x550A50,dbl_550A50
0x550A58,flt_550A58
0x550A5C,dword_550A5C
0x550A60,dbl_550A60
0x550A68,dbl_550A68
0x550A70,dbl_550A70
0x550A78,dbl_550A78
0x550A80,dbl_550A80
0x550A88,dbl_550A88
0x550A90,dbl_550A90
0x550A98,dbl_550A98
0x550AA0,dbl_550AA0
0x550AA8,dbl_550AA8
0x550AB0,flt_550AB0
0x550AB4,dword_550AB4
0x550AB8,dbl_550AB8
0x550AC0,dbl_550AC0
0x550AC8,dbl_550AC8
0x550AD0,dbl_550AD0
0x550AD8,dbl_550AD8
0x550AE0,dbl_550AE0
0x550AE8,dbl_550AE8
0x550AF0,flt_550AF0
0x550AF4,flt_550AF4
0x550AF8,dbl_550AF8
0x550B00,flt_550B00
0x550B04,flt_550B04
0x550B08,flt_550B08
0x550B0C,flt_550B0C
0x550B10,flt_550B10
0x550B14,flt_550B14
0x550B18,flt_550B18
0x550B1C,flt_550B1C
0x550B20,flt_550B20
0x550B24,flt_550B24
0x550B28,dbl_550B28
0x550B30,dbl_550B30
0x550B38,dbl_550B38
0x550B40,flt_550B40
0x550B44,flt_550B44
0x550B48,dbl_550B48
0x550B50,flt_550B50
0x550B54,flt_550B54
0x550B58,dbl_550B58
0x550B60,dbl_550B60
0x550B68,dbl_550B68
0x550B70,flt_550B70
0x550B74,flt_550B74
0x550B78,flt_550B78
0x550B7C,flt_550B7C
0x550B80,flt_550B80
0x550B84,flt_550B84
0x550B88,flt_550B88
0x550B8C,flt_550B8C
0x550B90,flt_550B90
0x550B94,flt_550B94
0x550B98,flt_550B98
0x550B9C,flt_550B9C
0x550BA0,flt_550BA0
0x550BA4,dword_550BA4
0x550BA8,dbl_550BA8
0x550BB0,dbl_550BB0
0x550BB8,dbl_550BB8
0x550BC0,flt_550BC0
0x550BC4,flt_550BC4
0x550BC8,flt_550BC8
0x550BCC,flt_550BCC
0x550BD0,flt_550BD0
0x550BD4,flt_550BD4
0x550BD8,flt_550BD8
0x550BDC,flt_550BDC
0x550BE0,flt_550BE0
0x550BE4,dword_550BE4
0x550BE8,dbl_550BE8
0x550BF0,flt_550BF0
0x550BF4,flt_550BF4
0x550BF8,flt_550BF8
0x550BFC,dword_550BFC
0x550C00,dbl_550C00
0x550C08,flt_550C08
0x550C0C,flt_550C0C
0x550C10,flt_550C10
0x550C14,flt_550C14
0x550C18,flt_550C18
0x550C1C,dword_550C1C
0x550C20,dbl_550C20
0x550C28,dbl_550C28
0x550C30,dbl_550C30
0x550C38,dbl_550C38
0x550C40,dbl_550C40
0x550C48,flt_550C48
0x550C4C,flt_550C4C
0x550C50,flt_550C50
0x550C54,dword_550C54
0x550C58,dbl_550C58
0x550C60,flt_550C60
0x550C64,flt_550C64
0x550C68,dbl_550C68
0x550C70,dbl_550C70
0x550C78,dbl_550C78
0x550C80,flt_550C80
0x550C84,flt_550C84
0x550C88,flt_550C88
0x550C8C,flt_550C8C
0x550C90,flt_550C90
0x550C94,flt_550C94
0x550C98,flt_550C98
0x550C9C,flt_550C9C
0x550CA0,dbl_550CA0
0x550CA8,dbl_550CA8
0x550CB0,flt_550CB0
0x550CB4,flt_550CB4
0x550CB8,flt_550CB8
0x550CBC,flt_550CBC
0x550CC0,flt_550CC0
0x550CC4,dword_550CC4
0x550CC8,dbl_550CC8
0x550CD0,dbl_550CD0
0x550CD8,flt_550CD8
0x550CDC,flt_550CDC
0x550CE0,flt_550CE0
0x550CE4,flt_550CE4
0x550CE8,flt_550CE8
0x550CEC,flt_550CEC
0x550CF0,flt_550CF0
0x550CF4,dword_550CF4
0x550CF8,dbl_550CF8
0x550D00,flt_550D00
0x550D04,flt_550D04
0x550D08,flt_550D08
0x550D0C,flt_550D0C
0x550D10,flt_550D10
0x550D14,flt_550D14
0x550D18,flt_550D18
0x550D1C,dword_550D1C
0x550D20,dbl_550D20
0x550D28,flt_550D28
0x550D2C,flt_550D2C
0x550D30,dbl_550D30
0x550D38,flt_550D38
0x550D3C,flt_550D3C
0x550D40,dbl_550D40
0x550D48,flt_550D48
0x550D4C,flt_550D4C
0x550D50,dbl_550D50
0x550D58,dbl_550D58
0x550D60,flt_550D60
0x550D64,dword_550D64
0x550D68,dbl_550D68
0x550D70,dbl_550D70
0x550D78,flt_550D78
0x550D7C,dword_550D7C
0x550D80,dbl_550D80
0x550D88,flt_550D88
0x550D8C,flt_550D8C
0x550D90,flt_550D90
0x550D94,flt_550D94
0x550D98,flt_550D98
0x550D9C,flt_550D9C
0x550DA0,flt_550DA0
0x550DA4,flt_550DA4
0x550DA8,dbl_550DA8
0x550DB0,dbl_550DB0
0x550DB8,flt_550DB8
0x550DBC,flt_550DBC
0x550DC0,dbl_550DC0
0x550DC8,dbl_550DC8
0x550DD0,dbl_550DD0
0x550DD8,dbl_550DD8
0x550DE0,dbl_550DE0
0x550DE8,dbl_550DE8
0x550DF0,flt_550DF0
0x550DF4,flt_550DF4
0x550DF8,flt_550DF8
0x550DFC,dword_550DFC
0x550E00,dbl_550E00
0x550E08,flt_550E08
0x550E0C,dword_550E0C
0x550E10,dbl_550E10
0x550E18,flt_550E18
0x550E1C,flt_550E1C
0x550E20,flt_550E20
0x550E24,flt_550E24
0x550E28,dbl_550E28
0x550E30,flt_550E30
0x550E34,flt_550E34
0x550E38,dbl_550E38
0x550E40,dbl_550E40
0x550E48,dbl_550E48
0x550E50,dbl_550E50
0x550E58,flt_550E58
0x550E5C,dword_550E5C
0x550E60,dbl_550E60
0x550E68,dbl_550E68
0x550E70,dbl_550E70
0x550E78,dbl_550E78
0x550E80,flt_550E80
0x550E84,dword_550E84
0x550E88,dbl_550E88
0x550E90,flt_550E90
0x550E94,flt_550E94
0x550E98,dbl_550E98
0x550EA0,dbl_550EA0
0x550EA8,flt_550EA8
0x550EAC,dword_550EAC
0x550EB0,dbl_550EB0
0x550EB8,dbl_550EB8
0x550EC0,dbl_550EC0
0x550EC8,dbl_550EC8
0x550ED0,dbl_550ED0
0x550ED8,dbl_550ED8
0x550EE0,dbl_550EE0
0x550EE8,dbl_550EE8
0x550EF0,dbl_550EF0
0x550EF8,dbl_550EF8
0x550F00,dbl_550F00
0x550F08,dbl_550F08
0x550F10,dbl_550F10
0x550F18,dbl_550F18
0x550F20,dbl_550F20
0x550F28,dbl_550F28
0x550F30,flt_550F30
0x550F34,flt_550F34
0x550F38,dbl_550F38
0x550F40,flt_550F40
0x550F44,flt_550F44
0x550F48,flt_550F48
0x550F4C,flt_550F4C
0x550F50,flt_550F50
0x550F54,flt_550F54
0x550F58,flt_550F58
0x550F5C,flt_550F5C
0x550F60,flt_550F60
0x550F64,dword_550F64
0x550F68,dbl_550F68
0x550F70,dbl_550F70
0x550F78,flt_550F78
0x550F7C,dword_550F7C
0x550F80,dbl_550F80
0x550F88,dbl_550F88
0x550F90,flt_550F90
0x550F94,flt_550F94
0x550F98,flt_550F98
0x550F9C,flt_550F9C
0x550FA0,flt_550FA0
0x550FA4,flt_550FA4
0x550FA8,flt_550FA8
0x550FAC,flt_550FAC
0x550FB0,flt_550FB0
0x550FB4,flt_550FB4
0x550FB8,flt_550FB8
0x550FBC,flt_550FBC
0x550FC0,flt_550FC0
0x550FC4,flt_550FC4
0x550FC8,flt_550FC8
0x550FCC,flt_550FCC
0x550FD0,flt_550FD0
0x550FD4,flt_550FD4
0x550FD8,flt_550FD8
0x550FDC,flt_550FDC
0x550FE0,flt_550FE0
0x550FE4,flt_550FE4
0x550FE8,flt_550FE8
0x550FEC,flt_550FEC
0x550FF0,flt_550FF0
0x550FF4,flt_550FF4
0x550FF8,flt_550FF8
0x550FFC,flt_550FFC
0x551000,flt_551000
0x551004,flt_551004
0x551008,flt_551008
0x55100C,flt_55100C
0x551010,flt_551010
0x551014,flt_551014
0x551018,flt_551018
0x55101C,flt_55101C
0x551020,flt_551020
0x551024,flt_551024
0x551028,flt_551028
0x55102C,flt_55102C
0x551030,flt_551030
0x551034,flt_551034
0x551038,flt_551038
0x55103C,flt_55103C
0x551040,flt_551040
0x551044,flt_551044
0x551048,flt_551048
0x55104C,flt_55104C
0x551050,flt_551050
0x551054,flt_551054
0x551058,flt_551058
0x55105C,flt_55105C
0x551060,flt_551060
0x551064,flt_551064
0x551068,flt_551068
0x55106C,flt_55106C
0x551070,flt_551070
0x551074,flt_551074
0x551078,flt_551078
0x55107C,flt_55107C
0x551080,flt_551080
0x551084,flt_551084
0x551088,flt_551088
0x55108C,flt_55108C
0x551090,flt_551090
0x551094,flt_551094
0x551098,flt_551098
0x55109C,flt_55109C
0x5510A0,flt_5510A0
0x5510A4,flt_5510A4
0x5510A8,flt_5510A8
0x5510AC,flt_5510AC
0x5510B0,flt_5510B0
0x5510B4,flt_5510B4
0x5510B8,flt_5510B8
0x5510BC,flt_5510BC
0x5510C0,flt_5510C0
0x5510C4,flt_5510C4
0x5510C8,flt_5510C8
0x5510CC,flt_5510CC
0x5510D0,flt_5510D0
0x5510D4,flt_5510D4
0x5510D8,flt_5510D8
0x5510DC,flt_5510DC
0x5510E0,flt_5510E0
0x5510E4,flt_5510E4
0x5510E8,flt_5510E8
0x5510EC,flt_5510EC
0x5510F0,flt_5510F0
0x5510F4,flt_5510F4
0x5510F8,flt_5510F8
0x5510FC,flt_5510FC
0x551100,flt_551100
0x551104,flt_551104
0x551108,flt_551108
0x55110C,flt_55110C
0x551110,flt_551110
0x551114,flt_551114
0x551118,flt_551118
0x55111C,flt_55111C
0x551120,flt_551120
0x551124,flt_551124
0x551128,flt_551128
0x55112C,flt_55112C
0x551130,flt_551130
0x551134,flt_551134
0x551138,flt_551138
0x55113C,flt_55113C
0x551140,flt_551140
0x551144,flt_551144
0x551148,flt_551148
0x55114C,flt_55114C
0x551150,flt_551150
0x551154,flt_551154
0x551158,flt_551158
0x55115C,flt_55115C
0x551160,flt_551160
0x551164,flt_551164
0x551168,flt_551168
0x55116C,flt_55116C
0x551170,flt_551170
0x551174,flt_551174
0x551178,flt_551178
0x55117C,flt_55117C
0x551180,flt_551180
0x551184,dword_551184
0x551188,dbl_551188
0x551190,dbl_551190
0x551198,flt_551198
0x55119C,flt_55119C
0x5511A0,flt_5511A0
0x5511A4,flt_5511A4
0x5511A8,flt_5511A8
0x5511AC,flt_5511AC
0x5511B0,flt_5511B0
0x5511B4,flt_5511B4
0x5511B8,flt_5511B8
0x5511BC,flt_5511BC
0x5511C0,flt_5511C0
0x5511C4,flt_5511C4
0x5511C8,flt_5511C8
0x5511CC,flt_5511CC
0x5511D0,flt_5511D0
0x5511D4,flt_5511D4
0x5511D8,flt_5511D8
0x5511DC,flt_5511DC
0x5511E0,flt_5511E0
0x5511E4,dword_5511E4
0x5511E8,dbl_5511E8
0x5511F0,dbl_5511F0
0x5511F8,flt_5511F8
0x5511FC,flt_5511FC
0x551200,flt_551200
0x551204,flt_551204
0x551208,dbl_551208
0x551210,dbl_551210
0x551218,dbl_551218
0x551220,dbl_551220
0x551228,flt_551228
0x55122C,flt_55122C
0x551230,flt_551230
0x551234,flt_551234
0x551238,flt_551238
0x55123C,flt_55123C
0x551240,flt_551240
0x551244,flt_551244
0x551248,flt_551248
0x55124C,flt_55124C
0x551250,flt_551250
0x551254,flt_551254
0x551258,dbl_551258
0x551260,__load_config_used
0x551264,dword_551264
0x551268,dword_551268
0x55126C,dword_55126C
0x551270,dword_551270
0x551274,dword_551274
0x551278,dword_551278
0x55127C,dword_55127C
0x551280,dword_551280
0x551284,dword_551284
0x551288,dword_551288
0x55128C,dword_55128C
0x551290,dword_551290
0x551294,word_551294
0x551296,word_551296
0x551298,dword_551298
0x55129C,dword_55129C
0x5512A0,dword_5512A0
0x5512A4,dword_5512A4
0x5512A8,asc_5512A8
0x5512AC,unk_5512AC
0x5512BC,dword_5512BC
0x5512C0,unk_5512C0
0x5512DC,??_R4type_info@@6B@
0x5512E0,dword_5512E0
0x5512E4,dword_5512E4
0x5512E8,dword_5512E8
0x5512EC,dword_5512EC
0x5512F0,??_R3type_info@@8
0x5512F4,dword_5512F4
0x5512F8,dword_5512F8
0x5512FC,dword_5512FC
0x551300,??_R2type_info@@8
0x551304,dword_551304
0x551308,??_R1A@?0A@EA@type_info@@8
0x55130C,dword_55130C
0x551310,dword_551310
0x551314,dword_551314
0x551318,dword_551318
0x55131C,dword_55131C
0x551320,dword_551320
0x551324,??_R4?$CCallback@VAchievements@@UUserAchievementStored_t@@$0A@@@6B@
0x551328,dword_551328
0x55132C,dword_55132C
0x551330,dword_551330
0x551334,dword_551334
0x551338,??_R3?$CCallback@VAchievements@@UUserAchievementStored_t@@$0A@@@8
0x55133C,dword_55133C
0x551340,dword_551340
0x551344,dword_551344
0x551348,??_R2?$CCallback@VAchievements@@UUserAchievementStored_t@@$0A@@@8
0x55134C,dword_55134C
0x551354,??_R1A@?0A@EA@?$CCallback@VAchievements@@UUserAchievementStored_t@@$0A@@@8
0x551358,dword_551358
0x55135C,dword_55135C
0x551360,dword_551360
0x551364,dword_551364
0x551368,dword_551368
0x55136C,dword_55136C
0x551370,??_R4?$CCallback@VAchievements@@UUserStatsStored_t@@$0A@@@6B@
0x551374,dword_551374
0x551378,dword_551378
0x55137C,dword_55137C
0x551380,dword_551380
0x551384,??_R3?$CCallback@VAchievements@@UUserStatsStored_t@@$0A@@@8
0x551388,dword_551388
0x55138C,dword_55138C
0x551390,dword_551390
0x551394,??_R2?$CCallback@VAchievements@@UUserStatsStored_t@@$0A@@@8
0x551398,dword_551398
0x55139C,dword_55139C
0x5513A0,??_R1A@?0A@EA@?$CCallback@VAchievements@@UUserStatsStored_t@@$0A@@@8
0x5513A4,dword_5513A4
0x5513A8,dword_5513A8
0x5513AC,dword_5513AC
0x5513B0,dword_5513B0
0x5513B4,dword_5513B4
0x5513B8,dword_5513B8
0x5513BC,??_R4?$CCallback@VAchievements@@UUserStatsReceived_t@@$0A@@@6B@
0x5513C0,dword_5513C0
0x5513C4,dword_5513C4
0x5513C8,dword_5513C8
0x5513CC,dword_5513CC
0x5513D0,??_R3?$CCallback@VAchievements@@UUserStatsReceived_t@@$0A@@@8
0x5513D4,dword_5513D4
0x5513D8,dword_5513D8
0x5513DC,dword_5513DC
0x5513E0,??_R2?$CCallback@VAchievements@@UUserStatsReceived_t@@$0A@@@8
0x5513E4,dword_5513E4
0x5513EC,??_R1A@?0A@EN@CCallbackBase@@8
0x5513F0,dword_5513F0
0x5513F4,dword_5513F4
0x5513F8,dword_5513F8
0x5513FC,dword_5513FC
0x551400,dword_551400
0x551404,dword_551404
0x551408,??_R1A@?0A@EA@?$CCallback@VAchievements@@UUserStatsReceived_t@@$0A@@@8
0x55140C,dword_55140C
0x551410,dword_551410
0x551414,dword_551414
0x551418,dword_551418
0x55141C,dword_55141C
0x551420,dword_551420
0x551424,??_R3CCallbackBase@@8
0x551428,dword_551428
0x55142C,dword_55142C
0x551430,dword_551430
0x551434,??_R2CCallbackBase@@8
0x55143C,??_R1A@?0A@EA@CCallbackBase@@8
0x551440,dword_551440
0x551444,dword_551444
0x551448,dword_551448
0x55144C,dword_55144C
0x551450,dword_551450
0x551454,dword_551454
0x551458,??_R4BeamGun@@6B@
0x55145C,dword_55145C
0x551460,dword_551460
0x551464,dword_551464
0x551468,dword_551468
0x55146C,??_R3BeamGun@@8
0x551470,dword_551470
0x551474,dword_551474
0x551478,dword_551478
0x55147C,??_R2BeamGun@@8
0x551480,dword_551480
0x551484,dword_551484
0x551488,??_R1A@?0A@EA@BeamGun@@8
0x55148C,dword_55148C
0x551490,dword_551490
0x551494,dword_551494
0x551498,dword_551498
0x55149C,dword_55149C
0x5514A0,dword_5514A0
0x5514A4,??_R4AbstractGun@@6B@
0x5514A8,dword_5514A8
0x5514AC,dword_5514AC
0x5514B0,dword_5514B0
0x5514B4,dword_5514B4
0x5514B8,??_R3AbstractGun@@8
0x5514BC,dword_5514BC
0x5514C0,dword_5514C0
0x5514C4,dword_5514C4
0x5514C8,??_R2AbstractGun@@8
0x5514CC,dword_5514CC
0x5514D0,??_R1A@?0A@EA@AbstractGun@@8
0x5514D4,dword_5514D4
0x5514D8,dword_5514D8
0x5514DC,dword_5514DC
0x5514E0,dword_5514E0
0x5514E4,dword_5514E4
0x5514E8,dword_5514E8
0x5514EC,??_R4BombGun@@6B@
0x5514F0,dword_5514F0
0x5514F4,dword_5514F4
0x5514F8,dword_5514F8
0x5514FC,dword_5514FC
0x551500,??_R3BombGun@@8
0x551504,dword_551504
0x551508,dword_551508
0x55150C,dword_55150C
0x551510,??_R2BombGun@@8
0x551514,dword_551514
0x551518,dword_551518
0x55151C,dword_55151C
0x551524,??_R1A@?0A@EA@RocketGun@@8
0x551528,dword_551528
0x55152C,dword_55152C
0x551530,dword_551530
0x551534,dword_551534
0x551538,dword_551538
0x55153C,dword_55153C
0x551540,??_R3RocketGun@@8
0x551544,dword_551544
0x551548,dword_551548
0x55154C,dword_55154C
0x551550,??_R2RocketGun@@8
0x551554,dword_551554
0x551558,dword_551558
0x55155C,dword_55155C
0x551560,??_R1A@?0A@EA@ObjectGun@@8
0x551564,dword_551564
0x551568,dword_551568
0x55156C,dword_55156C
0x551570,dword_551570
0x551574,dword_551574
0x551578,dword_551578
0x55157C,??_R3ObjectGun@@8
0x551580,dword_551580
0x551584,dword_551584
0x551588,dword_551588
0x55158C,??_R2ObjectGun@@8
0x551590,dword_551590
0x551594,dword_551594
0x551598,??_R1A@?0A@EA@BombGun@@8
0x55159C,dword_55159C
0x5515A0,dword_5515A0
0x5515A4,dword_5515A4
0x5515A8,dword_5515A8
0x5515AC,dword_5515AC
0x5515B0,dword_5515B0
0x5515B4,??_R4BoundingAAB@@6B@
0x5515B8,dword_5515B8
0x5515BC,dword_5515BC
0x5515C0,dword_5515C0
0x5515C4,dword_5515C4
0x5515C8,??_R3BoundingAAB@@8
0x5515CC,dword_5515CC
0x5515D0,dword_5515D0
0x5515D4,dword_5515D4
0x5515D8,??_R2BoundingAAB@@8
0x5515DC,dword_5515DC
0x5515E4,??_R1A@?0A@EA@BoundingVolume@@8
0x5515E8,dword_5515E8
0x5515EC,dword_5515EC
0x5515F0,dword_5515F0
0x5515F4,dword_5515F4
0x5515F8,dword_5515F8
0x5515FC,dword_5515FC
0x551600,??_R3BoundingVolume@@8
0x551604,dword_551604
0x551608,dword_551608
0x55160C,dword_55160C
0x551610,??_R2BoundingVolume@@8
0x551614,dword_551614
0x551618,??_R1A@?0A@EA@BoundingAAB@@8
0x55161C,dword_55161C
0x551620,dword_551620
0x551624,dword_551624
0x551628,dword_551628
0x55162C,dword_55162C
0x551630,dword_551630
0x551634,??_R4BoundingSphere@@6B@
0x551638,dword_551638
0x55163C,dword_55163C
0x551640,dword_551640
0x551644,dword_551644
0x551648,??_R3BoundingSphere@@8
0x55164C,dword_55164C
0x551650,dword_551650
0x551654,dword_551654
0x551658,??_R2BoundingSphere@@8
0x55165C,dword_55165C
0x551664,??_R1A@?0A@EA@BoundingSphere@@8
0x551668,dword_551668
0x55166C,dword_55166C
0x551670,dword_551670
0x551674,dword_551674
0x551678,dword_551678
0x55167C,dword_55167C
0x551680,??_R4BoundingVolume@@6B@
0x551684,dword_551684
0x551688,dword_551688
0x55168C,dword_55168C
0x551690,dword_551690
0x551694,??_R4KIPlayer@@6B@
0x551698,dword_551698
0x55169C,dword_55169C
0x5516A0,dword_5516A0
0x5516A4,dword_5516A4
0x5516A8,??_R3KIPlayer@@8
0x5516AC,dword_5516AC
0x5516B0,dword_5516B0
0x5516B4,dword_5516B4
0x5516B8,??_R2KIPlayer@@8
0x5516BC,dword_5516BC
0x5516C0,??_R1A@?0A@EA@KIPlayer@@8
0x5516C4,dword_5516C4
0x5516C8,dword_5516C8
0x5516CC,dword_5516CC
0x5516D0,dword_5516D0
0x5516D4,dword_5516D4
0x5516D8,dword_5516D8
0x5516DC,??_R4MGame@@6B@
0x5516E0,dword_5516E0
0x5516E4,dword_5516E4
0x5516E8,dword_5516E8
0x5516EC,dword_5516EC
0x5516F0,??_R3MGame@@8
0x5516F4,dword_5516F4
0x5516F8,dword_5516F8
0x5516FC,dword_5516FC
0x551700,??_R2MGame@@8
0x551704,dword_551704
0x55170C,??_R1A@?0A@EA@MGame@@8
0x551710,dword_551710
0x551714,dword_551714
0x551718,dword_551718
0x55171C,dword_55171C
0x551720,dword_551720
0x551724,dword_551724
0x551728,??_R4IApplicationModule@AbyssEngine@@6B@
0x55172C,dword_55172C
0x551730,dword_551730
0x551734,dword_551734
0x551738,dword_551738
0x55173C,??_R3IApplicationModule@AbyssEngine@@8
0x551740,dword_551740
0x551744,dword_551744
0x551748,dword_551748
0x55174C,??_R2IApplicationModule@AbyssEngine@@8
0x551754,??_R1A@?0A@EA@IApplicationModule@AbyssEngine@@8
0x551758,dword_551758
0x55175C,dword_55175C
0x551760,dword_551760
0x551764,dword_551764
0x551768,dword_551768
0x55176C,dword_55176C
0x551770,??_R4MineGun@@6B@
0x551774,dword_551774
0x551778,dword_551778
0x55177C,dword_55177C
0x551780,dword_551780
0x551784,??_R3MineGun@@8
0x551788,dword_551788
0x55178C,dword_55178C
0x551790,dword_551790
0x551794,??_R2MineGun@@8
0x551798,dword_551798
0x55179C,dword_55179C
0x5517A4,??_R1A@?0A@EA@MineGun@@8
0x5517A8,dword_5517A8
0x5517AC,dword_5517AC
0x5517B0,dword_5517B0
0x5517B4,dword_5517B4
0x5517B8,dword_5517B8
0x5517BC,dword_5517BC
0x5517C0,??_R4ModMainMenu@@6B@
0x5517C4,dword_5517C4
0x5517C8,dword_5517C8
0x5517CC,dword_5517CC
0x5517D0,dword_5517D0
0x5517D4,??_R3ModMainMenu@@8
0x5517D8,dword_5517D8
0x5517DC,dword_5517DC
0x5517E0,dword_5517E0
0x5517E4,??_R2ModMainMenu@@8
0x5517E8,dword_5517E8
0x5517EC,dword_5517EC
0x5517F0,??_R1A@?0A@EA@ModMainMenu@@8
0x5517F4,dword_5517F4
0x5517F8,dword_5517F8
0x5517FC,dword_5517FC
0x551800,dword_551800
0x551804,dword_551804
0x551808,dword_551808
0x55180C,??_R4ModStation@@6B@
0x551810,dword_551810
0x551814,dword_551814
0x551818,dword_551818
0x55181C,dword_55181C
0x551820,??_R3ModStation@@8
0x551824,dword_551824
0x551828,dword_551828
0x55182C,dword_55182C
0x551830,??_R2ModStation@@8
0x551834,dword_551834
0x55183C,??_R1A@?0A@EA@ModStation@@8
0x551840,dword_551840
0x551844,dword_551844
0x551848,dword_551848
0x55184C,dword_55184C
0x551850,dword_551850
0x551854,dword_551854
0x551858,??_R4MTitle@@6B@
0x55185C,dword_55185C
0x551860,dword_551860
0x551864,dword_551864
0x551868,dword_551868
0x55186C,??_R3MTitle@@8
0x551870,dword_551870
0x551874,dword_551874
0x551878,dword_551878
0x55187C,??_R2MTitle@@8
0x551880,dword_551880
0x551884,dword_551884
0x551888,??_R1A@?0A@EA@MTitle@@8
0x55188C,dword_55188C
0x551890,dword_551890
0x551894,dword_551894
0x551898,dword_551898
0x55189C,dword_55189C
0x5518A0,dword_5518A0
0x5518A4,??_R4ObjectGun@@6B@
0x5518A8,dword_5518A8
0x5518AC,dword_5518AC
0x5518B0,dword_5518B0
0x5518B4,dword_5518B4
0x5518B8,??_R4IParticleSystem@@6B@
0x5518BC,dword_5518BC
0x5518C0,dword_5518C0
0x5518C4,dword_5518C4
0x5518C8,dword_5518C8
0x5518CC,??_R3IParticleSystem@@8
0x5518D0,dword_5518D0
0x5518D4,dword_5518D4
0x5518D8,dword_5518D8
0x5518DC,??_R2IParticleSystem@@8
0x5518E4,??_R1A@?0A@EA@IParticleSystem@@8
0x5518E8,dword_5518E8
0x5518EC,dword_5518EC
0x5518F0,dword_5518F0
0x5518F4,dword_5518F4
0x5518F8,dword_5518F8
0x5518FC,dword_5518FC
0x551900,??_R4ParticleSystemMesh@@6B@
0x551904,dword_551904
0x551908,dword_551908
0x55190C,dword_55190C
0x551910,dword_551910
0x551914,??_R3ParticleSystemMesh@@8
0x551918,dword_551918
0x55191C,dword_55191C
0x551920,dword_551920
0x551924,??_R2ParticleSystemMesh@@8
0x551928,dword_551928
0x55192C,dword_55192C
0x551930,??_R1A@?0A@EA@ParticleSystemMesh@@8
0x551934,dword_551934
0x551938,dword_551938
0x55193C,dword_55193C
0x551940,dword_551940
0x551944,dword_551944
0x551948,dword_551948
0x55194C,??_R4ParticleSystemSprite@@6B@
0x551950,dword_551950
0x551954,dword_551954
0x551958,dword_551958
0x55195C,dword_55195C
0x551960,??_R3ParticleSystemSprite@@8
0x551964,dword_551964
0x551968,dword_551968
0x55196C,dword_55196C
0x551970,??_R2ParticleSystemSprite@@8
0x551974,dword_551974
0x55197C,??_R1A@?0A@EA@ParticleSystemSprite@@8
0x551980,dword_551980
0x551984,dword_551984
0x551988,dword_551988
0x55198C,dword_55198C
0x551990,dword_551990
0x551994,dword_551994
0x551998,??_R4PlayerAsteroid@@6B@
0x55199C,dword_55199C
0x5519A0,dword_5519A0
0x5519A4,dword_5519A4
0x5519A8,dword_5519A8
0x5519AC,??_R3PlayerAsteroid@@8
0x5519B0,dword_5519B0
0x5519B4,dword_5519B4
0x5519B8,dword_5519B8
0x5519BC,??_R2PlayerAsteroid@@8
0x5519C0,dword_5519C0
0x5519C4,dword_5519C4
0x5519C8,??_R1A@?0A@EA@PlayerAsteroid@@8
0x5519CC,dword_5519CC
0x5519D0,dword_5519D0
0x5519D4,dword_5519D4
0x5519D8,dword_5519D8
0x5519DC,dword_5519DC
0x5519E0,dword_5519E0
0x5519E4,??_R4PlayerFighter@@6B@
0x5519E8,dword_5519E8
0x5519EC,dword_5519EC
0x5519F0,dword_5519F0
0x5519F4,dword_5519F4
0x5519F8,??_R3PlayerFighter@@8
0x5519FC,dword_5519FC
0x551A00,dword_551A00
0x551A04,dword_551A04
0x551A08,??_R2PlayerFighter@@8
0x551A0C,dword_551A0C
0x551A14,??_R1A@?0A@EA@PlayerFighter@@8
0x551A18,dword_551A18
0x551A1C,dword_551A1C
0x551A20,dword_551A20
0x551A24,dword_551A24
0x551A28,dword_551A28
0x551A2C,dword_551A2C
0x551A30,??_R4PlayerFixedObject@@6B@
0x551A34,dword_551A34
0x551A38,dword_551A38
0x551A3C,dword_551A3C
0x551A40,dword_551A40
0x551A44,??_R3PlayerFixedObject@@8
0x551A48,dword_551A48
0x551A4C,dword_551A4C
0x551A50,dword_551A50
0x551A54,??_R2PlayerFixedObject@@8
0x551A58,dword_551A58
0x551A5C,dword_551A5C
0x551A60,??_R1A@?0A@EA@PlayerFixedObject@@8
0x551A64,dword_551A64
0x551A68,dword_551A68
0x551A6C,dword_551A6C
0x551A70,dword_551A70
0x551A74,dword_551A74
0x551A78,dword_551A78
0x551A7C,??_R4PlayerJumpgate@@6B@
0x551A80,dword_551A80
0x551A84,dword_551A84
0x551A88,dword_551A88
0x551A8C,dword_551A8C
0x551A90,??_R3PlayerJumpgate@@8
0x551A94,dword_551A94
0x551A98,dword_551A98
0x551A9C,dword_551A9C
0x551AA0,??_R2PlayerJumpgate@@8
0x551AA4,dword_551AA4
0x551AA8,dword_551AA8
0x551AAC,dword_551AAC
0x551AB4,??_R1A@?0A@EA@PlayerStaticFar@@8
0x551AB8,dword_551AB8
0x551ABC,dword_551ABC
0x551AC0,dword_551AC0
0x551AC4,dword_551AC4
0x551AC8,dword_551AC8
0x551ACC,dword_551ACC
0x551AD0,??_R3PlayerStaticFar@@8
0x551AD4,dword_551AD4
0x551AD8,dword_551AD8
0x551ADC,dword_551ADC
0x551AE0,??_R2PlayerStaticFar@@8
0x551AE4,dword_551AE4
0x551AE8,dword_551AE8
0x551AEC,dword_551AEC
0x551AF0,??_R1A@?0A@EA@PlayerStatic@@8
0x551AF4,dword_551AF4
0x551AF8,dword_551AF8
0x551AFC,dword_551AFC
0x551B00,dword_551B00
0x551B04,dword_551B04
0x551B08,dword_551B08
0x551B0C,??_R3PlayerStatic@@8
0x551B10,dword_551B10
0x551B14,dword_551B14
0x551B18,dword_551B18
0x551B1C,??_R2PlayerStatic@@8
0x551B20,dword_551B20
0x551B24,dword_551B24
0x551B28,??_R1A@?0A@EA@PlayerJumpgate@@8
0x551B2C,dword_551B2C
0x551B30,dword_551B30
0x551B34,dword_551B34
0x551B38,dword_551B38
0x551B3C,dword_551B3C
0x551B40,dword_551B40
0x551B44,??_R4PlayerJunk@@6B@
0x551B48,dword_551B48
0x551B4C,dword_551B4C
0x551B50,dword_551B50
0x551B54,dword_551B54
0x551B58,??_R3PlayerJunk@@8
0x551B5C,dword_551B5C
0x551B60,dword_551B60
0x551B64,dword_551B64
0x551B68,??_R2PlayerJunk@@8
0x551B6C,dword_551B6C
0x551B74,??_R1A@?0A@EA@PlayerJunk@@8
0x551B78,dword_551B78
0x551B7C,dword_551B7C
0x551B80,dword_551B80
0x551B84,dword_551B84
0x551B88,dword_551B88
0x551B8C,dword_551B8C
0x551B90,??_R4PlayerStatic@@6B@
0x551B94,dword_551B94
0x551B98,dword_551B98
0x551B9C,dword_551B9C
0x551BA0,dword_551BA0
0x551BA4,??_R4PlayerStaticFar@@6B@
0x551BA8,dword_551BA8
0x551BAC,dword_551BAC
0x551BB0,dword_551BB0
0x551BB4,dword_551BB4
0x551BB8,??_R4PlayerStation@@6B@
0x551BBC,dword_551BBC
0x551BC0,dword_551BC0
0x551BC4,dword_551BC4
0x551BC8,dword_551BC8
0x551BCC,??_R3PlayerStation@@8
0x551BD0,dword_551BD0
0x551BD4,dword_551BD4
0x551BD8,dword_551BD8
0x551BDC,??_R2PlayerStation@@8
0x551BE0,dword_551BE0
0x551BE4,dword_551BE4
0x551BE8,dword_551BE8
0x551BEC,dword_551BEC
0x551BF0,??_R1A@?0A@EA@PlayerStation@@8
0x551BF4,dword_551BF4
0x551BF8,dword_551BF8
0x551BFC,dword_551BFC
0x551C00,dword_551C00
0x551C04,dword_551C04
0x551C08,dword_551C08
0x551C0C,??_R4PlayerTurret@@6B@
0x551C10,dword_551C10
0x551C14,dword_551C14
0x551C18,dword_551C18
0x551C1C,dword_551C1C
0x551C20,??_R3PlayerTurret@@8
0x551C24,dword_551C24
0x551C28,dword_551C28
0x551C2C,dword_551C2C
0x551C30,??_R2PlayerTurret@@8
0x551C34,dword_551C34
0x551C3C,??_R1A@?0A@EA@PlayerTurret@@8
0x551C40,dword_551C40
0x551C44,dword_551C44
0x551C48,dword_551C48
0x551C4C,dword_551C4C
0x551C50,dword_551C50
0x551C54,dword_551C54
0x551C58,??_R4PlayerWormHole@@6B@
0x551C5C,dword_551C5C
0x551C60,dword_551C60
0x551C64,dword_551C64
0x551C68,dword_551C68
0x551C6C,??_R3PlayerWormHole@@8
0x551C70,dword_551C70
0x551C74,dword_551C74
0x551C78,dword_551C78
0x551C7C,??_R2PlayerWormHole@@8
0x551C80,dword_551C80
0x551C84,dword_551C84
0x551C88,dword_551C88
0x551C8C,dword_551C8C
0x551C90,??_R1A@?0A@EA@PlayerWormHole@@8
0x551C94,dword_551C94
0x551C98,dword_551C98
0x551C9C,dword_551C9C
0x551CA0,dword_551CA0
0x551CA4,dword_551CA4
0x551CA8,dword_551CA8
0x551CAC,??_R4RocketGun@@6B@
0x551CB0,dword_551CB0
0x551CB4,dword_551CB4
0x551CB8,dword_551CB8
0x551CBC,dword_551CBC
0x551CC0,??_R4Waypoint@@6B@
0x551CC4,dword_551CC4
0x551CC8,dword_551CC8
0x551CCC,dword_551CCC
0x551CD0,dword_551CD0
0x551CD4,??_R3Waypoint@@8
0x551CD8,dword_551CD8
0x551CDC,dword_551CDC
0x551CE0,dword_551CE0
0x551CE4,??_R2Waypoint@@8
0x551CE8,dword_551CE8
0x551CEC,dword_551CEC
0x551CF0,??_R1A@?0A@EA@Waypoint@@8
0x551CF4,dword_551CF4
0x551CF8,dword_551CF8
0x551CFC,dword_551CFC
0x551D00,dword_551D00
0x551D04,dword_551D04
0x551D08,dword_551D08
0x551D0C,??_R4GOF2InputMapper@@6B@
0x551D10,dword_551D10
0x551D14,dword_551D14
0x551D18,dword_551D18
0x551D1C,dword_551D1C
0x551D20,??_R3GOF2InputMapper@@8
0x551D24,dword_551D24
0x551D28,dword_551D28
0x551D2C,dword_551D2C
0x551D30,??_R2GOF2InputMapper@@8
0x551D34,dword_551D34
0x551D38,dword_551D38
0x551D3C,dword_551D3C
0x551D40,??_R1A@?0A@EA@InputMapper@Input@@8
0x551D44,dword_551D44
0x551D48,dword_551D48
0x551D4C,dword_551D4C
0x551D50,dword_551D50
0x551D54,dword_551D54
0x551D58,dword_551D58
0x551D5C,??_R3InputMapper@Input@@8
0x551D60,dword_551D60
0x551D64,dword_551D64
0x551D68,dword_551D68
0x551D6C,??_R2InputMapper@Input@@8
0x551D70,dword_551D70
0x551D74,dword_551D74
0x551D78,??_R1A@?0A@EA@IInputProcessor@Input@@8
0x551D7C,dword_551D7C
0x551D80,dword_551D80
0x551D84,dword_551D84
0x551D88,dword_551D88
0x551D8C,dword_551D8C
0x551D90,dword_551D90
0x551D94,??_R3IInputProcessor@Input@@8
0x551D98,dword_551D98
0x551D9C,dword_551D9C
0x551DA0,dword_551DA0
0x551DA4,??_R2IInputProcessor@Input@@8
0x551DAC,??_R1A@?0A@EA@GOF2InputMapper@@8
0x551DB0,dword_551DB0
0x551DB4,dword_551DB4
0x551DB8,dword_551DB8
0x551DBC,dword_551DBC
0x551DC0,dword_551DC0
0x551DC4,dword_551DC4
0x551DC8,??_R4bad_alloc@std@@6B@
0x551DCC,dword_551DCC
0x551DD0,dword_551DD0
0x551DD4,dword_551DD4
0x551DD8,dword_551DD8
0x551DDC,??_R3bad_alloc@std@@8
0x551DE0,dword_551DE0
0x551DE4,dword_551DE4
0x551DE8,dword_551DE8
0x551DEC,??_R2bad_alloc@std@@8
0x551DF0,dword_551DF0
0x551DF4,dword_551DF4
0x551DF8,??_R1A@?0A@EA@exception@std@@8
0x551DFC,dword_551DFC
0x551E00,dword_551E00
0x551E04,dword_551E04
0x551E08,dword_551E08
0x551E0C,dword_551E0C
0x551E10,dword_551E10
0x551E14,??_R3exception@std@@8
0x551E18,dword_551E18
0x551E1C,dword_551E1C
0x551E20,dword_551E20
0x551E24,??_R2exception@std@@8
0x551E2C,??_R1A@?0A@EA@bad_alloc@std@@8
0x551E30,dword_551E30
0x551E34,dword_551E34
0x551E38,dword_551E38
0x551E3C,dword_551E3C
0x551E40,dword_551E40
0x551E44,dword_551E44
0x551E48,??_R4AENormalFile@@6B@
0x551E4C,dword_551E4C
0x551E50,dword_551E50
0x551E54,dword_551E54
0x551E58,dword_551E58
0x551E5C,??_R3AENormalFile@@8
0x551E60,dword_551E60
0x551E64,dword_551E64
0x551E68,dword_551E68
0x551E6C,??_R2AENormalFile@@8
0x551E70,dword_551E70
0x551E74,dword_551E74
0x551E78,??_R1A@?0A@EA@AENormalFile@@8
0x551E7C,dword_551E7C
0x551E80,dword_551E80
0x551E84,dword_551E84
0x551E88,dword_551E88
0x551E8C,dword_551E8C
0x551E90,dword_551E90
0x551E94,??_R4AEPakFile@@6B@
0x551E98,dword_551E98
0x551E9C,dword_551E9C
0x551EA0,dword_551EA0
0x551EA4,dword_551EA4
0x551EA8,??_R3AEPakFile@@8
0x551EAC,dword_551EAC
0x551EB0,dword_551EB0
0x551EB4,dword_551EB4
0x551EB8,??_R2AEPakFile@@8
0x551EBC,dword_551EBC
0x551EC4,??_R1A@?0A@EA@AEPakFile@@8
0x551EC8,dword_551EC8
0x551ECC,dword_551ECC
0x551ED0,dword_551ED0
0x551ED4,dword_551ED4
0x551ED8,dword_551ED8
0x551EDC,dword_551EDC
0x551EE0,??_R4AELowLevelFile@@6B@
0x551EE4,dword_551EE4
0x551EE8,dword_551EE8
0x551EEC,dword_551EEC
0x551EF0,dword_551EF0
0x551EF4,??_R3AELowLevelFile@@8
0x551EF8,dword_551EF8
0x551EFC,dword_551EFC
0x551F00,dword_551F00
0x551F04,??_R2AELowLevelFile@@8
0x551F0C,??_R1A@?0A@EA@AELowLevelFile@@8
0x551F10,dword_551F10
0x551F14,dword_551F14
0x551F18,dword_551F18
0x551F1C,dword_551F1C
0x551F20,dword_551F20
0x551F24,dword_551F24
0x551F28,??_R4FileInterfaceWin@@6B@
0x551F2C,dword_551F2C
0x551F30,dword_551F30
0x551F34,dword_551F34
0x551F38,dword_551F38
0x551F3C,??_R3FileInterfaceWin@@8
0x551F40,dword_551F40
0x551F44,dword_551F44
0x551F48,dword_551F48
0x551F4C,??_R2FileInterfaceWin@@8
0x551F50,dword_551F50
0x551F54,dword_551F54
0x551F58,??_R1A@?0A@EA@FileInterfaceWin@@8
0x551F5C,dword_551F5C
0x551F60,dword_551F60
0x551F64,dword_551F64
0x551F68,dword_551F68
0x551F6C,dword_551F6C
0x551F70,dword_551F70
0x551F74,??_R4FileInterface@@6B@
0x551F78,dword_551F78
0x551F7C,dword_551F7C
0x551F80,dword_551F80
0x551F84,dword_551F84
0x551F88,??_R3FileInterface@@8
0x551F8C,dword_551F8C
0x551F90,dword_551F90
0x551F94,dword_551F94
0x551F98,??_R2FileInterface@@8
0x551F9C,dword_551F9C
0x551FA0,??_R1A@?0A@EA@FileInterface@@8
0x551FA4,dword_551FA4
0x551FA8,dword_551FA8
0x551FAC,dword_551FAC
0x551FB0,dword_551FB0
0x551FB4,dword_551FB4
0x551FB8,dword_551FB8
0x551FBC,??_R4BumpShaderV3@AbyssEngine@@6B@
0x551FC0,dword_551FC0
0x551FC4,dword_551FC4
0x551FC8,dword_551FC8
0x551FCC,dword_551FCC
0x551FD0,??_R3BumpShaderV3@AbyssEngine@@8
0x551FD4,dword_551FD4
0x551FD8,dword_551FD8
0x551FDC,dword_551FDC
0x551FE0,??_R2BumpShaderV3@AbyssEngine@@8
0x551FE4,dword_551FE4
0x551FEC,??_R1A@?0A@EA@BumpShaderV3@AbyssEngine@@8
0x551FF0,dword_551FF0
0x551FF4,dword_551FF4
0x551FF8,dword_551FF8
0x551FFC,dword_551FFC
0x552000,dword_552000
0x552004,dword_552004
0x552008,??_R4ShaderBaseStruct@AbyssEngine@@6B@
0x55200C,dword_55200C
0x552010,dword_552010
0x552014,dword_552014
0x552018,dword_552018
0x55201C,??_R3ShaderBaseStruct@AbyssEngine@@8
0x552020,dword_552020
0x552024,dword_552024
0x552028,dword_552028
0x55202C,??_R2ShaderBaseStruct@AbyssEngine@@8
0x552034,??_R1A@?0A@EA@ShaderBaseStruct@AbyssEngine@@8
0x552038,dword_552038
0x55203C,dword_55203C
0x552040,dword_552040
0x552044,dword_552044
0x552048,dword_552048
0x55204C,dword_55204C
0x552050,??_R4NoTexVtxColorShader@AbyssEngine@@6B@
0x552054,dword_552054
0x552058,dword_552058
0x55205C,dword_55205C
0x552060,dword_552060
0x552064,??_R3NoTexVtxColorShader@AbyssEngine@@8
0x552068,dword_552068
0x55206C,dword_55206C
0x552070,dword_552070
0x552074,??_R2NoTexVtxColorShader@AbyssEngine@@8
0x552078,dword_552078
0x55207C,dword_55207C
0x552080,??_R1A@?0A@EA@NoTexVtxColorShader@AbyssEngine@@8
0x552084,dword_552084
0x552088,dword_552088
0x55208C,dword_55208C
0x552090,dword_552090
0x552094,dword_552094
0x552098,dword_552098
0x55209C,??_R4BumpShaderCloak@AbyssEngine@@6B@
0x5520A0,dword_5520A0
0x5520A4,dword_5520A4
0x5520A8,dword_5520A8
0x5520AC,dword_5520AC
0x5520B0,??_R3BumpShaderCloak@AbyssEngine@@8
0x5520B4,dword_5520B4
0x5520B8,dword_5520B8
0x5520BC,dword_5520BC
0x5520C0,??_R2BumpShaderCloak@AbyssEngine@@8
0x5520C4,dword_5520C4
0x5520CC,??_R1A@?0A@EA@BumpShaderCloak@AbyssEngine@@8
0x5520D0,dword_5520D0
0x5520D4,dword_5520D4
0x5520D8,dword_5520D8
0x5520DC,dword_5520DC
0x5520E0,dword_5520E0
0x5520E4,dword_5520E4
0x5520E8,??_R4TextureVtxColorShader@AbyssEngine@@6B@
0x5520EC,dword_5520EC
0x5520F0,dword_5520F0
0x5520F4,dword_5520F4
0x5520F8,dword_5520F8
0x5520FC,??_R3TextureVtxColorShader@AbyssEngine@@8
0x552100,dword_552100
0x552104,dword_552104
0x552108,dword_552108
0x55210C,??_R2TextureVtxColorShader@AbyssEngine@@8
0x552110,dword_552110
0x552114,dword_552114
0x552118,??_R1A@?0A@EA@TextureVtxColorShader@AbyssEngine@@8
0x55211C,dword_55211C
0x552120,dword_552120
0x552124,dword_552124
0x552128,dword_552128
0x55212C,dword_55212C
0x552130,dword_552130
0x552134,??_R4BloomShader@AbyssEngine@@6B@
0x552138,dword_552138
0x55213C,dword_55213C
0x552140,dword_552140
0x552144,dword_552144
0x552148,??_R3BloomShader@AbyssEngine@@8
0x55214C,dword_55214C
0x552150,dword_552150
0x552154,dword_552154
0x552158,??_R2BloomShader@AbyssEngine@@8
0x55215C,dword_55215C
0x552164,??_R1A@?0A@EA@BloomShader@AbyssEngine@@8
0x552168,dword_552168
0x55216C,dword_55216C
0x552170,dword_552170
0x552174,dword_552174
0x552178,dword_552178
0x55217C,dword_55217C
0x552180,??_R4BumpRimCubeShader@AbyssEngine@@6B@
0x552184,dword_552184
0x552188,dword_552188
0x55218C,dword_55218C
0x552190,dword_552190
0x552194,??_R3BumpRimCubeShader@AbyssEngine@@8
0x552198,dword_552198
0x55219C,dword_55219C
0x5521A0,dword_5521A0
0x5521A4,??_R2BumpRimCubeShader@AbyssEngine@@8
0x5521A8,dword_5521A8
0x5521AC,dword_5521AC
0x5521B0,??_R1A@?0A@EA@BumpRimCubeShader@AbyssEngine@@8
0x5521B4,dword_5521B4
0x5521B8,dword_5521B8
0x5521BC,dword_5521BC
0x5521C0,dword_5521C0
0x5521C4,dword_5521C4
0x5521C8,dword_5521C8
0x5521CC,??_R4TextureAlphaTestShader@AbyssEngine@@6B@
0x5521D0,dword_5521D0
0x5521D4,dword_5521D4
0x5521D8,dword_5521D8
0x5521DC,dword_5521DC
0x5521E0,??_R3TextureAlphaTestShader@AbyssEngine@@8
0x5521E4,dword_5521E4
0x5521E8,dword_5521E8
0x5521EC,dword_5521EC
0x5521F0,??_R2TextureAlphaTestShader@AbyssEngine@@8
0x5521F4,dword_5521F4
0x5521FC,??_R1A@?0A@EA@TextureAlphaTestShader@AbyssEngine@@8
0x552200,dword_552200
0x552204,dword_552204
0x552208,dword_552208
0x55220C,dword_55220C
0x552210,dword_552210
0x552214,dword_552214
0x552218,??_R4TextureLightShader@AbyssEngine@@6B@
0x55221C,dword_55221C
0x552220,dword_552220
0x552224,dword_552224
0x552228,dword_552228
0x55222C,??_R3TextureLightShader@AbyssEngine@@8
0x552230,dword_552230
0x552234,dword_552234
0x552238,dword_552238
0x55223C,??_R2TextureLightShader@AbyssEngine@@8
0x552240,dword_552240
0x552244,dword_552244
0x552248,??_R1A@?0A@EA@TextureLightShader@AbyssEngine@@8
0x55224C,dword_55224C
0x552250,dword_552250
0x552254,dword_552254
0x552258,dword_552258
0x55225C,dword_55225C
0x552260,dword_552260
0x552264,??_R4NoTexShader@AbyssEngine@@6B@
0x552268,dword_552268
0x55226C,dword_55226C
0x552270,dword_552270
0x552274,dword_552274
0x552278,??_R3NoTexShader@AbyssEngine@@8
0x55227C,dword_55227C
0x552280,dword_552280
0x552284,dword_552284
0x552288,??_R2NoTexShader@AbyssEngine@@8
0x55228C,dword_55228C
0x552294,??_R1A@?0A@EA@NoTexShader@AbyssEngine@@8
0x552298,dword_552298
0x55229C,dword_55229C
0x5522A0,dword_5522A0
0x5522A4,dword_5522A4
0x5522A8,dword_5522A8
0x5522AC,dword_5522AC
0x5522B0,??_R4BumpShaderParticle@AbyssEngine@@6B@
0x5522B4,dword_5522B4
0x5522B8,dword_5522B8
0x5522BC,dword_5522BC
0x5522C0,dword_5522C0
0x5522C4,??_R3BumpShaderParticle@AbyssEngine@@8
0x5522C8,dword_5522C8
0x5522CC,dword_5522CC
0x5522D0,dword_5522D0
0x5522D4,??_R2BumpShaderParticle@AbyssEngine@@8
0x5522D8,dword_5522D8
0x5522DC,dword_5522DC
0x5522E0,??_R1A@?0A@EA@BumpShaderParticle@AbyssEngine@@8
0x5522E4,dword_5522E4
0x5522E8,dword_5522E8
0x5522EC,dword_5522EC
0x5522F0,dword_5522F0
0x5522F4,dword_5522F4
0x5522F8,dword_5522F8
0x5522FC,??_R4TextureShader@AbyssEngine@@6B@
0x552300,dword_552300
0x552304,dword_552304
0x552308,dword_552308
0x55230C,dword_55230C
0x552310,??_R3TextureShader@AbyssEngine@@8
0x552314,dword_552314
0x552318,dword_552318
0x55231C,dword_55231C
0x552320,??_R2TextureShader@AbyssEngine@@8
0x552324,dword_552324
0x55232C,??_R1A@?0A@EA@TextureShader@AbyssEngine@@8
0x552330,dword_552330
0x552334,dword_552334
0x552338,dword_552338
0x55233C,dword_55233C
0x552340,dword_552340
0x552344,dword_552344
0x552348,??_R4HResultException@Input@@6B@
0x55234C,dword_55234C
0x552350,dword_552350
0x552354,dword_552354
0x552358,dword_552358
0x55235C,??_R3HResultException@Input@@8
0x552360,dword_552360
0x552364,dword_552364
0x552368,dword_552368
0x55236C,??_R2HResultException@Input@@8
0x552370,dword_552370
0x552374,dword_552374
0x552378,??_R1A@?0A@EA@HResultException@Input@@8
0x55237C,dword_55237C
0x552380,dword_552380
0x552384,dword_552384
0x552388,dword_552388
0x55238C,dword_55238C
0x552390,dword_552390
0x552394,??_R4InputMapper@Input@@6B@
0x552398,dword_552398
0x55239C,dword_55239C
0x5523A0,dword_5523A0
0x5523A4,dword_5523A4
0x5523A8,??_R4InputDevice@Input@@6B@
0x5523AC,dword_5523AC
0x5523B0,dword_5523B0
0x5523B4,dword_5523B4
0x5523B8,dword_5523B8
0x5523BC,??_R3InputDevice@Input@@8
0x5523C0,dword_5523C0
0x5523C4,dword_5523C4
0x5523C8,dword_5523C8
0x5523CC,??_R2InputDevice@Input@@8
0x5523D4,??_R1A@?0A@EA@InputDevice@Input@@8
0x5523D8,dword_5523D8
0x5523DC,dword_5523DC
0x5523E0,dword_5523E0
0x5523E4,dword_5523E4
0x5523E8,dword_5523E8
0x5523EC,dword_5523EC
0x5523F0,??_R4Keyboard@Input@@6B@
0x5523F4,dword_5523F4
0x5523F8,dword_5523F8
0x5523FC,dword_5523FC
0x552400,dword_552400
0x552404,??_R3Keyboard@Input@@8
0x552408,dword_552408
0x55240C,dword_55240C
0x552410,dword_552410
0x552414,??_R2Keyboard@Input@@8
0x552418,dword_552418
0x55241C,dword_55241C
0x552420,??_R1A@?0A@EA@Keyboard@Input@@8
0x552424,dword_552424
0x552428,dword_552428
0x55242C,dword_55242C
0x552430,dword_552430
0x552434,dword_552434
0x552438,dword_552438
0x55243C,??_R4X360Controller@Input@@6B@
0x552440,dword_552440
0x552444,dword_552444
0x552448,dword_552448
0x55244C,dword_55244C
0x552450,??_R3X360Controller@Input@@8
0x552454,dword_552454
0x552458,dword_552458
0x55245C,dword_55245C
0x552460,??_R2X360Controller@Input@@8
0x552464,dword_552464
0x552468,dword_552468
0x55246C,dword_55246C
0x552470,??_R1A@?0A@EA@Joystick@Input@@8
0x552474,dword_552474
0x552478,dword_552478
0x55247C,dword_55247C
0x552480,dword_552480
0x552484,dword_552484
0x552488,dword_552488
0x55248C,??_R3Joystick@Input@@8
0x552490,dword_552490
0x552494,dword_552494
0x552498,dword_552498
0x55249C,??_R2Joystick@Input@@8
0x5524A0,dword_5524A0
0x5524A4,dword_5524A4
0x5524A8,??_R1A@?0A@EA@X360Controller@Input@@8
0x5524AC,dword_5524AC
0x5524B0,dword_5524B0
0x5524B4,dword_5524B4
0x5524B8,dword_5524B8
0x5524BC,dword_5524BC
0x5524C0,dword_5524C0
0x5524C4,??_R4Joystick@Input@@6B@
0x5524C8,dword_5524C8
0x5524CC,dword_5524CC
0x5524D0,dword_5524D0
0x5524D4,dword_5524D4
0x5524D8,??_R4Mouse@Input@@6B@
0x5524DC,dword_5524DC
0x5524E0,dword_5524E0
0x5524E4,dword_5524E4
0x5524E8,dword_5524E8
0x5524EC,??_R3Mouse@Input@@8
0x5524F0,dword_5524F0
0x5524F4,dword_5524F4
0x5524F8,dword_5524F8
0x5524FC,??_R2Mouse@Input@@8
0x552500,dword_552500
0x552504,dword_552504
0x552508,??_R1A@?0A@EA@Mouse@Input@@8
0x55250C,dword_55250C
0x552510,dword_552510
0x552514,dword_552514
0x552518,dword_552518
0x55251C,dword_55251C
0x552520,dword_552520
0x552524,unk_552524
0x552530,___safe_se_handler_table
0x552534,dword_552534
0x552538,dword_552538
0x55253C,dword_55253C
0x552540,dword_552540
0x552544,dword_552544
0x552548,dword_552548
0x55254C,dword_55254C
0x552550,dword_552550
0x552554,dword_552554
0x552558,dword_552558
0x55255C,dword_55255C
0x552560,dword_552560
0x552564,dword_552564
0x552568,dword_552568
0x55256C,dword_55256C
0x552570,dword_552570
0x552574,dword_552574
0x552578,dword_552578
0x55257C,dword_55257C
0x552580,dword_552580
0x552584,dword_552584
0x552588,dword_552588
0x55258C,dword_55258C
0x552590,dword_552590
0x552594,dword_552594
0x552598,dword_552598
0x55259C,dword_55259C
0x5525A0,dword_5525A0
0x5525A4,dword_5525A4
0x5525A8,dword_5525A8
0x5525AC,dword_5525AC
0x5525B0,dword_5525B0
0x5525B4,dword_5525B4
0x5525B8,dword_5525B8
0x5525BC,dword_5525BC
0x5525C0,dword_5525C0
0x5525C4,dword_5525C4
0x5525C8,dword_5525C8
0x5525CC,dword_5525CC
0x5525D0,dword_5525D0
0x5525D4,dword_5525D4
0x5525D8,dword_5525D8
0x5525DC,dword_5525DC
0x5525E0,dword_5525E0
0x5525E4,dword_5525E4
0x5525E8,dword_5525E8
0x5525EC,dword_5525EC
0x5525F0,dword_5525F0
0x5525F4,dword_5525F4
0x5525F8,dword_5525F8
0x5525FC,dword_5525FC
0x552600,dword_552600
0x552604,dword_552604
0x552608,dword_552608
0x55260C,dword_55260C
0x552610,dword_552610
0x552614,dword_552614
0x552618,dword_552618
0x55261C,dword_55261C
0x552620,dword_552620
0x552624,dword_552624
0x552628,dword_552628
0x55262C,dword_55262C
0x552630,dword_552630
0x552634,dword_552634
0x552638,dword_552638
0x55263C,dword_55263C
0x552640,dword_552640
0x552644,dword_552644
0x552648,dword_552648
0x55264C,dword_55264C
0x552650,dword_552650
0x552654,dword_552654
0x552658,dword_552658
0x55265C,dword_55265C
0x552660,dword_552660
0x552664,dword_552664
0x552668,dword_552668
0x55266C,dword_55266C
0x552670,dword_552670
0x552674,dword_552674
0x552678,dword_552678
0x55267C,dword_55267C
0x552680,dword_552680
0x552684,dword_552684
0x552688,dword_552688
0x55268C,dword_55268C
0x552690,dword_552690
0x552694,dword_552694
0x552698,dword_552698
0x55269C,dword_55269C
0x5526A0,dword_5526A0
0x5526A4,dword_5526A4
0x5526A8,dword_5526A8
0x5526AC,dword_5526AC
0x5526B0,dword_5526B0
0x5526B4,dword_5526B4
0x5526B8,dword_5526B8
0x5526BC,dword_5526BC
0x5526C0,dword_5526C0
0x5526C4,dword_5526C4
0x5526C8,dword_5526C8
0x5526CC,dword_5526CC
0x5526D0,dword_5526D0
0x5526D4,dword_5526D4
0x5526D8,dword_5526D8
0x5526DC,dword_5526DC
0x5526E0,dword_5526E0
0x5526E4,dword_5526E4
0x5526E8,dword_5526E8
0x5526EC,dword_5526EC
0x5526F0,dword_5526F0
0x5526F4,dword_5526F4
0x5526F8,dword_5526F8
0x5526FC,dword_5526FC
0x552700,dword_552700
0x552704,dword_552704
0x552708,dword_552708
0x55270C,dword_55270C
0x552710,dword_552710
0x552714,dword_552714
0x552718,dword_552718
0x55271C,dword_55271C
0x552720,dword_552720
0x552724,dword_552724
0x552728,dword_552728
0x55272C,dword_55272C
0x552730,dword_552730
0x552734,dword_552734
0x552738,dword_552738
0x55273C,dword_55273C
0x552740,dword_552740
0x552744,dword_552744
0x552748,dword_552748
0x55274C,dword_55274C
0x552750,dword_552750
0x552754,dword_552754
0x552758,dword_552758
0x55275C,dword_55275C
0x552760,dword_552760
0x552764,dword_552764
0x552768,dword_552768
0x55276C,dword_55276C
0x552770,dword_552770
0x552774,dword_552774
0x552778,dword_552778
0x55277C,dword_55277C
0x552780,dword_552780
0x552784,dword_552784
0x552788,dword_552788
0x55278C,dword_55278C
0x552790,dword_552790
0x552794,dword_552794
0x552798,dword_552798
0x55279C,dword_55279C
0x5527A0,dword_5527A0
0x5527A4,dword_5527A4
0x5527A8,dword_5527A8
0x5527AC,dword_5527AC
0x5527B0,dword_5527B0
0x5527B4,dword_5527B4
0x5527B8,dword_5527B8
0x5527BC,dword_5527BC
0x5527C0,dword_5527C0
0x5527C4,dword_5527C4
0x5527C8,dword_5527C8
0x5527CC,dword_5527CC
0x5527D0,dword_5527D0
0x5527D4,dword_5527D4
0x5527D8,dword_5527D8
0x5527DC,dword_5527DC
0x5527E0,dword_5527E0
0x5527E4,dword_5527E4
0x5527E8,dword_5527E8
0x5527EC,dword_5527EC
0x5527F0,dword_5527F0
0x5527F4,dword_5527F4
0x5527F8,dword_5527F8
0x5527FC,dword_5527FC
0x552800,dword_552800
0x552804,dword_552804
0x552808,dword_552808
0x55280C,dword_55280C
0x552810,dword_552810
0x552814,dword_552814
0x552818,dword_552818
0x55281C,dword_55281C
0x552820,dword_552820
0x552824,dword_552824
0x552828,dword_552828
0x55282C,dword_55282C
0x552830,dword_552830
0x552834,dword_552834
0x552838,dword_552838
0x55283C,dword_55283C
0x552840,dword_552840
0x552844,dword_552844
0x552848,dword_552848
0x55284C,dword_55284C
0x552850,dword_552850
0x552854,dword_552854
0x552858,dword_552858
0x55285C,dword_55285C
0x552860,dword_552860
0x552864,dword_552864
0x552868,dword_552868
0x55286C,dword_55286C
0x552870,dword_552870
0x552874,dword_552874
0x552878,dword_552878
0x55287C,dword_55287C
0x552880,dword_552880
0x552884,dword_552884
0x552888,dword_552888
0x55288C,dword_55288C
0x552890,dword_552890
0x552894,dword_552894
0x552898,dword_552898
0x55289C,dword_55289C
0x5528A0,dword_5528A0
0x5528A4,dword_5528A4
0x5528A8,dword_5528A8
0x5528AC,dword_5528AC
0x5528B0,dword_5528B0
0x5528B4,dword_5528B4
0x5528B8,dword_5528B8
0x5528BC,dword_5528BC
0x5528C0,dword_5528C0
0x5528C4,dword_5528C4
0x5528C8,dword_5528C8
0x5528CC,dword_5528CC
0x5528D0,dword_5528D0
0x5528D4,dword_5528D4
0x5528D8,dword_5528D8
0x5528DC,dword_5528DC
0x5528E0,dword_5528E0
0x5528E4,dword_5528E4
0x5528E8,dword_5528E8
0x5528EC,dword_5528EC
0x5528F0,dword_5528F0
0x5528F4,dword_5528F4
0x5528F8,dword_5528F8
0x5528FC,dword_5528FC
0x552900,dword_552900
0x552904,dword_552904
0x552908,dword_552908
0x55290C,dword_55290C
0x552910,dword_552910
0x552914,dword_552914
0x552918,dword_552918
0x55291C,dword_55291C
0x552920,dword_552920
0x552924,dword_552924
0x552928,dword_552928
0x55292C,dword_55292C
0x552930,dword_552930
0x552934,dword_552934
0x552938,dword_552938
0x55293C,dword_55293C
0x552940,dword_552940
0x552944,dword_552944
0x552948,dword_552948
0x55294C,dword_55294C
0x552950,dword_552950
0x552954,dword_552954
0x552958,dword_552958
0x55295C,dword_55295C
0x552960,dword_552960
0x552964,dword_552964
0x552968,dword_552968
0x55296C,dword_55296C
0x552970,dword_552970
0x552974,dword_552974
0x552978,dword_552978
0x55297C,dword_55297C
0x552980,dword_552980
0x552984,dword_552984
0x552988,dword_552988
0x55298C,dword_55298C
0x552990,dword_552990
0x552994,dword_552994
0x552998,dword_552998
0x55299C,dword_55299C
0x5529A0,dword_5529A0
0x5529A4,dword_5529A4
0x5529A8,dword_5529A8
0x5529AC,dword_5529AC
0x5529B0,dword_5529B0
0x5529B4,dword_5529B4
0x5529B8,dword_5529B8
0x5529BC,dword_5529BC
0x5529C0,dword_5529C0
0x5529C4,dword_5529C4
0x5529C8,dword_5529C8
0x5529CC,dword_5529CC
0x5529D0,dword_5529D0
0x5529D4,dword_5529D4
0x5529D8,dword_5529D8
0x5529DC,dword_5529DC
0x5529E0,dword_5529E0
0x5529E4,dword_5529E4
0x5529E8,dword_5529E8
0x5529EC,dword_5529EC
0x5529F0,dword_5529F0
0x5529F4,dword_5529F4
0x5529F8,dword_5529F8
0x5529FC,dword_5529FC
0x552A00,dword_552A00
0x552A04,dword_552A04
0x552A08,dword_552A08
0x552A0C,dword_552A0C
0x552A10,dword_552A10
0x552A14,dword_552A14
0x552A18,dword_552A18
0x552A1C,dword_552A1C
0x552A20,dword_552A20
0x552A24,dword_552A24
0x552A28,dword_552A28
0x552A2C,dword_552A2C
0x552A30,dword_552A30
0x552A34,dword_552A34
0x552A38,dword_552A38
0x552A3C,dword_552A3C
0x552A40,dword_552A40
0x552A44,dword_552A44
0x552A48,dword_552A48
0x552A4C,dword_552A4C
0x552A50,dword_552A50
0x552A54,dword_552A54
0x552A58,dword_552A58
0x552A5C,dword_552A5C
0x552A60,dword_552A60
0x552A64,dword_552A64
0x552A68,dword_552A68
0x552A6C,dword_552A6C
0x552A70,dword_552A70
0x552A74,dword_552A74
0x552A78,dword_552A78
0x552A7C,dword_552A7C
0x552A80,dword_552A80
0x552A84,dword_552A84
0x552A88,dword_552A88
0x552A8C,dword_552A8C
0x552A90,dword_552A90
0x552A94,dword_552A94
0x552A98,dword_552A98
0x552A9C,dword_552A9C
0x552AA0,dword_552AA0
0x552AA4,dword_552AA4
0x552AA8,dword_552AA8
0x552AAC,dword_552AAC
0x552AB0,dword_552AB0
0x552AB4,dword_552AB4
0x552AB8,dword_552AB8
0x552ABC,dword_552ABC
0x552AC0,dword_552AC0
0x552AC4,dword_552AC4
0x552AC8,dword_552AC8
0x552ACC,dword_552ACC
0x552AD0,dword_552AD0
0x552AD4,dword_552AD4
0x552AD8,dword_552AD8
0x552ADC,dword_552ADC
0x552AE0,dword_552AE0
0x552AE4,dword_552AE4
0x552AE8,dword_552AE8
0x552AEC,dword_552AEC
0x552AF0,dword_552AF0
0x552AF4,dword_552AF4
0x552AF8,dword_552AF8
0x552AFC,dword_552AFC
0x552B00,dword_552B00
0x552B04,dword_552B04
0x552B08,dword_552B08
0x552B0C,dword_552B0C
0x552B10,dword_552B10
0x552B14,dword_552B14
0x552B18,dword_552B18
0x552B1C,dword_552B1C
0x552B20,dword_552B20
0x552B24,dword_552B24
0x552B38,stru_552B38
0x552B54,dword_552B54
0x552B58,stru_552B58
0x552B74,dword_552B74
0x552B78,stru_552B78
0x552B94,dword_552B94
0x552B98,stru_552B98
0x552BB4,dword_552BB4
0x552BB8,stru_552BB8
0x552BD4,dword_552BD4
0x552BD8,stru_552BD8
0x552BF4,__CT??_R0?AVexception@std@@@8_50E050
0x552BF8,dword_552BF8
0x552BFC,dword_552BFC
0x552C00,dword_552C00
0x552C04,dword_552C04
0x552C08,dword_552C08
0x552C0C,dword_552C0C
0x552C10,__CT??_R0?AVbad_alloc@std@@@8_4E0BC9
0x552C14,dword_552C14
0x552C18,dword_552C18
0x552C1C,dword_552C1C
0x552C20,dword_552C20
0x552C24,dword_552C24
0x552C28,dword_552C28
0x552C2C,__CTA2?AVbad_alloc@std@@
0x552C30,dword_552C30
0x552C34,dword_552C34
0x552C38,__TI2?AVbad_alloc@std@@
0x552C48,__CT??_R0?AVHResultException@Input@@@8_504DE0
0x552C4C,dword_552C4C
0x552C50,dword_552C50
0x552C54,dword_552C54
0x552C58,dword_552C58
0x552C5C,dword_552C5C
0x552C60,dword_552C60
0x552C64,__CTA2?AVHResultException@Input@@
0x552C68,dword_552C68
0x552C6C,dword_552C6C
0x552C70,__TI2?AVHResultException@Input@@
0x552C80,__CTA1?AVexception@std@@
0x552C84,dword_552C84
0x552C88,__TI1?AVexception@std@@
0x552C98,stru_552C98
0x552CA0,stru_552CA0
0x552CC4,stru_552CC4
0x552CCC,stru_552CCC
0x552CF0,stru_552CF0
0x552CF8,qword_552CF8
0x552D00,stru_552D00
0x552D24,stru_552D24
0x552D2C,qword_552D2C
0x552D34,stru_552D34
0x552D58,stru_552D58
0x552D60,stru_552D60
0x552D84,dword_552D84
0x552D88,stru_552D88
0x552D90,qword_552D90
0x552D98,qword_552D98
0x552DA0,qword_552DA0
0x552DA8,qword_552DA8
0x552DB0,qword_552DB0
0x552DB8,qword_552DB8
0x552DC0,qword_552DC0
0x552DC8,qword_552DC8
0x552DD0,qword_552DD0
0x552DD8,qword_552DD8
0x552DE0,qword_552DE0
0x552DE8,qword_552DE8
0x552DF0,qword_552DF0
0x552DF8,qword_552DF8
0x552E00,qword_552E00
0x552E08,qword_552E08
0x552E10,qword_552E10
0x552E18,qword_552E18
0x552E20,qword_552E20
0x552E28,qword_552E28
0x552E30,qword_552E30
0x552E38,qword_552E38
0x552E40,qword_552E40
0x552E48,qword_552E48
0x552E50,qword_552E50
0x552E58,qword_552E58
0x552E60,qword_552E60
0x552E68,qword_552E68
0x552E70,qword_552E70
0x552E78,qword_552E78
0x552E80,qword_552E80
0x552E88,qword_552E88
0x552E90,qword_552E90
0x552E98,qword_552E98
0x552EA0,qword_552EA0
0x552EA8,qword_552EA8
0x552EB0,qword_552EB0
0x552EB8,qword_552EB8
0x552EC0,qword_552EC0
0x552EC8,qword_552EC8
0x552ED0,qword_552ED0
0x552ED8,qword_552ED8
0x552EE0,qword_552EE0
0x552EE8,qword_552EE8
0x552EF0,qword_552EF0
0x552EF8,qword_552EF8
0x552F00,qword_552F00
0x552F08,qword_552F08
0x552F10,qword_552F10
0x552F18,qword_552F18
0x552F20,qword_552F20
0x552F28,qword_552F28
0x552F30,qword_552F30
0x552F38,qword_552F38
0x552F40,qword_552F40
0x552F48,qword_552F48
0x552F50,qword_552F50
0x552F58,qword_552F58
0x552F60,qword_552F60
0x552F68,qword_552F68
0x552F70,qword_552F70
0x552F78,qword_552F78
0x552F80,qword_552F80
0x552F88,qword_552F88
0x552F90,qword_552F90
0x552F98,qword_552F98
0x552FA0,qword_552FA0
0x552FA8,qword_552FA8
0x552FB0,qword_552FB0
0x552FB8,qword_552FB8
0x552FC0,qword_552FC0
0x552FC8,qword_552FC8
0x552FD0,qword_552FD0
0x552FD8,qword_552FD8
0x552FE0,qword_552FE0
0x552FE8,qword_552FE8
0x552FF0,qword_552FF0
0x552FF8,qword_552FF8
0x553000,qword_553000
0x553008,qword_553008
0x553010,qword_553010
0x553018,qword_553018
0x553020,qword_553020
0x553028,qword_553028
0x553030,qword_553030
0x553038,qword_553038
0x553040,qword_553040
0x553048,qword_553048
0x553050,qword_553050
0x553058,qword_553058
0x553060,qword_553060
0x553068,qword_553068
0x553070,qword_553070
0x553078,qword_553078
0x553080,qword_553080
0x553088,qword_553088
0x553090,qword_553090
0x553098,qword_553098
0x5530A0,qword_5530A0
0x5530A8,qword_5530A8
0x5530B0,qword_5530B0
0x5530B8,qword_5530B8
0x5530C0,qword_5530C0
0x5530C8,qword_5530C8
0x5530D0,qword_5530D0
0x5530D8,qword_5530D8
0x5530E0,qword_5530E0
0x5530E8,qword_5530E8
0x5530F0,qword_5530F0
0x5530F8,qword_5530F8
0x553100,qword_553100
0x553108,qword_553108
0x553110,qword_553110
0x553118,qword_553118
0x553120,qword_553120
0x553128,qword_553128
0x553130,qword_553130
0x553138,qword_553138
0x553140,qword_553140
0x553148,qword_553148
0x553150,qword_553150
0x553158,qword_553158
0x553160,qword_553160
0x553168,qword_553168
0x553170,qword_553170
0x553178,qword_553178
0x553180,qword_553180
0x553188,qword_553188
0x553190,qword_553190
0x553198,qword_553198
0x5531A0,qword_5531A0
0x5531A8,qword_5531A8
0x5531B0,qword_5531B0
0x5531B8,qword_5531B8
0x5531C0,qword_5531C0
0x5531C8,qword_5531C8
0x5531D0,qword_5531D0
0x5531D8,qword_5531D8
0x5531E0,qword_5531E0
0x5531E8,qword_5531E8
0x5531F0,qword_5531F0
0x5531F8,qword_5531F8
0x553200,qword_553200
0x553208,qword_553208
0x553210,qword_553210
0x553218,qword_553218
0x553220,qword_553220
0x553228,qword_553228
0x553230,qword_553230
0x553238,qword_553238
0x553240,qword_553240
0x553248,qword_553248
0x553250,qword_553250
0x553258,qword_553258
0x553260,qword_553260
0x553268,qword_553268
0x553270,qword_553270
0x553278,qword_553278
0x553280,qword_553280
0x553288,qword_553288
0x553290,qword_553290
0x553298,qword_553298
0x5532A0,qword_5532A0
0x5532A8,qword_5532A8
0x5532B0,qword_5532B0
0x5532B8,qword_5532B8
0x5532C0,qword_5532C0
0x5532C8,qword_5532C8
0x5532D0,qword_5532D0
0x5532D8,qword_5532D8
0x5532E0,qword_5532E0
0x5532E8,qword_5532E8
0x5532F0,qword_5532F0
0x5532F8,qword_5532F8
0x553300,qword_553300
0x553308,qword_553308
0x553310,qword_553310
0x553318,qword_553318
0x553320,qword_553320
0x553328,qword_553328
0x553330,qword_553330
0x553338,qword_553338
0x553340,qword_553340
0x553348,qword_553348
0x553350,qword_553350
0x553358,qword_553358
0x553360,stru_553360
0x553384,stru_553384
0x55338C,qword_55338C
0x553394,qword_553394
0x55339C,qword_55339C
0x5533A4,qword_5533A4
0x5533AC,stru_5533AC
0x5533D0,stru_5533D0
0x5533D8,qword_5533D8
0x5533E0,stru_5533E0
0x553404,stru_553404
0x55340C,qword_55340C
0x553414,stru_553414
0x553438,stru_553438
0x553440,stru_553440
0x553464,stru_553464
0x55346C,qword_55346C
0x553474,qword_553474
0x55347C,qword_55347C
0x553484,stru_553484
0x5534A8,stru_5534A8
0x5534B0,qword_5534B0
0x5534B8,qword_5534B8
0x5534C0,qword_5534C0
0x5534C8,qword_5534C8
0x5534D0,stru_5534D0
0x5534F4,stru_5534F4
0x5534FC,qword_5534FC
0x553504,stru_553504
0x553514,stru_553514
0x553528,stru_553528
0x55354C,stru_55354C
0x553554,stru_553554
0x553578,stru_553578
0x553580,stru_553580
0x5535A4,stru_5535A4
0x5535AC,qword_5535AC
0x5535B4,stru_5535B4
0x5535D8,stru_5535D8
0x5535E0,stru_5535E0
0x553604,stru_553604
0x55360C,stru_55360C
0x553630,stru_553630
0x553638,stru_553638
0x55365C,stru_55365C
0x553664,qword_553664
0x55366C,stru_55366C
0x553690,stru_553690
0x553698,qword_553698
0x5536A0,qword_5536A0
0x5536A8,stru_5536A8
0x5536CC,stru_5536CC
0x5536D4,qword_5536D4
0x5536DC,stru_5536DC
0x553700,stru_553700
0x553708,stru_553708
0x55372C,stru_55372C
0x553734,qword_553734
0x55373C,qword_55373C
0x553744,stru_553744
0x553768,stru_553768
0x553770,qword_553770
0x553778,stru_553778
0x553788,stru_553788
0x55379C,stru_55379C
0x5537C0,stru_5537C0
0x5537C8,qword_5537C8
0x5537D0,qword_5537D0
0x5537D8,qword_5537D8
0x5537E0,qword_5537E0
0x5537E8,qword_5537E8
0x5537F0,qword_5537F0
0x5537F8,stru_5537F8
0x55381C,stru_55381C
0x553824,qword_553824
0x55382C,stru_55382C
0x553850,stru_553850
0x553858,qword_553858
0x553860,qword_553860
0x553868,qword_553868
0x553870,stru_553870
0x553894,stru_553894
0x55389C,stru_55389C
0x5538C0,stru_5538C0
0x5538C8,stru_5538C8
0x5538EC,stru_5538EC
0x5538F4,qword_5538F4
0x5538FC,qword_5538FC
0x553904,stru_553904
0x553928,stru_553928
0x553930,stru_553930
0x553954,stru_553954
0x55395C,qword_55395C
0x553964,stru_553964
0x553988,stru_553988
0x553990,qword_553990
0x553998,qword_553998
0x5539A0,stru_5539A0
0x5539C4,stru_5539C4
0x5539CC,qword_5539CC
0x5539D4,qword_5539D4
0x5539DC,qword_5539DC
0x5539E4,qword_5539E4
0x5539EC,qword_5539EC
0x5539F4,stru_5539F4
0x553A18,stru_553A18
0x553A20,qword_553A20
0x553A28,qword_553A28
0x553A30,qword_553A30
0x553A38,qword_553A38
0x553A40,qword_553A40
0x553A48,qword_553A48
0x553A50,qword_553A50
0x553A58,qword_553A58
0x553A60,qword_553A60
0x553A68,qword_553A68
0x553A70,qword_553A70
0x553A78,qword_553A78
0x553A80,qword_553A80
0x553A88,qword_553A88
0x553A90,qword_553A90
0x553A98,qword_553A98
0x553AA0,qword_553AA0
0x553AA8,qword_553AA8
0x553AB0,qword_553AB0
0x553AB8,qword_553AB8
0x553AC0,qword_553AC0
0x553AC8,qword_553AC8
0x553AD0,qword_553AD0
0x553AD8,qword_553AD8
0x553AE0,qword_553AE0
0x553AE8,qword_553AE8
0x553AF0,qword_553AF0
0x553AF8,stru_553AF8
0x553B1C,stru_553B1C
0x553B24,stru_553B24
0x553B48,stru_553B48
0x553B50,qword_553B50
0x553B58,qword_553B58
0x553B60,qword_553B60
0x553B68,qword_553B68
0x553B70,stru_553B70
0x553B94,stru_553B94
0x553B9C,stru_553B9C
0x553BC0,stru_553BC0
0x553BC8,stru_553BC8
0x553BEC,stru_553BEC
0x553BF4,qword_553BF4
0x553BFC,qword_553BFC
0x553C04,stru_553C04
0x553C28,stru_553C28
0x553C30,qword_553C30
0x553C38,qword_553C38
0x553C40,stru_553C40
0x553C64,stru_553C64
0x553C6C,stru_553C6C
0x553C90,stru_553C90
0x553C98,qword_553C98
0x553CA0,qword_553CA0
0x553CA8,stru_553CA8
0x553CCC,stru_553CCC
0x553CD4,qword_553CD4
0x553CDC,qword_553CDC
0x553CE4,stru_553CE4
0x553D08,stru_553D08
0x553D10,qword_553D10
0x553D18,qword_553D18
0x553D20,qword_553D20
0x553D28,stru_553D28
0x553D4C,stru_553D4C
0x553D54,qword_553D54
0x553D5C,qword_553D5C
0x553D64,qword_553D64
0x553D6C,qword_553D6C
0x553D74,stru_553D74
0x553D98,stru_553D98
0x553DA0,qword_553DA0
0x553DA8,qword_553DA8
0x553DB0,qword_553DB0
0x553DB8,qword_553DB8
0x553DC0,stru_553DC0
0x553DE4,stru_553DE4
0x553DEC,qword_553DEC
0x553DF4,qword_553DF4
0x553DFC,stru_553DFC
0x553E20,stru_553E20
0x553E28,qword_553E28
0x553E30,stru_553E30
0x553E54,stru_553E54
0x553E5C,stru_553E5C
0x553E80,stru_553E80
0x553E88,qword_553E88
0x553E90,stru_553E90
0x553EB4,stru_553EB4
0x553EBC,stru_553EBC
0x553EE0,stru_553EE0
0x553EE8,qword_553EE8
0x553EF0,stru_553EF0
0x553F14,stru_553F14
0x553F1C,qword_553F1C
0x553F24,stru_553F24
0x553F48,stru_553F48
0x553F50,qword_553F50
0x553F58,qword_553F58
0x553F60,stru_553F60
0x553F84,stru_553F84
0x553F8C,qword_553F8C
0x553F94,stru_553F94
0x553FA4,stru_553FA4
0x553FB8,stru_553FB8
0x553FDC,stru_553FDC
0x553FE4,stru_553FE4
0x554008,stru_554008
0x554010,qword_554010
0x554018,qword_554018
0x554020,qword_554020
0x554028,stru_554028
0x554038,stru_554038
0x554048,stru_554048
0x55405C,unk_55405C
0x554070,stru_554070
0x554094,stru_554094
0x55409C,qword_55409C
0x5540A4,stru_5540A4
0x5540B4,stru_5540B4
0x5540C8,stru_5540C8
0x5540EC,stru_5540EC
0x5540F4,qword_5540F4
0x5540FC,stru_5540FC
0x554120,stru_554120
0x554128,qword_554128
0x554130,stru_554130
0x554154,stru_554154
0x55415C,stru_55415C
0x554180,stru_554180
0x554188,qword_554188
0x554190,stru_554190
0x5541B4,stru_5541B4
0x5541BC,qword_5541BC
0x5541C4,stru_5541C4
0x5541E8,stru_5541E8
0x5541F0,qword_5541F0
0x5541F8,qword_5541F8
0x554200,stru_554200
0x554224,stru_554224
0x55422C,qword_55422C
0x554234,stru_554234
0x554258,stru_554258
0x554260,qword_554260
0x554268,stru_554268
0x55428C,stru_55428C
0x554294,qword_554294
0x55429C,qword_55429C
0x5542A4,qword_5542A4
0x5542AC,stru_5542AC
0x5542D0,stru_5542D0
0x5542D8,qword_5542D8
0x5542E0,qword_5542E0
0x5542E8,qword_5542E8
0x5542F0,qword_5542F0
0x5542F8,stru_5542F8
0x55431C,stru_55431C
0x554324,qword_554324
0x55432C,qword_55432C
0x554334,qword_554334
0x55433C,qword_55433C
0x554344,qword_554344
0x55434C,stru_55434C
0x554370,stru_554370
0x554378,qword_554378
0x554380,stru_554380
0x5543A4,stru_5543A4
0x5543AC,qword_5543AC
0x5543B4,stru_5543B4
0x5543D8,stru_5543D8
0x5543E0,qword_5543E0
0x5543E8,qword_5543E8
0x5543F0,qword_5543F0
0x5543F8,qword_5543F8
0x554400,qword_554400
0x554408,qword_554408
0x554410,qword_554410
0x554418,qword_554418
0x554420,qword_554420
0x554428,qword_554428
0x554430,qword_554430
0x554438,qword_554438
0x554440,stru_554440
0x554464,dword_554464
0x554468,stru_554468
0x554470,qword_554470
0x554478,qword_554478
0x554480,qword_554480
0x554488,qword_554488
0x554490,qword_554490
0x554498,qword_554498
0x5544A0,qword_5544A0
0x5544A8,qword_5544A8
0x5544B0,qword_5544B0
0x5544B8,qword_5544B8
0x5544C0,stru_5544C0
0x5544E4,stru_5544E4
0x5544EC,qword_5544EC
0x5544F4,qword_5544F4
0x5544FC,qword_5544FC
0x554504,qword_554504
0x55450C,qword_55450C
0x554514,stru_554514
0x554538,stru_554538
0x554540,qword_554540
0x554548,qword_554548
0x554550,qword_554550
0x554558,stru_554558
0x55457C,stru_55457C
0x554584,stru_554584
0x5545A8,stru_5545A8
0x5545B0,stru_5545B0
0x5545D4,stru_5545D4
0x5545DC,stru_5545DC
0x554600,stru_554600
0x554608,qword_554608
0x554610,stru_554610
0x554634,stru_554634
0x55463C,qword_55463C
0x554644,qword_554644
0x55464C,qword_55464C
0x554654,stru_554654
0x554678,stru_554678
0x554680,qword_554680
0x554688,stru_554688
0x5546AC,stru_5546AC
0x5546B4,qword_5546B4
0x5546BC,qword_5546BC
0x5546C4,qword_5546C4
0x5546CC,qword_5546CC
0x5546D4,qword_5546D4
0x5546DC,qword_5546DC
0x5546E4,stru_5546E4
0x554708,stru_554708
0x554710,qword_554710
0x554718,stru_554718
0x55473C,stru_55473C
0x554744,qword_554744
0x55474C,qword_55474C
0x554754,qword_554754
0x55475C,stru_55475C
0x554780,stru_554780
0x554788,qword_554788
0x554790,qword_554790
0x554798,stru_554798
0x5547BC,stru_5547BC
0x5547C4,qword_5547C4
0x5547CC,qword_5547CC
0x5547D4,qword_5547D4
0x5547DC,qword_5547DC
0x5547E4,qword_5547E4
0x5547EC,stru_5547EC
0x554810,stru_554810
0x554818,qword_554818
0x554820,qword_554820
0x554828,qword_554828
0x554830,qword_554830
0x554838,qword_554838
0x554840,qword_554840
0x554848,qword_554848
0x554850,qword_554850
0x554858,qword_554858
0x554860,qword_554860
0x554868,qword_554868
0x554870,qword_554870
0x554878,qword_554878
0x554880,qword_554880
0x554888,qword_554888
0x554890,qword_554890
0x554898,qword_554898
0x5548A0,qword_5548A0
0x5548A8,qword_5548A8
0x5548B0,qword_5548B0
0x5548B8,qword_5548B8
0x5548C0,qword_5548C0
0x5548C8,qword_5548C8
0x5548D0,qword_5548D0
0x5548D8,qword_5548D8
0x5548E0,qword_5548E0
0x5548E8,qword_5548E8
0x5548F0,qword_5548F0
0x5548F8,qword_5548F8
0x554900,qword_554900
0x554908,qword_554908
0x554910,qword_554910
0x554918,qword_554918
0x554920,qword_554920
0x554928,qword_554928
0x554930,qword_554930
0x554938,qword_554938
0x554940,qword_554940
0x554948,qword_554948
0x554950,qword_554950
0x554958,qword_554958
0x554960,qword_554960
0x554968,qword_554968
0x554970,qword_554970
0x554978,qword_554978
0x554980,qword_554980
0x554988,qword_554988
0x554990,qword_554990
0x554998,qword_554998
0x5549A0,qword_5549A0
0x5549A8,qword_5549A8
0x5549B0,qword_5549B0
0x5549B8,qword_5549B8
0x5549C0,qword_5549C0
0x5549C8,qword_5549C8
0x5549D0,qword_5549D0
0x5549D8,qword_5549D8
0x5549E0,qword_5549E0
0x5549E8,qword_5549E8
0x5549F0,qword_5549F0
0x5549F8,qword_5549F8
0x554A00,qword_554A00
0x554A08,qword_554A08
0x554A10,qword_554A10
0x554A18,qword_554A18
0x554A20,qword_554A20
0x554A28,qword_554A28
0x554A30,qword_554A30
0x554A38,qword_554A38
0x554A40,qword_554A40
0x554A48,qword_554A48
0x554A50,qword_554A50
0x554A58,qword_554A58
0x554A60,qword_554A60
0x554A68,qword_554A68
0x554A70,qword_554A70
0x554A78,qword_554A78
0x554A80,qword_554A80
0x554A88,qword_554A88
0x554A90,qword_554A90
0x554A98,qword_554A98
0x554AA0,qword_554AA0
0x554AA8,qword_554AA8
0x554AB0,qword_554AB0
0x554AB8,qword_554AB8
0x554AC0,qword_554AC0
0x554AC8,qword_554AC8
0x554AD0,qword_554AD0
0x554AD8,qword_554AD8
0x554AE0,qword_554AE0
0x554AE8,qword_554AE8
0x554AF0,qword_554AF0
0x554AF8,qword_554AF8
0x554B00,qword_554B00
0x554B08,qword_554B08
0x554B10,qword_554B10
0x554B18,qword_554B18
0x554B20,qword_554B20
0x554B28,qword_554B28
0x554B30,qword_554B30
0x554B38,qword_554B38
0x554B40,qword_554B40
0x554B48,qword_554B48
0x554B50,qword_554B50
0x554B58,qword_554B58
0x554B60,qword_554B60
0x554B68,qword_554B68
0x554B70,qword_554B70
0x554B78,qword_554B78
0x554B80,qword_554B80
0x554B88,qword_554B88
0x554B90,qword_554B90
0x554B98,qword_554B98
0x554BA0,qword_554BA0
0x554BA8,qword_554BA8
0x554BB0,qword_554BB0
0x554BB8,qword_554BB8
0x554BC0,qword_554BC0
0x554BC8,qword_554BC8
0x554BD0,qword_554BD0
0x554BD8,qword_554BD8
0x554BE0,qword_554BE0
0x554BE8,qword_554BE8
0x554BF0,qword_554BF0
0x554BF8,qword_554BF8
0x554C00,qword_554C00
0x554C08,qword_554C08
0x554C10,qword_554C10
0x554C18,qword_554C18
0x554C20,qword_554C20
0x554C28,qword_554C28
0x554C30,qword_554C30
0x554C38,qword_554C38
0x554C40,qword_554C40
0x554C48,qword_554C48
0x554C50,qword_554C50
0x554C58,qword_554C58
0x554C60,qword_554C60
0x554C68,qword_554C68
0x554C70,qword_554C70
0x554C78,qword_554C78
0x554C80,qword_554C80
0x554C88,qword_554C88
0x554C90,qword_554C90
0x554C98,qword_554C98
0x554CA0,qword_554CA0
0x554CA8,qword_554CA8
0x554CB0,qword_554CB0
0x554CB8,qword_554CB8
0x554CC0,qword_554CC0
0x554CC8,qword_554CC8
0x554CD0,qword_554CD0
0x554CD8,qword_554CD8
0x554CE0,qword_554CE0
0x554CE8,qword_554CE8
0x554CF0,qword_554CF0
0x554CF8,qword_554CF8
0x554D00,qword_554D00
0x554D08,qword_554D08
0x554D10,qword_554D10
0x554D18,qword_554D18
0x554D20,qword_554D20
0x554D28,qword_554D28
0x554D30,qword_554D30
0x554D38,qword_554D38
0x554D40,qword_554D40
0x554D48,qword_554D48
0x554D50,qword_554D50
0x554D58,qword_554D58
0x554D60,qword_554D60
0x554D68,qword_554D68
0x554D70,qword_554D70
0x554D78,qword_554D78
0x554D80,qword_554D80
0x554D88,qword_554D88
0x554D90,qword_554D90
0x554D98,qword_554D98
0x554DA0,qword_554DA0
0x554DA8,qword_554DA8
0x554DB0,qword_554DB0
0x554DB8,qword_554DB8
0x554DC0,qword_554DC0
0x554DC8,qword_554DC8
0x554DD0,qword_554DD0
0x554DD8,qword_554DD8
0x554DE0,qword_554DE0
0x554DE8,qword_554DE8
0x554DF0,qword_554DF0
0x554DF8,qword_554DF8
0x554E00,qword_554E00
0x554E08,qword_554E08
0x554E10,qword_554E10
0x554E18,qword_554E18
0x554E20,qword_554E20
0x554E28,qword_554E28
0x554E30,qword_554E30
0x554E38,qword_554E38
0x554E40,qword_554E40
0x554E48,qword_554E48
0x554E50,qword_554E50
0x554E58,qword_554E58
0x554E60,qword_554E60
0x554E68,qword_554E68
0x554E70,qword_554E70
0x554E78,qword_554E78
0x554E80,qword_554E80
0x554E88,qword_554E88
0x554E90,qword_554E90
0x554E98,qword_554E98
0x554EA0,qword_554EA0
0x554EA8,qword_554EA8
0x554EB0,qword_554EB0
0x554EB8,qword_554EB8
0x554EC0,qword_554EC0
0x554EC8,qword_554EC8
0x554ED0,qword_554ED0
0x554ED8,qword_554ED8
0x554EE0,qword_554EE0
0x554EE8,qword_554EE8
0x554EF0,qword_554EF0
0x554EF8,qword_554EF8
0x554F00,qword_554F00
0x554F08,qword_554F08
0x554F10,qword_554F10
0x554F18,qword_554F18
0x554F20,qword_554F20
0x554F28,qword_554F28
0x554F30,qword_554F30
0x554F38,qword_554F38
0x554F40,qword_554F40
0x554F48,qword_554F48
0x554F50,qword_554F50
0x554F58,qword_554F58
0x554F60,qword_554F60
0x554F68,qword_554F68
0x554F70,qword_554F70
0x554F78,qword_554F78
0x554F80,qword_554F80
0x554F88,qword_554F88
0x554F90,qword_554F90
0x554F98,qword_554F98
0x554FA0,qword_554FA0
0x554FA8,qword_554FA8
0x554FB0,qword_554FB0
0x554FB8,qword_554FB8
0x554FC0,qword_554FC0
0x554FC8,qword_554FC8
0x554FD0,qword_554FD0
0x554FD8,qword_554FD8
0x554FE0,qword_554FE0
0x554FE8,qword_554FE8
0x554FF0,qword_554FF0
0x554FF8,qword_554FF8
0x555000,qword_555000
0x555008,qword_555008
0x555010,qword_555010
0x555018,qword_555018
0x555020,qword_555020
0x555028,qword_555028
0x555030,qword_555030
0x555038,qword_555038
0x555040,qword_555040
0x555048,qword_555048
0x555050,qword_555050
0x555058,qword_555058
0x555060,qword_555060
0x555068,qword_555068
0x555070,qword_555070
0x555078,qword_555078
0x555080,qword_555080
0x555088,qword_555088
0x555090,qword_555090
0x555098,qword_555098
0x5550A0,qword_5550A0
0x5550A8,qword_5550A8
0x5550B0,qword_5550B0
0x5550B8,qword_5550B8
0x5550C0,qword_5550C0
0x5550C8,qword_5550C8
0x5550D0,qword_5550D0
0x5550D8,qword_5550D8
0x5550E0,qword_5550E0
0x5550E8,qword_5550E8
0x5550F0,qword_5550F0
0x5550F8,qword_5550F8
0x555100,qword_555100
0x555108,qword_555108
0x555110,qword_555110
0x555118,qword_555118
0x555120,qword_555120
0x555128,qword_555128
0x555130,qword_555130
0x555138,qword_555138
0x555140,qword_555140
0x555148,qword_555148
0x555150,qword_555150
0x555158,qword_555158
0x555160,qword_555160
0x555168,qword_555168
0x555170,qword_555170
0x555178,qword_555178
0x555180,qword_555180
0x555188,qword_555188
0x555190,qword_555190
0x555198,qword_555198
0x5551A0,qword_5551A0
0x5551A8,qword_5551A8
0x5551B0,qword_5551B0
0x5551B8,qword_5551B8
0x5551C0,qword_5551C0
0x5551C8,qword_5551C8
0x5551D0,qword_5551D0
0x5551D8,qword_5551D8
0x5551E0,qword_5551E0
0x5551E8,qword_5551E8
0x5551F0,qword_5551F0
0x5551F8,qword_5551F8
0x555200,qword_555200
0x555208,qword_555208
0x555210,qword_555210
0x555218,qword_555218
0x555220,qword_555220
0x555228,qword_555228
0x555230,qword_555230
0x555238,qword_555238
0x555240,qword_555240
0x555248,qword_555248
0x555250,qword_555250
0x555258,qword_555258
0x555260,qword_555260
0x555268,qword_555268
0x555270,qword_555270
0x555278,qword_555278
0x555280,qword_555280
0x555288,qword_555288
0x555290,qword_555290
0x555298,qword_555298
0x5552A0,qword_5552A0
0x5552A8,qword_5552A8
0x5552B0,qword_5552B0
0x5552B8,qword_5552B8
0x5552C0,qword_5552C0
0x5552C8,qword_5552C8
0x5552D0,qword_5552D0
0x5552D8,qword_5552D8
0x5552E0,qword_5552E0
0x5552E8,qword_5552E8
0x5552F0,qword_5552F0
0x5552F8,qword_5552F8
0x555300,qword_555300
0x555308,qword_555308
0x555310,qword_555310
0x555318,qword_555318
0x555320,qword_555320
0x555328,qword_555328
0x555330,qword_555330
0x555338,qword_555338
0x555340,qword_555340
0x555348,qword_555348
0x555350,qword_555350
0x555358,qword_555358
0x555360,qword_555360
0x555368,qword_555368
0x555370,qword_555370
0x555378,qword_555378
0x555380,qword_555380
0x555388,qword_555388
0x555390,qword_555390
0x555398,qword_555398
0x5553A0,qword_5553A0
0x5553A8,qword_5553A8
0x5553B0,qword_5553B0
0x5553B8,qword_5553B8
0x5553C0,qword_5553C0
0x5553C8,qword_5553C8
0x5553D0,qword_5553D0
0x5553D8,qword_5553D8
0x5553E0,qword_5553E0
0x5553E8,qword_5553E8
0x5553F0,qword_5553F0
0x5553F8,qword_5553F8
0x555400,qword_555400
0x555408,qword_555408
0x555410,qword_555410
0x555418,qword_555418
0x555420,qword_555420
0x555428,qword_555428
0x555430,qword_555430
0x555438,qword_555438
0x555440,qword_555440
0x555448,qword_555448
0x555450,qword_555450
0x555458,qword_555458
0x555460,qword_555460
0x555468,qword_555468
0x555470,qword_555470
0x555478,qword_555478
0x555480,qword_555480
0x555488,qword_555488
0x555490,qword_555490
0x555498,qword_555498
0x5554A0,qword_5554A0
0x5554A8,qword_5554A8
0x5554B0,qword_5554B0
0x5554B8,qword_5554B8
0x5554C0,qword_5554C0
0x5554C8,qword_5554C8
0x5554D0,qword_5554D0
0x5554D8,qword_5554D8
0x5554E0,qword_5554E0
0x5554E8,qword_5554E8
0x5554F0,qword_5554F0
0x5554F8,qword_5554F8
0x555500,qword_555500
0x555508,qword_555508
0x555510,qword_555510
0x555518,qword_555518
0x555520,qword_555520
0x555528,qword_555528
0x555530,qword_555530
0x555538,qword_555538
0x555540,qword_555540
0x555548,qword_555548
0x555550,qword_555550
0x555558,qword_555558
0x555560,qword_555560
0x555568,qword_555568
0x555570,qword_555570
0x555578,qword_555578
0x555580,qword_555580
0x555588,qword_555588
0x555590,qword_555590
0x555598,qword_555598
0x5555A0,qword_5555A0
0x5555A8,qword_5555A8
0x5555B0,qword_5555B0
0x5555B8,qword_5555B8
0x5555C0,qword_5555C0
0x5555C8,qword_5555C8
0x5555D0,qword_5555D0
0x5555D8,qword_5555D8
0x5555E0,qword_5555E0
0x5555E8,qword_5555E8
0x5555F0,qword_5555F0
0x5555F8,qword_5555F8
0x555600,qword_555600
0x555608,qword_555608
0x555610,qword_555610
0x555618,qword_555618
0x555620,qword_555620
0x555628,qword_555628
0x555630,qword_555630
0x555638,qword_555638
0x555640,qword_555640
0x555648,qword_555648
0x555650,qword_555650
0x555658,qword_555658
0x555660,qword_555660
0x555668,qword_555668
0x555670,qword_555670
0x555678,qword_555678
0x555680,qword_555680
0x555688,qword_555688
0x555690,qword_555690
0x555698,qword_555698
0x5556A0,qword_5556A0
0x5556A8,qword_5556A8
0x5556B0,qword_5556B0
0x5556B8,qword_5556B8
0x5556C0,qword_5556C0
0x5556C8,qword_5556C8
0x5556D0,qword_5556D0
0x5556D8,qword_5556D8
0x5556E0,qword_5556E0
0x5556E8,qword_5556E8
0x5556F0,qword_5556F0
0x5556F8,qword_5556F8
0x555700,qword_555700
0x555708,qword_555708
0x555710,qword_555710
0x555718,qword_555718
0x555720,qword_555720
0x555728,qword_555728
0x555730,qword_555730
0x555738,qword_555738
0x555740,qword_555740
0x555748,qword_555748
0x555750,qword_555750
0x555758,qword_555758
0x555760,qword_555760
0x555768,qword_555768
0x555770,qword_555770
0x555778,qword_555778
0x555780,qword_555780
0x555788,qword_555788
0x555790,qword_555790
0x555798,qword_555798
0x5557A0,qword_5557A0
0x5557A8,qword_5557A8
0x5557B0,qword_5557B0
0x5557B8,qword_5557B8
0x5557C0,qword_5557C0
0x5557C8,qword_5557C8
0x5557D0,qword_5557D0
0x5557D8,qword_5557D8
0x5557E0,qword_5557E0
0x5557E8,qword_5557E8
0x5557F0,qword_5557F0
0x5557F8,qword_5557F8
0x555800,qword_555800
0x555808,qword_555808
0x555810,qword_555810
0x555818,qword_555818
0x555820,qword_555820
0x555828,qword_555828
0x555830,qword_555830
0x555838,qword_555838
0x555840,qword_555840
0x555848,qword_555848
0x555850,qword_555850
0x555858,qword_555858
0x555860,qword_555860
0x555868,qword_555868
0x555870,qword_555870
0x555878,qword_555878
0x555880,qword_555880
0x555888,qword_555888
0x555890,qword_555890
0x555898,qword_555898
0x5558A0,qword_5558A0
0x5558A8,qword_5558A8
0x5558B0,qword_5558B0
0x5558B8,qword_5558B8
0x5558C0,qword_5558C0
0x5558C8,qword_5558C8
0x5558D0,qword_5558D0
0x5558D8,qword_5558D8
0x5558E0,qword_5558E0
0x5558E8,qword_5558E8
0x5558F0,qword_5558F0
0x5558F8,qword_5558F8
0x555900,qword_555900
0x555908,qword_555908
0x555910,qword_555910
0x555918,qword_555918
0x555920,qword_555920
0x555928,qword_555928
0x555930,qword_555930
0x555938,qword_555938
0x555940,qword_555940
0x555948,qword_555948
0x555950,qword_555950
0x555958,qword_555958
0x555960,qword_555960
0x555968,qword_555968
0x555970,qword_555970
0x555978,qword_555978
0x555980,qword_555980
0x555988,qword_555988
0x555990,qword_555990
0x555998,qword_555998
0x5559A0,qword_5559A0
0x5559A8,qword_5559A8
0x5559B0,qword_5559B0
0x5559B8,qword_5559B8
0x5559C0,qword_5559C0
0x5559C8,qword_5559C8
0x5559D0,qword_5559D0
0x5559D8,qword_5559D8
0x5559E0,qword_5559E0
0x5559E8,qword_5559E8
0x5559F0,qword_5559F0
0x5559F8,qword_5559F8
0x555A00,qword_555A00
0x555A08,qword_555A08
0x555A10,qword_555A10
0x555A18,qword_555A18
0x555A20,qword_555A20
0x555A28,qword_555A28
0x555A30,qword_555A30
0x555A38,qword_555A38
0x555A40,qword_555A40
0x555A48,qword_555A48
0x555A50,qword_555A50
0x555A58,qword_555A58
0x555A60,qword_555A60
0x555A68,qword_555A68
0x555A70,qword_555A70
0x555A78,qword_555A78
0x555A80,qword_555A80
0x555A88,qword_555A88
0x555A90,qword_555A90
0x555A98,qword_555A98
0x555AA0,qword_555AA0
0x555AA8,qword_555AA8
0x555AB0,qword_555AB0
0x555AB8,qword_555AB8
0x555AC0,qword_555AC0
0x555AC8,qword_555AC8
0x555AD0,qword_555AD0
0x555AD8,stru_555AD8
0x555AFC,stru_555AFC
0x555B04,stru_555B04
0x555B28,stru_555B28
0x555B30,stru_555B30
0x555B54,stru_555B54
0x555B5C,stru_555B5C
0x555B80,stru_555B80
0x555B88,stru_555B88
0x555BAC,stru_555BAC
0x555BB4,qword_555BB4
0x555BBC,qword_555BBC
0x555BC4,stru_555BC4
0x555BE8,stru_555BE8
0x555BF0,qword_555BF0
0x555BF8,qword_555BF8
0x555C00,qword_555C00
0x555C08,stru_555C08
0x555C18,stru_555C18
0x555C28,stru_555C28
0x555C3C,unk_555C3C
0x555C50,stru_555C50
0x555C74,stru_555C74
0x555C7C,stru_555C7C
0x555CA0,stru_555CA0
0x555CA8,stru_555CA8
0x555CCC,dword_555CCC
0x555CD0,stru_555CD0
0x555CD8,qword_555CD8
0x555CE0,qword_555CE0
0x555CE8,qword_555CE8
0x555CF0,qword_555CF0
0x555CF8,qword_555CF8
0x555D00,qword_555D00
0x555D08,qword_555D08
0x555D10,qword_555D10
0x555D18,qword_555D18
0x555D20,qword_555D20
0x555D28,qword_555D28
0x555D30,qword_555D30
0x555D38,qword_555D38
0x555D40,qword_555D40
0x555D48,stru_555D48
0x555D6C,stru_555D6C
0x555D74,qword_555D74
0x555D7C,qword_555D7C
0x555D84,stru_555D84
0x555DA8,stru_555DA8
0x555DB0,qword_555DB0
0x555DB8,qword_555DB8
0x555DC0,qword_555DC0
0x555DC8,stru_555DC8
0x555DEC,stru_555DEC
0x555DF4,qword_555DF4
0x555DFC,qword_555DFC
0x555E04,qword_555E04
0x555E0C,qword_555E0C
0x555E14,qword_555E14
0x555E1C,stru_555E1C
0x555E40,stru_555E40
0x555E48,qword_555E48
0x555E50,qword_555E50
0x555E58,qword_555E58
0x555E60,qword_555E60
0x555E68,qword_555E68
0x555E70,qword_555E70
0x555E78,qword_555E78
0x555E80,stru_555E80
0x555EA4,stru_555EA4
0x555EAC,stru_555EAC
0x555ED0,stru_555ED0
0x555ED8,qword_555ED8
0x555EE0,qword_555EE0
0x555EE8,qword_555EE8
0x555EF0,qword_555EF0
0x555EF8,qword_555EF8
0x555F00,qword_555F00
0x555F08,qword_555F08
0x555F10,qword_555F10
0x555F18,qword_555F18
0x555F20,stru_555F20
0x555F44,dword_555F44
0x555F48,stru_555F48
0x555F50,qword_555F50
0x555F58,qword_555F58
0x555F60,qword_555F60
0x555F68,qword_555F68
0x555F70,qword_555F70
0x555F78,qword_555F78
0x555F80,qword_555F80
0x555F88,qword_555F88
0x555F90,qword_555F90
0x555F98,qword_555F98
0x555FA0,stru_555FA0
0x555FC4,dword_555FC4
0x555FC8,stru_555FC8
0x555FD0,qword_555FD0
0x555FD8,qword_555FD8
0x555FE0,qword_555FE0
0x555FE8,qword_555FE8
0x555FF0,qword_555FF0
0x555FF8,qword_555FF8
0x556000,qword_556000
0x556008,qword_556008
0x556010,qword_556010
0x556018,qword_556018
0x556020,stru_556020
0x556044,stru_556044
0x55604C,qword_55604C
0x556054,qword_556054
0x55605C,qword_55605C
0x556064,qword_556064
0x55606C,stru_55606C
0x556090,stru_556090
0x556098,qword_556098
0x5560A0,qword_5560A0
0x5560A8,qword_5560A8
0x5560B0,stru_5560B0
0x5560D4,stru_5560D4
0x5560DC,qword_5560DC
0x5560E4,qword_5560E4
0x5560EC,qword_5560EC
0x5560F4,qword_5560F4
0x5560FC,stru_5560FC
0x556120,stru_556120
0x556128,qword_556128
0x556130,stru_556130
0x556154,stru_556154
0x55615C,stru_55615C
0x556180,stru_556180
0x556188,qword_556188
0x556190,qword_556190
0x556198,qword_556198
0x5561A0,qword_5561A0
0x5561A8,qword_5561A8
0x5561B0,qword_5561B0
0x5561B8,qword_5561B8
0x5561C0,qword_5561C0
0x5561C8,qword_5561C8
0x5561D0,qword_5561D0
0x5561D8,qword_5561D8
0x5561E0,qword_5561E0
0x5561E8,qword_5561E8
0x5561F0,qword_5561F0
0x5561F8,qword_5561F8
0x556200,qword_556200
0x556208,qword_556208
0x556210,qword_556210
0x556218,qword_556218
0x556220,qword_556220
0x556228,qword_556228
0x556230,stru_556230
0x556254,dword_556254
0x556258,stru_556258
0x556260,qword_556260
0x556268,qword_556268
0x556270,qword_556270
0x556278,qword_556278
0x556280,qword_556280
0x556288,qword_556288
0x556290,qword_556290
0x556298,qword_556298
0x5562A0,qword_5562A0
0x5562A8,qword_5562A8
0x5562B0,qword_5562B0
0x5562B8,qword_5562B8
0x5562C0,qword_5562C0
0x5562C8,qword_5562C8
0x5562D0,qword_5562D0
0x5562D8,qword_5562D8
0x5562E0,stru_5562E0
0x556304,stru_556304
0x55630C,qword_55630C
0x556314,qword_556314
0x55631C,qword_55631C
0x556324,qword_556324
0x55632C,qword_55632C
0x556334,qword_556334
0x55633C,stru_55633C
0x556360,stru_556360
0x556368,qword_556368
0x556370,qword_556370
0x556378,qword_556378
0x556380,stru_556380
0x5563A4,stru_5563A4
0x5563AC,stru_5563AC
0x5563D0,stru_5563D0
0x5563D8,qword_5563D8
0x5563E0,qword_5563E0
0x5563E8,qword_5563E8
0x5563F0,qword_5563F0
0x5563F8,qword_5563F8
0x556400,qword_556400
0x556408,qword_556408
0x556410,stru_556410
0x556434,stru_556434
0x55643C,stru_55643C
0x556460,stru_556460
0x556468,qword_556468
0x556470,qword_556470
0x556478,qword_556478
0x556480,qword_556480
0x556488,qword_556488
0x556490,stru_556490
0x5564B4,stru_5564B4
0x5564BC,qword_5564BC
0x5564C4,qword_5564C4
0x5564CC,qword_5564CC
0x5564D4,stru_5564D4
0x5564F8,stru_5564F8
0x556500,qword_556500
0x556508,qword_556508
0x556510,qword_556510
0x556518,qword_556518
0x556520,qword_556520
0x556528,qword_556528
0x556530,qword_556530
0x556538,qword_556538
0x556540,qword_556540
0x556548,qword_556548
0x556550,qword_556550
0x556558,qword_556558
0x556560,qword_556560
0x556568,qword_556568
0x556570,qword_556570
0x556578,qword_556578
0x556580,stru_556580
0x5565A4,dword_5565A4
0x5565A8,stru_5565A8
0x5565B0,qword_5565B0
0x5565B8,qword_5565B8
0x5565C0,qword_5565C0
0x5565C8,qword_5565C8
0x5565D0,qword_5565D0
0x5565D8,qword_5565D8
0x5565E0,qword_5565E0
0x5565E8,qword_5565E8
0x5565F0,qword_5565F0
0x5565F8,stru_5565F8
0x55661C,stru_55661C
0x556624,qword_556624
0x55662C,qword_55662C
0x556634,stru_556634
0x556658,stru_556658
0x556660,qword_556660
0x556668,qword_556668
0x556670,qword_556670
0x556678,qword_556678
0x556680,qword_556680
0x556688,qword_556688
0x556690,qword_556690
0x556698,qword_556698
0x5566A0,qword_5566A0
0x5566A8,qword_5566A8
0x5566B0,qword_5566B0
0x5566B8,qword_5566B8
0x5566C0,qword_5566C0
0x5566C8,qword_5566C8
0x5566D0,qword_5566D0
0x5566D8,qword_5566D8
0x5566E0,qword_5566E0
0x5566E8,qword_5566E8
0x5566F0,qword_5566F0
0x5566F8,qword_5566F8
0x556700,qword_556700
0x556708,qword_556708
0x556710,qword_556710
0x556718,qword_556718
0x556720,qword_556720
0x556728,qword_556728
0x556730,qword_556730
0x556738,qword_556738
0x556740,stru_556740
0x556764,stru_556764
0x55676C,stru_55676C
0x556790,stru_556790
0x556798,qword_556798
0x5567A0,qword_5567A0
0x5567A8,qword_5567A8
0x5567B0,qword_5567B0
0x5567B8,qword_5567B8
0x5567C0,stru_5567C0
0x5567E4,dword_5567E4
0x5567E8,stru_5567E8
0x5567F0,qword_5567F0
0x5567F8,qword_5567F8
0x556800,qword_556800
0x556808,qword_556808
0x556810,qword_556810
0x556818,qword_556818
0x556820,qword_556820
0x556828,qword_556828
0x556830,qword_556830
0x556838,qword_556838
0x556840,qword_556840
0x556848,qword_556848
0x556850,qword_556850
0x556858,qword_556858
0x556860,qword_556860
0x556868,qword_556868
0x556870,qword_556870
0x556878,qword_556878
0x556880,qword_556880
0x556888,qword_556888
0x556890,stru_556890
0x5568B4,dword_5568B4
0x5568B8,stru_5568B8
0x5568C0,qword_5568C0
0x5568C8,qword_5568C8
0x5568D0,qword_5568D0
0x5568D8,qword_5568D8
0x5568E0,qword_5568E0
0x5568E8,qword_5568E8
0x5568F0,qword_5568F0
0x5568F8,qword_5568F8
0x556900,qword_556900
0x556908,qword_556908
0x556910,qword_556910
0x556918,qword_556918
0x556920,qword_556920
0x556928,qword_556928
0x556930,qword_556930
0x556938,qword_556938
0x556940,qword_556940
0x556948,qword_556948
0x556950,qword_556950
0x556958,qword_556958
0x556960,qword_556960
0x556968,qword_556968
0x556970,qword_556970
0x556978,qword_556978
0x556980,qword_556980
0x556988,qword_556988
0x556990,qword_556990
0x556998,qword_556998
0x5569A0,qword_5569A0
0x5569A8,qword_5569A8
0x5569B0,qword_5569B0
0x5569B8,qword_5569B8
0x5569C0,qword_5569C0
0x5569C8,qword_5569C8
0x5569D0,qword_5569D0
0x5569D8,qword_5569D8
0x5569E0,qword_5569E0
0x5569E8,qword_5569E8
0x5569F0,qword_5569F0
0x5569F8,qword_5569F8
0x556A00,qword_556A00
0x556A08,qword_556A08
0x556A10,qword_556A10
0x556A18,qword_556A18
0x556A20,qword_556A20
0x556A28,qword_556A28
0x556A30,qword_556A30
0x556A38,qword_556A38
0x556A40,qword_556A40
0x556A48,qword_556A48
0x556A50,qword_556A50
0x556A58,qword_556A58
0x556A60,qword_556A60
0x556A68,qword_556A68
0x556A70,stru_556A70
0x556A94,stru_556A94
0x556A9C,qword_556A9C
0x556AA4,qword_556AA4
0x556AAC,qword_556AAC
0x556AB4,qword_556AB4
0x556ABC,qword_556ABC
0x556AC4,stru_556AC4
0x556AE8,stru_556AE8
0x556AF0,qword_556AF0
0x556AF8,qword_556AF8
0x556B00,qword_556B00
0x556B08,qword_556B08
0x556B10,qword_556B10
0x556B18,qword_556B18
0x556B20,stru_556B20
0x556B44,stru_556B44
0x556B4C,qword_556B4C
0x556B54,qword_556B54
0x556B5C,qword_556B5C
0x556B64,qword_556B64
0x556B6C,qword_556B6C
0x556B74,qword_556B74
0x556B7C,stru_556B7C
0x556BA0,stru_556BA0
0x556BA8,qword_556BA8
0x556BB0,qword_556BB0
0x556BB8,qword_556BB8
0x556BC0,qword_556BC0
0x556BC8,qword_556BC8
0x556BD0,qword_556BD0
0x556BD8,qword_556BD8
0x556BE0,qword_556BE0
0x556BE8,qword_556BE8
0x556BF0,qword_556BF0
0x556BF8,stru_556BF8
0x556C1C,dword_556C1C
0x556C20,stru_556C20
0x556C28,qword_556C28
0x556C30,qword_556C30
0x556C38,qword_556C38
0x556C40,qword_556C40
0x556C48,qword_556C48
0x556C50,qword_556C50
0x556C58,qword_556C58
0x556C60,qword_556C60
0x556C68,qword_556C68
0x556C70,qword_556C70
0x556C78,qword_556C78
0x556C80,qword_556C80
0x556C88,qword_556C88
0x556C90,qword_556C90
0x556C98,qword_556C98
0x556CA0,qword_556CA0
0x556CA8,qword_556CA8
0x556CB0,qword_556CB0
0x556CB8,qword_556CB8
0x556CC0,qword_556CC0
0x556CC8,qword_556CC8
0x556CD0,qword_556CD0
0x556CD8,qword_556CD8
0x556CE0,qword_556CE0
0x556CE8,qword_556CE8
0x556CF0,qword_556CF0
0x556CF8,qword_556CF8
0x556D00,qword_556D00
0x556D08,stru_556D08
0x556D2C,dword_556D2C
0x556D30,stru_556D30
0x556D38,qword_556D38
0x556D40,qword_556D40
0x556D48,qword_556D48
0x556D50,qword_556D50
0x556D58,qword_556D58
0x556D60,qword_556D60
0x556D68,qword_556D68
0x556D70,qword_556D70
0x556D78,qword_556D78
0x556D80,qword_556D80
0x556D88,qword_556D88
0x556D90,qword_556D90
0x556D98,qword_556D98
0x556DA0,qword_556DA0
0x556DA8,qword_556DA8
0x556DB0,qword_556DB0
0x556DB8,qword_556DB8
0x556DC0,qword_556DC0
0x556DC8,qword_556DC8
0x556DD0,qword_556DD0
0x556DD8,qword_556DD8
0x556DE0,qword_556DE0
0x556DE8,qword_556DE8
0x556DF0,qword_556DF0
0x556DF8,qword_556DF8
0x556E00,qword_556E00
0x556E08,qword_556E08
0x556E10,qword_556E10
0x556E18,qword_556E18
0x556E20,qword_556E20
0x556E28,qword_556E28
0x556E30,qword_556E30
0x556E38,qword_556E38
0x556E40,qword_556E40
0x556E48,qword_556E48
0x556E50,qword_556E50
0x556E58,qword_556E58
0x556E60,qword_556E60
0x556E68,qword_556E68
0x556E70,qword_556E70
0x556E78,qword_556E78
0x556E80,qword_556E80
0x556E88,qword_556E88
0x556E90,qword_556E90
0x556E98,qword_556E98
0x556EA0,qword_556EA0
0x556EA8,qword_556EA8
0x556EB0,stru_556EB0
0x556ED4,stru_556ED4
0x556EDC,qword_556EDC
0x556EE4,qword_556EE4
0x556EEC,stru_556EEC
0x556F10,stru_556F10
0x556F18,qword_556F18
0x556F20,stru_556F20
0x556F44,dword_556F44
0x556F48,stru_556F48
0x556F50,qword_556F50
0x556F58,qword_556F58
0x556F60,qword_556F60
0x556F68,qword_556F68
0x556F70,qword_556F70
0x556F78,qword_556F78
0x556F80,qword_556F80
0x556F88,qword_556F88
0x556F90,qword_556F90
0x556F98,qword_556F98
0x556FA0,qword_556FA0
0x556FA8,qword_556FA8
0x556FB0,qword_556FB0
0x556FB8,qword_556FB8
0x556FC0,qword_556FC0
0x556FC8,qword_556FC8
0x556FD0,qword_556FD0
0x556FD8,qword_556FD8
0x556FE0,qword_556FE0
0x556FE8,qword_556FE8
0x556FF0,qword_556FF0
0x556FF8,qword_556FF8
0x557000,qword_557000
0x557008,qword_557008
0x557010,qword_557010
0x557018,qword_557018
0x557020,qword_557020
0x557028,qword_557028
0x557030,qword_557030
0x557038,qword_557038
0x557040,qword_557040
0x557048,qword_557048
0x557050,qword_557050
0x557058,qword_557058
0x557060,qword_557060
0x557068,qword_557068
0x557070,qword_557070
0x557078,qword_557078
0x557080,qword_557080
0x557088,qword_557088
0x557090,qword_557090
0x557098,qword_557098
0x5570A0,qword_5570A0
0x5570A8,qword_5570A8
0x5570B0,qword_5570B0
0x5570B8,qword_5570B8
0x5570C0,qword_5570C0
0x5570C8,qword_5570C8
0x5570D0,qword_5570D0
0x5570D8,qword_5570D8
0x5570E0,qword_5570E0
0x5570E8,qword_5570E8
0x5570F0,qword_5570F0
0x5570F8,qword_5570F8
0x557100,qword_557100
0x557108,qword_557108
0x557110,qword_557110
0x557118,qword_557118
0x557120,qword_557120
0x557128,qword_557128
0x557130,qword_557130
0x557138,qword_557138
0x557140,qword_557140
0x557148,qword_557148
0x557150,qword_557150
0x557158,qword_557158
0x557160,qword_557160
0x557168,qword_557168
0x557170,qword_557170
0x557178,qword_557178
0x557180,qword_557180
0x557188,qword_557188
0x557190,qword_557190
0x557198,qword_557198
0x5571A0,qword_5571A0
0x5571A8,qword_5571A8
0x5571B0,qword_5571B0
0x5571B8,qword_5571B8
0x5571C0,qword_5571C0
0x5571C8,qword_5571C8
0x5571D0,qword_5571D0
0x5571D8,qword_5571D8
0x5571E0,qword_5571E0
0x5571E8,qword_5571E8
0x5571F0,qword_5571F0
0x5571F8,qword_5571F8
0x557200,qword_557200
0x557208,qword_557208
0x557210,qword_557210
0x557218,qword_557218
0x557220,qword_557220
0x557228,qword_557228
0x557230,qword_557230
0x557238,qword_557238
0x557240,qword_557240
0x557248,qword_557248
0x557250,qword_557250
0x557258,qword_557258
0x557260,qword_557260
0x557268,qword_557268
0x557270,qword_557270
0x557278,qword_557278
0x557280,qword_557280
0x557288,qword_557288
0x557290,qword_557290
0x557298,qword_557298
0x5572A0,qword_5572A0
0x5572A8,qword_5572A8
0x5572B0,qword_5572B0
0x5572B8,qword_5572B8
0x5572C0,qword_5572C0
0x5572C8,qword_5572C8
0x5572D0,qword_5572D0
0x5572D8,qword_5572D8
0x5572E0,qword_5572E0
0x5572E8,qword_5572E8
0x5572F0,qword_5572F0
0x5572F8,qword_5572F8
0x557300,qword_557300
0x557308,qword_557308
0x557310,qword_557310
0x557318,qword_557318
0x557320,qword_557320
0x557328,qword_557328
0x557330,qword_557330
0x557338,qword_557338
0x557340,qword_557340
0x557348,qword_557348
0x557350,qword_557350
0x557358,qword_557358
0x557360,qword_557360
0x557368,qword_557368
0x557370,qword_557370
0x557378,qword_557378
0x557380,qword_557380
0x557388,qword_557388
0x557390,qword_557390
0x557398,qword_557398
0x5573A0,qword_5573A0
0x5573A8,qword_5573A8
0x5573B0,qword_5573B0
0x5573B8,qword_5573B8
0x5573C0,qword_5573C0
0x5573C8,qword_5573C8
0x5573D0,qword_5573D0
0x5573D8,qword_5573D8
0x5573E0,qword_5573E0
0x5573E8,qword_5573E8
0x5573F0,qword_5573F0
0x5573F8,qword_5573F8
0x557400,qword_557400
0x557408,qword_557408
0x557410,qword_557410
0x557418,qword_557418
0x557420,qword_557420
0x557428,qword_557428
0x557430,qword_557430
0x557438,qword_557438
0x557440,qword_557440
0x557448,qword_557448
0x557450,qword_557450
0x557458,qword_557458
0x557460,qword_557460
0x557468,qword_557468
0x557470,qword_557470
0x557478,qword_557478
0x557480,qword_557480
0x557488,qword_557488
0x557490,qword_557490
0x557498,qword_557498
0x5574A0,qword_5574A0
0x5574A8,qword_5574A8
0x5574B0,qword_5574B0
0x5574B8,qword_5574B8
0x5574C0,qword_5574C0
0x5574C8,qword_5574C8
0x5574D0,qword_5574D0
0x5574D8,qword_5574D8
0x5574E0,qword_5574E0
0x5574E8,qword_5574E8
0x5574F0,qword_5574F0
0x5574F8,qword_5574F8
0x557500,qword_557500
0x557508,qword_557508
0x557510,qword_557510
0x557518,qword_557518
0x557520,qword_557520
0x557528,qword_557528
0x557530,qword_557530
0x557538,qword_557538
0x557540,qword_557540
0x557548,qword_557548
0x557550,qword_557550
0x557558,qword_557558
0x557560,qword_557560
0x557568,qword_557568
0x557570,qword_557570
0x557578,qword_557578
0x557580,qword_557580
0x557588,qword_557588
0x557590,qword_557590
0x557598,qword_557598
0x5575A0,qword_5575A0
0x5575A8,qword_5575A8
0x5575B0,qword_5575B0
0x5575B8,qword_5575B8
0x5575C0,qword_5575C0
0x5575C8,qword_5575C8
0x5575D0,qword_5575D0
0x5575D8,qword_5575D8
0x5575E0,qword_5575E0
0x5575E8,qword_5575E8
0x5575F0,qword_5575F0
0x5575F8,qword_5575F8
0x557600,qword_557600
0x557608,qword_557608
0x557610,qword_557610
0x557618,qword_557618
0x557620,qword_557620
0x557628,qword_557628
0x557630,qword_557630
0x557638,qword_557638
0x557640,qword_557640
0x557648,qword_557648
0x557650,qword_557650
0x557658,qword_557658
0x557660,qword_557660
0x557668,qword_557668
0x557670,qword_557670
0x557678,qword_557678
0x557680,qword_557680
0x557688,qword_557688
0x557690,qword_557690
0x557698,qword_557698
0x5576A0,qword_5576A0
0x5576A8,qword_5576A8
0x5576B0,qword_5576B0
0x5576B8,qword_5576B8
0x5576C0,qword_5576C0
0x5576C8,qword_5576C8
0x5576D0,qword_5576D0
0x5576D8,qword_5576D8
0x5576E0,qword_5576E0
0x5576E8,qword_5576E8
0x5576F0,qword_5576F0
0x5576F8,qword_5576F8
0x557700,qword_557700
0x557708,qword_557708
0x557710,qword_557710
0x557718,qword_557718
0x557720,qword_557720
0x557728,qword_557728
0x557730,qword_557730
0x557738,qword_557738
0x557740,qword_557740
0x557748,qword_557748
0x557750,qword_557750
0x557758,qword_557758
0x557760,qword_557760
0x557768,qword_557768
0x557770,qword_557770
0x557778,qword_557778
0x557780,qword_557780
0x557788,qword_557788
0x557790,qword_557790
0x557798,qword_557798
0x5577A0,qword_5577A0
0x5577A8,qword_5577A8
0x5577B0,qword_5577B0
0x5577B8,qword_5577B8
0x5577C0,qword_5577C0
0x5577C8,qword_5577C8
0x5577D0,qword_5577D0
0x5577D8,qword_5577D8
0x5577E0,qword_5577E0
0x5577E8,qword_5577E8
0x5577F0,qword_5577F0
0x5577F8,qword_5577F8
0x557800,qword_557800
0x557808,qword_557808
0x557810,qword_557810
0x557818,qword_557818
0x557820,qword_557820
0x557828,qword_557828
0x557830,qword_557830
0x557838,qword_557838
0x557840,qword_557840
0x557848,qword_557848
0x557850,qword_557850
0x557858,qword_557858
0x557860,qword_557860
0x557868,qword_557868
0x557870,qword_557870
0x557878,qword_557878
0x557880,qword_557880
0x557888,qword_557888
0x557890,qword_557890
0x557898,qword_557898
0x5578A0,qword_5578A0
0x5578A8,qword_5578A8
0x5578B0,qword_5578B0
0x5578B8,qword_5578B8
0x5578C0,qword_5578C0
0x5578C8,qword_5578C8
0x5578D0,qword_5578D0
0x5578D8,qword_5578D8
0x5578E0,qword_5578E0
0x5578E8,qword_5578E8
0x5578F0,qword_5578F0
0x5578F8,qword_5578F8
0x557900,qword_557900
0x557908,qword_557908
0x557910,qword_557910
0x557918,qword_557918
0x557920,qword_557920
0x557928,qword_557928
0x557930,qword_557930
0x557938,qword_557938
0x557940,qword_557940
0x557948,qword_557948
0x557950,qword_557950
0x557958,qword_557958
0x557960,qword_557960
0x557968,qword_557968
0x557970,qword_557970
0x557978,qword_557978
0x557980,qword_557980
0x557988,qword_557988
0x557990,qword_557990
0x557998,qword_557998
0x5579A0,qword_5579A0
0x5579A8,qword_5579A8
0x5579B0,qword_5579B0
0x5579B8,qword_5579B8
0x5579C0,qword_5579C0
0x5579C8,qword_5579C8
0x5579D0,qword_5579D0
0x5579D8,qword_5579D8
0x5579E0,qword_5579E0
0x5579E8,qword_5579E8
0x5579F0,qword_5579F0
0x5579F8,qword_5579F8
0x557A00,qword_557A00
0x557A08,qword_557A08
0x557A10,qword_557A10
0x557A18,qword_557A18
0x557A20,qword_557A20
0x557A28,qword_557A28
0x557A30,qword_557A30
0x557A38,qword_557A38
0x557A40,qword_557A40
0x557A48,qword_557A48
0x557A50,qword_557A50
0x557A58,qword_557A58
0x557A60,qword_557A60
0x557A68,qword_557A68
0x557A70,qword_557A70
0x557A78,qword_557A78
0x557A80,qword_557A80
0x557A88,qword_557A88
0x557A90,qword_557A90
0x557A98,qword_557A98
0x557AA0,qword_557AA0
0x557AA8,qword_557AA8
0x557AB0,qword_557AB0
0x557AB8,qword_557AB8
0x557AC0,qword_557AC0
0x557AC8,qword_557AC8
0x557AD0,qword_557AD0
0x557AD8,qword_557AD8
0x557AE0,qword_557AE0
0x557AE8,qword_557AE8
0x557AF0,qword_557AF0
0x557AF8,qword_557AF8
0x557B00,qword_557B00
0x557B08,qword_557B08
0x557B10,qword_557B10
0x557B18,qword_557B18
0x557B20,qword_557B20
0x557B28,qword_557B28
0x557B30,qword_557B30
0x557B38,qword_557B38
0x557B40,qword_557B40
0x557B48,qword_557B48
0x557B50,qword_557B50
0x557B58,qword_557B58
0x557B60,qword_557B60
0x557B68,qword_557B68
0x557B70,qword_557B70
0x557B78,qword_557B78
0x557B80,qword_557B80
0x557B88,qword_557B88
0x557B90,qword_557B90
0x557B98,qword_557B98
0x557BA0,qword_557BA0
0x557BA8,qword_557BA8
0x557BB0,qword_557BB0
0x557BB8,qword_557BB8
0x557BC0,qword_557BC0
0x557BC8,qword_557BC8
0x557BD0,qword_557BD0
0x557BD8,qword_557BD8
0x557BE0,qword_557BE0
0x557BE8,qword_557BE8
0x557BF0,qword_557BF0
0x557BF8,qword_557BF8
0x557C00,qword_557C00
0x557C08,qword_557C08
0x557C10,qword_557C10
0x557C18,qword_557C18
0x557C20,qword_557C20
0x557C28,qword_557C28
0x557C30,qword_557C30
0x557C38,qword_557C38
0x557C40,qword_557C40
0x557C48,qword_557C48
0x557C50,qword_557C50
0x557C58,qword_557C58
0x557C60,qword_557C60
0x557C68,qword_557C68
0x557C70,qword_557C70
0x557C78,qword_557C78
0x557C80,qword_557C80
0x557C88,qword_557C88
0x557C90,qword_557C90
0x557C98,qword_557C98
0x557CA0,qword_557CA0
0x557CA8,qword_557CA8
0x557CB0,qword_557CB0
0x557CB8,qword_557CB8
0x557CC0,qword_557CC0
0x557CC8,qword_557CC8
0x557CD0,qword_557CD0
0x557CD8,qword_557CD8
0x557CE0,qword_557CE0
0x557CE8,qword_557CE8
0x557CF0,qword_557CF0
0x557CF8,qword_557CF8
0x557D00,qword_557D00
0x557D08,qword_557D08
0x557D10,qword_557D10
0x557D18,qword_557D18
0x557D20,qword_557D20
0x557D28,qword_557D28
0x557D30,qword_557D30
0x557D38,qword_557D38
0x557D40,qword_557D40
0x557D48,qword_557D48
0x557D50,qword_557D50
0x557D58,qword_557D58
0x557D60,qword_557D60
0x557D68,qword_557D68
0x557D70,qword_557D70
0x557D78,qword_557D78
0x557D80,qword_557D80
0x557D88,qword_557D88
0x557D90,qword_557D90
0x557D98,qword_557D98
0x557DA0,qword_557DA0
0x557DA8,qword_557DA8
0x557DB0,qword_557DB0
0x557DB8,qword_557DB8
0x557DC0,qword_557DC0
0x557DC8,qword_557DC8
0x557DD0,qword_557DD0
0x557DD8,qword_557DD8
0x557DE0,qword_557DE0
0x557DE8,qword_557DE8
0x557DF0,qword_557DF0
0x557DF8,qword_557DF8
0x557E00,qword_557E00
0x557E08,qword_557E08
0x557E10,qword_557E10
0x557E18,qword_557E18
0x557E20,qword_557E20
0x557E28,qword_557E28
0x557E30,qword_557E30
0x557E38,qword_557E38
0x557E40,qword_557E40
0x557E48,qword_557E48
0x557E50,qword_557E50
0x557E58,qword_557E58
0x557E60,qword_557E60
0x557E68,qword_557E68
0x557E70,qword_557E70
0x557E78,qword_557E78
0x557E80,qword_557E80
0x557E88,qword_557E88
0x557E90,qword_557E90
0x557E98,qword_557E98
0x557EA0,qword_557EA0
0x557EA8,qword_557EA8
0x557EB0,qword_557EB0
0x557EB8,qword_557EB8
0x557EC0,qword_557EC0
0x557EC8,qword_557EC8
0x557ED0,qword_557ED0
0x557ED8,qword_557ED8
0x557EE0,qword_557EE0
0x557EE8,qword_557EE8
0x557EF0,qword_557EF0
0x557EF8,qword_557EF8
0x557F00,qword_557F00
0x557F08,qword_557F08
0x557F10,qword_557F10
0x557F18,qword_557F18
0x557F20,qword_557F20
0x557F28,qword_557F28
0x557F30,qword_557F30
0x557F38,qword_557F38
0x557F40,qword_557F40
0x557F48,qword_557F48
0x557F50,qword_557F50
0x557F58,qword_557F58
0x557F60,qword_557F60
0x557F68,qword_557F68
0x557F70,qword_557F70
0x557F78,qword_557F78
0x557F80,qword_557F80
0x557F88,qword_557F88
0x557F90,qword_557F90
0x557F98,qword_557F98
0x557FA0,qword_557FA0
0x557FA8,qword_557FA8
0x557FB0,qword_557FB0
0x557FB8,qword_557FB8
0x557FC0,qword_557FC0
0x557FC8,qword_557FC8
0x557FD0,qword_557FD0
0x557FD8,qword_557FD8
0x557FE0,qword_557FE0
0x557FE8,qword_557FE8
0x557FF0,qword_557FF0
0x557FF8,qword_557FF8
0x558000,qword_558000
0x558008,qword_558008
0x558010,qword_558010
0x558018,qword_558018
0x558020,qword_558020
0x558028,qword_558028
0x558030,qword_558030
0x558038,qword_558038
0x558040,qword_558040
0x558048,qword_558048
0x558050,qword_558050
0x558058,qword_558058
0x558060,qword_558060
0x558068,qword_558068
0x558070,qword_558070
0x558078,qword_558078
0x558080,qword_558080
0x558088,qword_558088
0x558090,qword_558090
0x558098,qword_558098
0x5580A0,qword_5580A0
0x5580A8,qword_5580A8
0x5580B0,qword_5580B0
0x5580B8,qword_5580B8
0x5580C0,qword_5580C0
0x5580C8,qword_5580C8
0x5580D0,qword_5580D0
0x5580D8,qword_5580D8
0x5580E0,qword_5580E0
0x5580E8,qword_5580E8
0x5580F0,qword_5580F0
0x5580F8,qword_5580F8
0x558100,qword_558100
0x558108,qword_558108
0x558110,qword_558110
0x558118,qword_558118
0x558120,qword_558120
0x558128,qword_558128
0x558130,qword_558130
0x558138,qword_558138
0x558140,qword_558140
0x558148,qword_558148
0x558150,qword_558150
0x558158,qword_558158
0x558160,qword_558160
0x558168,qword_558168
0x558170,qword_558170
0x558178,qword_558178
0x558180,qword_558180
0x558188,qword_558188
0x558190,qword_558190
0x558198,qword_558198
0x5581A0,qword_5581A0
0x5581A8,qword_5581A8
0x5581B0,qword_5581B0
0x5581B8,qword_5581B8
0x5581C0,qword_5581C0
0x5581C8,qword_5581C8
0x5581D0,qword_5581D0
0x5581D8,qword_5581D8
0x5581E0,qword_5581E0
0x5581E8,qword_5581E8
0x5581F0,qword_5581F0
0x5581F8,qword_5581F8
0x558200,qword_558200
0x558208,qword_558208
0x558210,qword_558210
0x558218,qword_558218
0x558220,qword_558220
0x558228,qword_558228
0x558230,qword_558230
0x558238,qword_558238
0x558240,qword_558240
0x558248,qword_558248
0x558250,qword_558250
0x558258,qword_558258
0x558260,qword_558260
0x558268,qword_558268
0x558270,qword_558270
0x558278,qword_558278
0x558280,qword_558280
0x558288,qword_558288
0x558290,qword_558290
0x558298,qword_558298
0x5582A0,qword_5582A0
0x5582A8,qword_5582A8
0x5582B0,qword_5582B0
0x5582B8,qword_5582B8
0x5582C0,qword_5582C0
0x5582C8,qword_5582C8
0x5582D0,qword_5582D0
0x5582D8,qword_5582D8
0x5582E0,qword_5582E0
0x5582E8,qword_5582E8
0x5582F0,qword_5582F0
0x5582F8,qword_5582F8
0x558300,qword_558300
0x558308,qword_558308
0x558310,qword_558310
0x558318,qword_558318
0x558320,qword_558320
0x558328,qword_558328
0x558330,qword_558330
0x558338,qword_558338
0x558340,qword_558340
0x558348,qword_558348
0x558350,qword_558350
0x558358,qword_558358
0x558360,qword_558360
0x558368,qword_558368
0x558370,qword_558370
0x558378,qword_558378
0x558380,qword_558380
0x558388,qword_558388
0x558390,qword_558390
0x558398,qword_558398
0x5583A0,qword_5583A0
0x5583A8,qword_5583A8
0x5583B0,qword_5583B0
0x5583B8,qword_5583B8
0x5583C0,qword_5583C0
0x5583C8,qword_5583C8
0x5583D0,qword_5583D0
0x5583D8,qword_5583D8
0x5583E0,qword_5583E0
0x5583E8,qword_5583E8
0x5583F0,qword_5583F0
0x5583F8,qword_5583F8
0x558400,qword_558400
0x558408,qword_558408
0x558410,qword_558410
0x558418,qword_558418
0x558420,qword_558420
0x558428,qword_558428
0x558430,qword_558430
0x558438,qword_558438
0x558440,qword_558440
0x558448,qword_558448
0x558450,qword_558450
0x558458,qword_558458
0x558460,qword_558460
0x558468,qword_558468
0x558470,qword_558470
0x558478,qword_558478
0x558480,qword_558480
0x558488,qword_558488
0x558490,qword_558490
0x558498,qword_558498
0x5584A0,qword_5584A0
0x5584A8,qword_5584A8
0x5584B0,qword_5584B0
0x5584B8,qword_5584B8
0x5584C0,qword_5584C0
0x5584C8,qword_5584C8
0x5584D0,qword_5584D0
0x5584D8,qword_5584D8
0x5584E0,qword_5584E0
0x5584E8,qword_5584E8
0x5584F0,qword_5584F0
0x5584F8,qword_5584F8
0x558500,qword_558500
0x558508,qword_558508
0x558510,qword_558510
0x558518,qword_558518
0x558520,qword_558520
0x558528,qword_558528
0x558530,qword_558530
0x558538,qword_558538
0x558540,qword_558540
0x558548,qword_558548
0x558550,qword_558550
0x558558,qword_558558
0x558560,qword_558560
0x558568,qword_558568
0x558570,qword_558570
0x558578,qword_558578
0x558580,qword_558580
0x558588,qword_558588
0x558590,qword_558590
0x558598,qword_558598
0x5585A0,qword_5585A0
0x5585A8,qword_5585A8
0x5585B0,qword_5585B0
0x5585B8,qword_5585B8
0x5585C0,qword_5585C0
0x5585C8,qword_5585C8
0x5585D0,qword_5585D0
0x5585D8,qword_5585D8
0x5585E0,qword_5585E0
0x5585E8,qword_5585E8
0x5585F0,qword_5585F0
0x5585F8,qword_5585F8
0x558600,qword_558600
0x558608,qword_558608
0x558610,qword_558610
0x558618,qword_558618
0x558620,qword_558620
0x558628,qword_558628
0x558630,qword_558630
0x558638,qword_558638
0x558640,qword_558640
0x558648,qword_558648
0x558650,qword_558650
0x558658,qword_558658
0x558660,qword_558660
0x558668,qword_558668
0x558670,qword_558670
0x558678,qword_558678
0x558680,qword_558680
0x558688,qword_558688
0x558690,qword_558690
0x558698,qword_558698
0x5586A0,qword_5586A0
0x5586A8,qword_5586A8
0x5586B0,qword_5586B0
0x5586B8,qword_5586B8
0x5586C0,qword_5586C0
0x5586C8,qword_5586C8
0x5586D0,qword_5586D0
0x5586D8,qword_5586D8
0x5586E0,qword_5586E0
0x5586E8,qword_5586E8
0x5586F0,qword_5586F0
0x5586F8,qword_5586F8
0x558700,qword_558700
0x558708,qword_558708
0x558710,qword_558710
0x558718,qword_558718
0x558720,qword_558720
0x558728,qword_558728
0x558730,qword_558730
0x558738,qword_558738
0x558740,qword_558740
0x558748,qword_558748
0x558750,qword_558750
0x558758,qword_558758
0x558760,qword_558760
0x558768,qword_558768
0x558770,qword_558770
0x558778,qword_558778
0x558780,qword_558780
0x558788,qword_558788
0x558790,qword_558790
0x558798,qword_558798
0x5587A0,qword_5587A0
0x5587A8,qword_5587A8
0x5587B0,qword_5587B0
0x5587B8,qword_5587B8
0x5587C0,qword_5587C0
0x5587C8,qword_5587C8
0x5587D0,qword_5587D0
0x5587D8,qword_5587D8
0x5587E0,qword_5587E0
0x5587E8,qword_5587E8
0x5587F0,qword_5587F0
0x5587F8,qword_5587F8
0x558800,qword_558800
0x558808,qword_558808
0x558810,qword_558810
0x558818,qword_558818
0x558820,qword_558820
0x558828,qword_558828
0x558830,qword_558830
0x558838,qword_558838
0x558840,qword_558840
0x558848,qword_558848
0x558850,qword_558850
0x558858,qword_558858
0x558860,qword_558860
0x558868,qword_558868
0x558870,qword_558870
0x558878,qword_558878
0x558880,qword_558880
0x558888,qword_558888
0x558890,qword_558890
0x558898,qword_558898
0x5588A0,qword_5588A0
0x5588A8,qword_5588A8
0x5588B0,qword_5588B0
0x5588B8,qword_5588B8
0x5588C0,qword_5588C0
0x5588C8,qword_5588C8
0x5588D0,qword_5588D0
0x5588D8,qword_5588D8
0x5588E0,qword_5588E0
0x5588E8,qword_5588E8
0x5588F0,qword_5588F0
0x5588F8,qword_5588F8
0x558900,qword_558900
0x558908,qword_558908
0x558910,qword_558910
0x558918,qword_558918
0x558920,qword_558920
0x558928,qword_558928
0x558930,qword_558930
0x558938,qword_558938
0x558940,qword_558940
0x558948,qword_558948
0x558950,qword_558950
0x558958,qword_558958
0x558960,qword_558960
0x558968,qword_558968
0x558970,qword_558970
0x558978,qword_558978
0x558980,qword_558980
0x558988,qword_558988
0x558990,qword_558990
0x558998,qword_558998
0x5589A0,qword_5589A0
0x5589A8,qword_5589A8
0x5589B0,qword_5589B0
0x5589B8,qword_5589B8
0x5589C0,qword_5589C0
0x5589C8,qword_5589C8
0x5589D0,qword_5589D0
0x5589D8,qword_5589D8
0x5589E0,qword_5589E0
0x5589E8,qword_5589E8
0x5589F0,qword_5589F0
0x5589F8,qword_5589F8
0x558A00,qword_558A00
0x558A08,qword_558A08
0x558A10,qword_558A10
0x558A18,qword_558A18
0x558A20,qword_558A20
0x558A28,qword_558A28
0x558A30,qword_558A30
0x558A38,qword_558A38
0x558A40,qword_558A40
0x558A48,qword_558A48
0x558A50,qword_558A50
0x558A58,qword_558A58
0x558A60,qword_558A60
0x558A68,qword_558A68
0x558A70,qword_558A70
0x558A78,qword_558A78
0x558A80,qword_558A80
0x558A88,qword_558A88
0x558A90,qword_558A90
0x558A98,qword_558A98
0x558AA0,qword_558AA0
0x558AA8,qword_558AA8
0x558AB0,qword_558AB0
0x558AB8,qword_558AB8
0x558AC0,qword_558AC0
0x558AC8,qword_558AC8
0x558AD0,qword_558AD0
0x558AD8,qword_558AD8
0x558AE0,qword_558AE0
0x558AE8,qword_558AE8
0x558AF0,qword_558AF0
0x558AF8,qword_558AF8
0x558B00,qword_558B00
0x558B08,qword_558B08
0x558B10,qword_558B10
0x558B18,qword_558B18
0x558B20,qword_558B20
0x558B28,qword_558B28
0x558B30,qword_558B30
0x558B38,qword_558B38
0x558B40,qword_558B40
0x558B48,qword_558B48
0x558B50,qword_558B50
0x558B58,qword_558B58
0x558B60,qword_558B60
0x558B68,qword_558B68
0x558B70,qword_558B70
0x558B78,qword_558B78
0x558B80,qword_558B80
0x558B88,qword_558B88
0x558B90,qword_558B90
0x558B98,qword_558B98
0x558BA0,qword_558BA0
0x558BA8,qword_558BA8
0x558BB0,qword_558BB0
0x558BB8,qword_558BB8
0x558BC0,qword_558BC0
0x558BC8,qword_558BC8
0x558BD0,qword_558BD0
0x558BD8,qword_558BD8
0x558BE0,qword_558BE0
0x558BE8,qword_558BE8
0x558BF0,qword_558BF0
0x558BF8,qword_558BF8
0x558C00,qword_558C00
0x558C08,qword_558C08
0x558C10,qword_558C10
0x558C18,qword_558C18
0x558C20,qword_558C20
0x558C28,qword_558C28
0x558C30,qword_558C30
0x558C38,qword_558C38
0x558C40,qword_558C40
0x558C48,qword_558C48
0x558C50,qword_558C50
0x558C58,qword_558C58
0x558C60,qword_558C60
0x558C68,qword_558C68
0x558C70,qword_558C70
0x558C78,qword_558C78
0x558C80,qword_558C80
0x558C88,qword_558C88
0x558C90,qword_558C90
0x558C98,qword_558C98
0x558CA0,qword_558CA0
0x558CA8,qword_558CA8
0x558CB0,qword_558CB0
0x558CB8,qword_558CB8
0x558CC0,qword_558CC0
0x558CC8,qword_558CC8
0x558CD0,qword_558CD0
0x558CD8,qword_558CD8
0x558CE0,qword_558CE0
0x558CE8,qword_558CE8
0x558CF0,qword_558CF0
0x558CF8,qword_558CF8
0x558D00,qword_558D00
0x558D08,qword_558D08
0x558D10,qword_558D10
0x558D18,qword_558D18
0x558D20,qword_558D20
0x558D28,qword_558D28
0x558D30,qword_558D30
0x558D38,qword_558D38
0x558D40,qword_558D40
0x558D48,qword_558D48
0x558D50,qword_558D50
0x558D58,qword_558D58
0x558D60,qword_558D60
0x558D68,qword_558D68
0x558D70,qword_558D70
0x558D78,qword_558D78
0x558D80,qword_558D80
0x558D88,qword_558D88
0x558D90,qword_558D90
0x558D98,qword_558D98
0x558DA0,qword_558DA0
0x558DA8,qword_558DA8
0x558DB0,qword_558DB0
0x558DB8,qword_558DB8
0x558DC0,qword_558DC0
0x558DC8,qword_558DC8
0x558DD0,qword_558DD0
0x558DD8,qword_558DD8
0x558DE0,qword_558DE0
0x558DE8,qword_558DE8
0x558DF0,qword_558DF0
0x558DF8,qword_558DF8
0x558E00,qword_558E00
0x558E08,qword_558E08
0x558E10,qword_558E10
0x558E18,qword_558E18
0x558E20,qword_558E20
0x558E28,qword_558E28
0x558E30,qword_558E30
0x558E38,qword_558E38
0x558E40,qword_558E40
0x558E48,qword_558E48
0x558E50,qword_558E50
0x558E58,qword_558E58
0x558E60,qword_558E60
0x558E68,qword_558E68
0x558E70,qword_558E70
0x558E78,qword_558E78
0x558E80,qword_558E80
0x558E88,qword_558E88
0x558E90,qword_558E90
0x558E98,qword_558E98
0x558EA0,qword_558EA0
0x558EA8,qword_558EA8
0x558EB0,qword_558EB0
0x558EB8,qword_558EB8
0x558EC0,qword_558EC0
0x558EC8,qword_558EC8
0x558ED0,qword_558ED0
0x558ED8,qword_558ED8
0x558EE0,qword_558EE0
0x558EE8,qword_558EE8
0x558EF0,qword_558EF0
0x558EF8,qword_558EF8
0x558F00,qword_558F00
0x558F08,qword_558F08
0x558F10,qword_558F10
0x558F18,qword_558F18
0x558F20,qword_558F20
0x558F28,qword_558F28
0x558F30,qword_558F30
0x558F38,qword_558F38
0x558F40,qword_558F40
0x558F48,qword_558F48
0x558F50,qword_558F50
0x558F58,qword_558F58
0x558F60,qword_558F60
0x558F68,qword_558F68
0x558F70,qword_558F70
0x558F78,qword_558F78
0x558F80,qword_558F80
0x558F88,qword_558F88
0x558F90,qword_558F90
0x558F98,qword_558F98
0x558FA0,qword_558FA0
0x558FA8,qword_558FA8
0x558FB0,qword_558FB0
0x558FB8,qword_558FB8
0x558FC0,qword_558FC0
0x558FC8,qword_558FC8
0x558FD0,qword_558FD0
0x558FD8,qword_558FD8
0x558FE0,qword_558FE0
0x558FE8,qword_558FE8
0x558FF0,qword_558FF0
0x558FF8,qword_558FF8
0x559000,qword_559000
0x559008,qword_559008
0x559010,qword_559010
0x559018,qword_559018
0x559020,qword_559020
0x559028,qword_559028
0x559030,qword_559030
0x559038,qword_559038
0x559040,qword_559040
0x559048,qword_559048
0x559050,qword_559050
0x559058,qword_559058
0x559060,qword_559060
0x559068,qword_559068
0x559070,qword_559070
0x559078,qword_559078
0x559080,qword_559080
0x559088,qword_559088
0x559090,qword_559090
0x559098,qword_559098
0x5590A0,qword_5590A0
0x5590A8,qword_5590A8
0x5590B0,qword_5590B0
0x5590B8,qword_5590B8
0x5590C0,qword_5590C0
0x5590C8,qword_5590C8
0x5590D0,qword_5590D0
0x5590D8,qword_5590D8
0x5590E0,qword_5590E0
0x5590E8,qword_5590E8
0x5590F0,qword_5590F0
0x5590F8,qword_5590F8
0x559100,qword_559100
0x559108,qword_559108
0x559110,qword_559110
0x559118,qword_559118
0x559120,qword_559120
0x559128,qword_559128
0x559130,qword_559130
0x559138,qword_559138
0x559140,qword_559140
0x559148,qword_559148
0x559150,qword_559150
0x559158,qword_559158
0x559160,qword_559160
0x559168,qword_559168
0x559170,qword_559170
0x559178,qword_559178
0x559180,qword_559180
0x559188,qword_559188
0x559190,qword_559190
0x559198,qword_559198
0x5591A0,qword_5591A0
0x5591A8,qword_5591A8
0x5591B0,qword_5591B0
0x5591B8,qword_5591B8
0x5591C0,qword_5591C0
0x5591C8,qword_5591C8
0x5591D0,qword_5591D0
0x5591D8,qword_5591D8
0x5591E0,qword_5591E0
0x5591E8,qword_5591E8
0x5591F0,qword_5591F0
0x5591F8,qword_5591F8
0x559200,qword_559200
0x559208,qword_559208
0x559210,qword_559210
0x559218,qword_559218
0x559220,qword_559220
0x559228,qword_559228
0x559230,qword_559230
0x559238,qword_559238
0x559240,qword_559240
0x559248,qword_559248
0x559250,qword_559250
0x559258,qword_559258
0x559260,qword_559260
0x559268,qword_559268
0x559270,qword_559270
0x559278,qword_559278
0x559280,qword_559280
0x559288,qword_559288
0x559290,qword_559290
0x559298,qword_559298
0x5592A0,qword_5592A0
0x5592A8,qword_5592A8
0x5592B0,qword_5592B0
0x5592B8,qword_5592B8
0x5592C0,qword_5592C0
0x5592C8,qword_5592C8
0x5592D0,qword_5592D0
0x5592D8,qword_5592D8
0x5592E0,qword_5592E0
0x5592E8,qword_5592E8
0x5592F0,qword_5592F0
0x5592F8,qword_5592F8
0x559300,qword_559300
0x559308,qword_559308
0x559310,qword_559310
0x559318,qword_559318
0x559320,qword_559320
0x559328,qword_559328
0x559330,qword_559330
0x559338,qword_559338
0x559340,qword_559340
0x559348,qword_559348
0x559350,qword_559350
0x559358,qword_559358
0x559360,qword_559360
0x559368,qword_559368
0x559370,qword_559370
0x559378,qword_559378
0x559380,qword_559380
0x559388,qword_559388
0x559390,qword_559390
0x559398,qword_559398
0x5593A0,qword_5593A0
0x5593A8,qword_5593A8
0x5593B0,qword_5593B0
0x5593B8,qword_5593B8
0x5593C0,qword_5593C0
0x5593C8,qword_5593C8
0x5593D0,qword_5593D0
0x5593D8,qword_5593D8
0x5593E0,qword_5593E0
0x5593E8,qword_5593E8
0x5593F0,qword_5593F0
0x5593F8,qword_5593F8
0x559400,qword_559400
0x559408,qword_559408
0x559410,qword_559410
0x559418,qword_559418
0x559420,qword_559420
0x559428,qword_559428
0x559430,qword_559430
0x559438,qword_559438
0x559440,qword_559440
0x559448,qword_559448
0x559450,qword_559450
0x559458,qword_559458
0x559460,qword_559460
0x559468,qword_559468
0x559470,qword_559470
0x559478,qword_559478
0x559480,qword_559480
0x559488,qword_559488
0x559490,qword_559490
0x559498,qword_559498
0x5594A0,qword_5594A0
0x5594A8,qword_5594A8
0x5594B0,qword_5594B0
0x5594B8,qword_5594B8
0x5594C0,qword_5594C0
0x5594C8,qword_5594C8
0x5594D0,qword_5594D0
0x5594D8,qword_5594D8
0x5594E0,qword_5594E0
0x5594E8,qword_5594E8
0x5594F0,qword_5594F0
0x5594F8,qword_5594F8
0x559500,qword_559500
0x559508,qword_559508
0x559510,qword_559510
0x559518,qword_559518
0x559520,qword_559520
0x559528,qword_559528
0x559530,qword_559530
0x559538,qword_559538
0x559540,qword_559540
0x559548,qword_559548
0x559550,qword_559550
0x559558,qword_559558
0x559560,qword_559560
0x559568,qword_559568
0x559570,qword_559570
0x559578,qword_559578
0x559580,qword_559580
0x559588,qword_559588
0x559590,qword_559590
0x559598,qword_559598
0x5595A0,qword_5595A0
0x5595A8,qword_5595A8
0x5595B0,qword_5595B0
0x5595B8,qword_5595B8
0x5595C0,qword_5595C0
0x5595C8,qword_5595C8
0x5595D0,qword_5595D0
0x5595D8,qword_5595D8
0x5595E0,qword_5595E0
0x5595E8,qword_5595E8
0x5595F0,qword_5595F0
0x5595F8,qword_5595F8
0x559600,qword_559600
0x559608,qword_559608
0x559610,qword_559610
0x559618,qword_559618
0x559620,qword_559620
0x559628,qword_559628
0x559630,qword_559630
0x559638,qword_559638
0x559640,qword_559640
0x559648,qword_559648
0x559650,qword_559650
0x559658,qword_559658
0x559660,qword_559660
0x559668,qword_559668
0x559670,qword_559670
0x559678,qword_559678
0x559680,qword_559680
0x559688,qword_559688
0x559690,qword_559690
0x559698,qword_559698
0x5596A0,qword_5596A0
0x5596A8,qword_5596A8
0x5596B0,qword_5596B0
0x5596B8,qword_5596B8
0x5596C0,qword_5596C0
0x5596C8,qword_5596C8
0x5596D0,qword_5596D0
0x5596D8,qword_5596D8
0x5596E0,qword_5596E0
0x5596E8,qword_5596E8
0x5596F0,qword_5596F0
0x5596F8,qword_5596F8
0x559700,qword_559700
0x559708,qword_559708
0x559710,qword_559710
0x559718,qword_559718
0x559720,qword_559720
0x559728,qword_559728
0x559730,qword_559730
0x559738,qword_559738
0x559740,qword_559740
0x559748,qword_559748
0x559750,qword_559750
0x559758,qword_559758
0x559760,qword_559760
0x559768,qword_559768
0x559770,qword_559770
0x559778,qword_559778
0x559780,qword_559780
0x559788,qword_559788
0x559790,qword_559790
0x559798,qword_559798
0x5597A0,qword_5597A0
0x5597A8,qword_5597A8
0x5597B0,qword_5597B0
0x5597B8,qword_5597B8
0x5597C0,qword_5597C0
0x5597C8,qword_5597C8
0x5597D0,qword_5597D0
0x5597D8,qword_5597D8
0x5597E0,qword_5597E0
0x5597E8,qword_5597E8
0x5597F0,qword_5597F0
0x5597F8,qword_5597F8
0x559800,qword_559800
0x559808,qword_559808
0x559810,qword_559810
0x559818,qword_559818
0x559820,qword_559820
0x559828,qword_559828
0x559830,qword_559830
0x559838,qword_559838
0x559840,qword_559840
0x559848,qword_559848
0x559850,qword_559850
0x559858,qword_559858
0x559860,qword_559860
0x559868,qword_559868
0x559870,qword_559870
0x559878,qword_559878
0x559880,qword_559880
0x559888,qword_559888
0x559890,qword_559890
0x559898,qword_559898
0x5598A0,qword_5598A0
0x5598A8,qword_5598A8
0x5598B0,qword_5598B0
0x5598B8,qword_5598B8
0x5598C0,qword_5598C0
0x5598C8,qword_5598C8
0x5598D0,qword_5598D0
0x5598D8,qword_5598D8
0x5598E0,qword_5598E0
0x5598E8,qword_5598E8
0x5598F0,qword_5598F0
0x5598F8,qword_5598F8
0x559900,qword_559900
0x559908,qword_559908
0x559910,qword_559910
0x559918,qword_559918
0x559920,qword_559920
0x559928,qword_559928
0x559930,qword_559930
0x559938,qword_559938
0x559940,qword_559940
0x559948,qword_559948
0x559950,qword_559950
0x559958,qword_559958
0x559960,qword_559960
0x559968,qword_559968
0x559970,qword_559970
0x559978,qword_559978
0x559980,qword_559980
0x559988,qword_559988
0x559990,qword_559990
0x559998,qword_559998
0x5599A0,qword_5599A0
0x5599A8,qword_5599A8
0x5599B0,qword_5599B0
0x5599B8,qword_5599B8
0x5599C0,qword_5599C0
0x5599C8,qword_5599C8
0x5599D0,qword_5599D0
0x5599D8,qword_5599D8
0x5599E0,qword_5599E0
0x5599E8,qword_5599E8
0x5599F0,qword_5599F0
0x5599F8,qword_5599F8
0x559A00,qword_559A00
0x559A08,qword_559A08
0x559A10,qword_559A10
0x559A18,qword_559A18
0x559A20,qword_559A20
0x559A28,qword_559A28
0x559A30,qword_559A30
0x559A38,qword_559A38
0x559A40,qword_559A40
0x559A48,qword_559A48
0x559A50,qword_559A50
0x559A58,qword_559A58
0x559A60,qword_559A60
0x559A68,qword_559A68
0x559A70,qword_559A70
0x559A78,qword_559A78
0x559A80,qword_559A80
0x559A88,qword_559A88
0x559A90,qword_559A90
0x559A98,qword_559A98
0x559AA0,qword_559AA0
0x559AA8,qword_559AA8
0x559AB0,qword_559AB0
0x559AB8,qword_559AB8
0x559AC0,qword_559AC0
0x559AC8,qword_559AC8
0x559AD0,qword_559AD0
0x559AD8,qword_559AD8
0x559AE0,qword_559AE0
0x559AE8,qword_559AE8
0x559AF0,qword_559AF0
0x559AF8,qword_559AF8
0x559B00,qword_559B00
0x559B08,qword_559B08
0x559B10,qword_559B10
0x559B18,qword_559B18
0x559B20,qword_559B20
0x559B28,qword_559B28
0x559B30,qword_559B30
0x559B38,qword_559B38
0x559B40,qword_559B40
0x559B48,qword_559B48
0x559B50,qword_559B50
0x559B58,qword_559B58
0x559B60,qword_559B60
0x559B68,qword_559B68
0x559B70,qword_559B70
0x559B78,qword_559B78
0x559B80,qword_559B80
0x559B88,qword_559B88
0x559B90,qword_559B90
0x559B98,qword_559B98
0x559BA0,qword_559BA0
0x559BA8,qword_559BA8
0x559BB0,qword_559BB0
0x559BB8,qword_559BB8
0x559BC0,qword_559BC0
0x559BC8,qword_559BC8
0x559BD0,qword_559BD0
0x559BD8,qword_559BD8
0x559BE0,qword_559BE0
0x559BE8,qword_559BE8
0x559BF0,qword_559BF0
0x559BF8,qword_559BF8
0x559C00,qword_559C00
0x559C08,qword_559C08
0x559C10,qword_559C10
0x559C18,qword_559C18
0x559C20,qword_559C20
0x559C28,qword_559C28
0x559C30,qword_559C30
0x559C38,qword_559C38
0x559C40,qword_559C40
0x559C48,qword_559C48
0x559C50,qword_559C50
0x559C58,qword_559C58
0x559C60,qword_559C60
0x559C68,qword_559C68
0x559C70,qword_559C70
0x559C78,qword_559C78
0x559C80,qword_559C80
0x559C88,qword_559C88
0x559C90,qword_559C90
0x559C98,qword_559C98
0x559CA0,qword_559CA0
0x559CA8,qword_559CA8
0x559CB0,qword_559CB0
0x559CB8,qword_559CB8
0x559CC0,qword_559CC0
0x559CC8,qword_559CC8
0x559CD0,qword_559CD0
0x559CD8,qword_559CD8
0x559CE0,qword_559CE0
0x559CE8,qword_559CE8
0x559CF0,qword_559CF0
0x559CF8,qword_559CF8
0x559D00,qword_559D00
0x559D08,qword_559D08
0x559D10,qword_559D10
0x559D18,qword_559D18
0x559D20,qword_559D20
0x559D28,qword_559D28
0x559D30,qword_559D30
0x559D38,qword_559D38
0x559D40,qword_559D40
0x559D48,qword_559D48
0x559D50,qword_559D50
0x559D58,qword_559D58
0x559D60,qword_559D60
0x559D68,qword_559D68
0x559D70,qword_559D70
0x559D78,qword_559D78
0x559D80,qword_559D80
0x559D88,qword_559D88
0x559D90,qword_559D90
0x559D98,qword_559D98
0x559DA0,qword_559DA0
0x559DA8,qword_559DA8
0x559DB0,qword_559DB0
0x559DB8,qword_559DB8
0x559DC0,qword_559DC0
0x559DC8,qword_559DC8
0x559DD0,qword_559DD0
0x559DD8,qword_559DD8
0x559DE0,qword_559DE0
0x559DE8,qword_559DE8
0x559DF0,qword_559DF0
0x559DF8,qword_559DF8
0x559E00,qword_559E00
0x559E08,qword_559E08
0x559E10,qword_559E10
0x559E18,qword_559E18
0x559E20,qword_559E20
0x559E28,qword_559E28
0x559E30,qword_559E30
0x559E38,qword_559E38
0x559E40,qword_559E40
0x559E48,qword_559E48
0x559E50,qword_559E50
0x559E58,qword_559E58
0x559E60,qword_559E60
0x559E68,qword_559E68
0x559E70,qword_559E70
0x559E78,qword_559E78
0x559E80,qword_559E80
0x559E88,qword_559E88
0x559E90,qword_559E90
0x559E98,qword_559E98
0x559EA0,qword_559EA0
0x559EA8,qword_559EA8
0x559EB0,qword_559EB0
0x559EB8,qword_559EB8
0x559EC0,qword_559EC0
0x559EC8,qword_559EC8
0x559ED0,qword_559ED0
0x559ED8,qword_559ED8
0x559EE0,qword_559EE0
0x559EE8,qword_559EE8
0x559EF0,qword_559EF0
0x559EF8,qword_559EF8
0x559F00,qword_559F00
0x559F08,qword_559F08
0x559F10,qword_559F10
0x559F18,qword_559F18
0x559F20,qword_559F20
0x559F28,qword_559F28
0x559F30,qword_559F30
0x559F38,qword_559F38
0x559F40,qword_559F40
0x559F48,qword_559F48
0x559F50,qword_559F50
0x559F58,qword_559F58
0x559F60,qword_559F60
0x559F68,qword_559F68
0x559F70,qword_559F70
0x559F78,qword_559F78
0x559F80,qword_559F80
0x559F88,qword_559F88
0x559F90,qword_559F90
0x559F98,qword_559F98
0x559FA0,qword_559FA0
0x559FA8,qword_559FA8
0x559FB0,qword_559FB0
0x559FB8,qword_559FB8
0x559FC0,qword_559FC0
0x559FC8,qword_559FC8
0x559FD0,qword_559FD0
0x559FD8,qword_559FD8
0x559FE0,qword_559FE0
0x559FE8,qword_559FE8
0x559FF0,qword_559FF0
0x559FF8,qword_559FF8
0x55A000,qword_55A000
0x55A008,qword_55A008
0x55A010,qword_55A010
0x55A018,qword_55A018
0x55A020,qword_55A020
0x55A028,qword_55A028
0x55A030,qword_55A030
0x55A038,qword_55A038
0x55A040,qword_55A040
0x55A048,qword_55A048
0x55A050,qword_55A050
0x55A058,qword_55A058
0x55A060,qword_55A060
0x55A068,qword_55A068
0x55A070,qword_55A070
0x55A078,qword_55A078
0x55A080,qword_55A080
0x55A088,qword_55A088
0x55A090,qword_55A090
0x55A098,qword_55A098
0x55A0A0,qword_55A0A0
0x55A0A8,qword_55A0A8
0x55A0B0,qword_55A0B0
0x55A0B8,qword_55A0B8
0x55A0C0,qword_55A0C0
0x55A0C8,qword_55A0C8
0x55A0D0,qword_55A0D0
0x55A0D8,qword_55A0D8
0x55A0E0,qword_55A0E0
0x55A0E8,qword_55A0E8
0x55A0F0,qword_55A0F0
0x55A0F8,qword_55A0F8
0x55A100,qword_55A100
0x55A108,qword_55A108
0x55A110,qword_55A110
0x55A118,qword_55A118
0x55A120,qword_55A120
0x55A128,qword_55A128
0x55A130,qword_55A130
0x55A138,qword_55A138
0x55A140,qword_55A140
0x55A148,qword_55A148
0x55A150,qword_55A150
0x55A158,qword_55A158
0x55A160,qword_55A160
0x55A168,qword_55A168
0x55A170,qword_55A170
0x55A178,qword_55A178
0x55A180,qword_55A180
0x55A188,qword_55A188
0x55A190,qword_55A190
0x55A198,qword_55A198
0x55A1A0,qword_55A1A0
0x55A1A8,qword_55A1A8
0x55A1B0,qword_55A1B0
0x55A1B8,qword_55A1B8
0x55A1C0,qword_55A1C0
0x55A1C8,qword_55A1C8
0x55A1D0,qword_55A1D0
0x55A1D8,qword_55A1D8
0x55A1E0,qword_55A1E0
0x55A1E8,qword_55A1E8
0x55A1F0,qword_55A1F0
0x55A1F8,qword_55A1F8
0x55A200,qword_55A200
0x55A208,qword_55A208
0x55A210,qword_55A210
0x55A218,qword_55A218
0x55A220,qword_55A220
0x55A228,qword_55A228
0x55A230,qword_55A230
0x55A238,qword_55A238
0x55A240,qword_55A240
0x55A248,qword_55A248
0x55A250,qword_55A250
0x55A258,qword_55A258
0x55A260,qword_55A260
0x55A268,qword_55A268
0x55A270,qword_55A270
0x55A278,qword_55A278
0x55A280,qword_55A280
0x55A288,qword_55A288
0x55A290,qword_55A290
0x55A298,qword_55A298
0x55A2A0,qword_55A2A0
0x55A2A8,qword_55A2A8
0x55A2B0,qword_55A2B0
0x55A2B8,qword_55A2B8
0x55A2C0,qword_55A2C0
0x55A2C8,qword_55A2C8
0x55A2D0,qword_55A2D0
0x55A2D8,qword_55A2D8
0x55A2E0,qword_55A2E0
0x55A2E8,qword_55A2E8
0x55A2F0,qword_55A2F0
0x55A2F8,qword_55A2F8
0x55A300,qword_55A300
0x55A308,qword_55A308
0x55A310,qword_55A310
0x55A318,qword_55A318
0x55A320,qword_55A320
0x55A328,qword_55A328
0x55A330,qword_55A330
0x55A338,qword_55A338
0x55A340,qword_55A340
0x55A348,qword_55A348
0x55A350,qword_55A350
0x55A358,qword_55A358
0x55A360,qword_55A360
0x55A368,qword_55A368
0x55A370,qword_55A370
0x55A378,qword_55A378
0x55A380,qword_55A380
0x55A388,qword_55A388
0x55A390,qword_55A390
0x55A398,qword_55A398
0x55A3A0,qword_55A3A0
0x55A3A8,qword_55A3A8
0x55A3B0,qword_55A3B0
0x55A3B8,qword_55A3B8
0x55A3C0,qword_55A3C0
0x55A3C8,qword_55A3C8
0x55A3D0,qword_55A3D0
0x55A3D8,qword_55A3D8
0x55A3E0,qword_55A3E0
0x55A3E8,qword_55A3E8
0x55A3F0,qword_55A3F0
0x55A3F8,qword_55A3F8
0x55A400,qword_55A400
0x55A408,qword_55A408
0x55A410,qword_55A410
0x55A418,qword_55A418
0x55A420,qword_55A420
0x55A428,qword_55A428
0x55A430,qword_55A430
0x55A438,qword_55A438
0x55A440,qword_55A440
0x55A448,qword_55A448
0x55A450,qword_55A450
0x55A458,qword_55A458
0x55A460,qword_55A460
0x55A468,qword_55A468
0x55A470,qword_55A470
0x55A478,qword_55A478
0x55A480,qword_55A480
0x55A488,qword_55A488
0x55A490,qword_55A490
0x55A498,qword_55A498
0x55A4A0,qword_55A4A0
0x55A4A8,qword_55A4A8
0x55A4B0,qword_55A4B0
0x55A4B8,qword_55A4B8
0x55A4C0,qword_55A4C0
0x55A4C8,qword_55A4C8
0x55A4D0,qword_55A4D0
0x55A4D8,qword_55A4D8
0x55A4E0,qword_55A4E0
0x55A4E8,qword_55A4E8
0x55A4F0,qword_55A4F0
0x55A4F8,qword_55A4F8
0x55A500,qword_55A500
0x55A508,qword_55A508
0x55A510,qword_55A510
0x55A518,qword_55A518
0x55A520,qword_55A520
0x55A528,qword_55A528
0x55A530,qword_55A530
0x55A538,qword_55A538
0x55A540,qword_55A540
0x55A548,qword_55A548
0x55A550,qword_55A550
0x55A558,qword_55A558
0x55A560,qword_55A560
0x55A568,qword_55A568
0x55A570,qword_55A570
0x55A578,qword_55A578
0x55A580,qword_55A580
0x55A588,qword_55A588
0x55A590,qword_55A590
0x55A598,qword_55A598
0x55A5A0,qword_55A5A0
0x55A5A8,qword_55A5A8
0x55A5B0,qword_55A5B0
0x55A5B8,qword_55A5B8
0x55A5C0,qword_55A5C0
0x55A5C8,qword_55A5C8
0x55A5D0,qword_55A5D0
0x55A5D8,qword_55A5D8
0x55A5E0,qword_55A5E0
0x55A5E8,qword_55A5E8
0x55A5F0,qword_55A5F0
0x55A5F8,qword_55A5F8
0x55A600,qword_55A600
0x55A608,qword_55A608
0x55A610,qword_55A610
0x55A618,qword_55A618
0x55A620,qword_55A620
0x55A628,qword_55A628
0x55A630,qword_55A630
0x55A638,qword_55A638
0x55A640,qword_55A640
0x55A648,qword_55A648
0x55A650,qword_55A650
0x55A658,qword_55A658
0x55A660,qword_55A660
0x55A668,qword_55A668
0x55A670,qword_55A670
0x55A678,qword_55A678
0x55A680,qword_55A680
0x55A688,qword_55A688
0x55A690,qword_55A690
0x55A698,qword_55A698
0x55A6A0,qword_55A6A0
0x55A6A8,qword_55A6A8
0x55A6B0,qword_55A6B0
0x55A6B8,qword_55A6B8
0x55A6C0,qword_55A6C0
0x55A6C8,qword_55A6C8
0x55A6D0,qword_55A6D0
0x55A6D8,qword_55A6D8
0x55A6E0,qword_55A6E0
0x55A6E8,qword_55A6E8
0x55A6F0,qword_55A6F0
0x55A6F8,qword_55A6F8
0x55A700,qword_55A700
0x55A708,qword_55A708
0x55A710,qword_55A710
0x55A718,qword_55A718
0x55A720,qword_55A720
0x55A728,qword_55A728
0x55A730,qword_55A730
0x55A738,qword_55A738
0x55A740,qword_55A740
0x55A748,qword_55A748
0x55A750,qword_55A750
0x55A758,qword_55A758
0x55A760,qword_55A760
0x55A768,qword_55A768
0x55A770,qword_55A770
0x55A778,qword_55A778
0x55A780,qword_55A780
0x55A788,qword_55A788
0x55A790,qword_55A790
0x55A798,qword_55A798
0x55A7A0,qword_55A7A0
0x55A7A8,qword_55A7A8
0x55A7B0,qword_55A7B0
0x55A7B8,qword_55A7B8
0x55A7C0,qword_55A7C0
0x55A7C8,qword_55A7C8
0x55A7D0,qword_55A7D0
0x55A7D8,qword_55A7D8
0x55A7E0,qword_55A7E0
0x55A7E8,qword_55A7E8
0x55A7F0,qword_55A7F0
0x55A7F8,qword_55A7F8
0x55A800,qword_55A800
0x55A808,qword_55A808
0x55A810,qword_55A810
0x55A818,qword_55A818
0x55A820,qword_55A820
0x55A828,qword_55A828
0x55A830,qword_55A830
0x55A838,qword_55A838
0x55A840,qword_55A840
0x55A848,qword_55A848
0x55A850,qword_55A850
0x55A858,qword_55A858
0x55A860,qword_55A860
0x55A868,qword_55A868
0x55A870,qword_55A870
0x55A878,qword_55A878
0x55A880,qword_55A880
0x55A888,qword_55A888
0x55A890,qword_55A890
0x55A898,qword_55A898
0x55A8A0,qword_55A8A0
0x55A8A8,qword_55A8A8
0x55A8B0,qword_55A8B0
0x55A8B8,qword_55A8B8
0x55A8C0,qword_55A8C0
0x55A8C8,qword_55A8C8
0x55A8D0,qword_55A8D0
0x55A8D8,qword_55A8D8
0x55A8E0,qword_55A8E0
0x55A8E8,qword_55A8E8
0x55A8F0,qword_55A8F0
0x55A8F8,qword_55A8F8
0x55A900,qword_55A900
0x55A908,qword_55A908
0x55A910,qword_55A910
0x55A918,qword_55A918
0x55A920,qword_55A920
0x55A928,qword_55A928
0x55A930,qword_55A930
0x55A938,qword_55A938
0x55A940,qword_55A940
0x55A948,qword_55A948
0x55A950,qword_55A950
0x55A958,qword_55A958
0x55A960,qword_55A960
0x55A968,qword_55A968
0x55A970,qword_55A970
0x55A978,qword_55A978
0x55A980,qword_55A980
0x55A988,qword_55A988
0x55A990,qword_55A990
0x55A998,qword_55A998
0x55A9A0,qword_55A9A0
0x55A9A8,qword_55A9A8
0x55A9B0,qword_55A9B0
0x55A9B8,qword_55A9B8
0x55A9C0,qword_55A9C0
0x55A9C8,qword_55A9C8
0x55A9D0,qword_55A9D0
0x55A9D8,qword_55A9D8
0x55A9E0,qword_55A9E0
0x55A9E8,qword_55A9E8
0x55A9F0,qword_55A9F0
0x55A9F8,qword_55A9F8
0x55AA00,qword_55AA00
0x55AA08,qword_55AA08
0x55AA10,qword_55AA10
0x55AA18,qword_55AA18
0x55AA20,qword_55AA20
0x55AA28,qword_55AA28
0x55AA30,qword_55AA30
0x55AA38,qword_55AA38
0x55AA40,qword_55AA40
0x55AA48,qword_55AA48
0x55AA50,qword_55AA50
0x55AA58,qword_55AA58
0x55AA60,qword_55AA60
0x55AA68,qword_55AA68
0x55AA70,qword_55AA70
0x55AA78,qword_55AA78
0x55AA80,qword_55AA80
0x55AA88,qword_55AA88
0x55AA90,qword_55AA90
0x55AA98,qword_55AA98
0x55AAA0,qword_55AAA0
0x55AAA8,qword_55AAA8
0x55AAB0,qword_55AAB0
0x55AAB8,qword_55AAB8
0x55AAC0,qword_55AAC0
0x55AAC8,qword_55AAC8
0x55AAD0,qword_55AAD0
0x55AAD8,qword_55AAD8
0x55AAE0,qword_55AAE0
0x55AAE8,qword_55AAE8
0x55AAF0,qword_55AAF0
0x55AAF8,qword_55AAF8
0x55AB00,qword_55AB00
0x55AB08,qword_55AB08
0x55AB10,qword_55AB10
0x55AB18,qword_55AB18
0x55AB20,qword_55AB20
0x55AB28,qword_55AB28
0x55AB30,qword_55AB30
0x55AB38,qword_55AB38
0x55AB40,qword_55AB40
0x55AB48,qword_55AB48
0x55AB50,qword_55AB50
0x55AB58,qword_55AB58
0x55AB60,qword_55AB60
0x55AB68,qword_55AB68
0x55AB70,qword_55AB70
0x55AB78,qword_55AB78
0x55AB80,qword_55AB80
0x55AB88,qword_55AB88
0x55AB90,qword_55AB90
0x55AB98,qword_55AB98
0x55ABA0,qword_55ABA0
0x55ABA8,qword_55ABA8
0x55ABB0,qword_55ABB0
0x55ABB8,qword_55ABB8
0x55ABC0,qword_55ABC0
0x55ABC8,qword_55ABC8
0x55ABD0,qword_55ABD0
0x55ABD8,qword_55ABD8
0x55ABE0,qword_55ABE0
0x55ABE8,qword_55ABE8
0x55ABF0,qword_55ABF0
0x55ABF8,qword_55ABF8
0x55AC00,qword_55AC00
0x55AC08,qword_55AC08
0x55AC10,qword_55AC10
0x55AC18,qword_55AC18
0x55AC20,qword_55AC20
0x55AC28,qword_55AC28
0x55AC30,qword_55AC30
0x55AC38,qword_55AC38
0x55AC40,qword_55AC40
0x55AC48,qword_55AC48
0x55AC50,qword_55AC50
0x55AC58,qword_55AC58
0x55AC60,qword_55AC60
0x55AC68,qword_55AC68
0x55AC70,qword_55AC70
0x55AC78,qword_55AC78
0x55AC80,qword_55AC80
0x55AC88,qword_55AC88
0x55AC90,qword_55AC90
0x55AC98,qword_55AC98
0x55ACA0,qword_55ACA0
0x55ACA8,qword_55ACA8
0x55ACB0,qword_55ACB0
0x55ACB8,qword_55ACB8
0x55ACC0,qword_55ACC0
0x55ACC8,qword_55ACC8
0x55ACD0,qword_55ACD0
0x55ACD8,qword_55ACD8
0x55ACE0,qword_55ACE0
0x55ACE8,qword_55ACE8
0x55ACF0,qword_55ACF0
0x55ACF8,qword_55ACF8
0x55AD00,qword_55AD00
0x55AD08,qword_55AD08
0x55AD10,qword_55AD10
0x55AD18,qword_55AD18
0x55AD20,qword_55AD20
0x55AD28,qword_55AD28
0x55AD30,qword_55AD30
0x55AD38,qword_55AD38
0x55AD40,qword_55AD40
0x55AD48,qword_55AD48
0x55AD50,qword_55AD50
0x55AD58,qword_55AD58
0x55AD60,qword_55AD60
0x55AD68,qword_55AD68
0x55AD70,qword_55AD70
0x55AD78,qword_55AD78
0x55AD80,qword_55AD80
0x55AD88,qword_55AD88
0x55AD90,qword_55AD90
0x55AD98,qword_55AD98
0x55ADA0,qword_55ADA0
0x55ADA8,qword_55ADA8
0x55ADB0,qword_55ADB0
0x55ADB8,qword_55ADB8
0x55ADC0,qword_55ADC0
0x55ADC8,qword_55ADC8
0x55ADD0,qword_55ADD0
0x55ADD8,qword_55ADD8
0x55ADE0,qword_55ADE0
0x55ADE8,qword_55ADE8
0x55ADF0,qword_55ADF0
0x55ADF8,qword_55ADF8
0x55AE00,qword_55AE00
0x55AE08,qword_55AE08
0x55AE10,qword_55AE10
0x55AE18,qword_55AE18
0x55AE20,qword_55AE20
0x55AE28,qword_55AE28
0x55AE30,qword_55AE30
0x55AE38,qword_55AE38
0x55AE40,qword_55AE40
0x55AE48,qword_55AE48
0x55AE50,qword_55AE50
0x55AE58,qword_55AE58
0x55AE60,qword_55AE60
0x55AE68,qword_55AE68
0x55AE70,qword_55AE70
0x55AE78,qword_55AE78
0x55AE80,qword_55AE80
0x55AE88,qword_55AE88
0x55AE90,qword_55AE90
0x55AE98,qword_55AE98
0x55AEA0,qword_55AEA0
0x55AEA8,qword_55AEA8
0x55AEB0,qword_55AEB0
0x55AEB8,qword_55AEB8
0x55AEC0,qword_55AEC0
0x55AEC8,qword_55AEC8
0x55AED0,qword_55AED0
0x55AED8,qword_55AED8
0x55AEE0,qword_55AEE0
0x55AEE8,qword_55AEE8
0x55AEF0,qword_55AEF0
0x55AEF8,qword_55AEF8
0x55AF00,qword_55AF00
0x55AF08,qword_55AF08
0x55AF10,qword_55AF10
0x55AF18,qword_55AF18
0x55AF20,qword_55AF20
0x55AF28,qword_55AF28
0x55AF30,qword_55AF30
0x55AF38,qword_55AF38
0x55AF40,qword_55AF40
0x55AF48,qword_55AF48
0x55AF50,qword_55AF50
0x55AF58,qword_55AF58
0x55AF60,qword_55AF60
0x55AF68,qword_55AF68
0x55AF70,qword_55AF70
0x55AF78,qword_55AF78
0x55AF80,qword_55AF80
0x55AF88,qword_55AF88
0x55AF90,qword_55AF90
0x55AF98,qword_55AF98
0x55AFA0,qword_55AFA0
0x55AFA8,qword_55AFA8
0x55AFB0,qword_55AFB0
0x55AFB8,qword_55AFB8
0x55AFC0,qword_55AFC0
0x55AFC8,qword_55AFC8
0x55AFD0,qword_55AFD0
0x55AFD8,qword_55AFD8
0x55AFE0,qword_55AFE0
0x55AFE8,qword_55AFE8
0x55AFF0,qword_55AFF0
0x55AFF8,qword_55AFF8
0x55B000,qword_55B000
0x55B008,qword_55B008
0x55B010,stru_55B010
0x55B034,stru_55B034
0x55B03C,stru_55B03C
0x55B060,stru_55B060
0x55B068,qword_55B068
0x55B070,qword_55B070
0x55B078,qword_55B078
0x55B080,qword_55B080
0x55B088,qword_55B088
0x55B090,qword_55B090
0x55B098,stru_55B098
0x55B0BC,stru_55B0BC
0x55B0C4,qword_55B0C4
0x55B0CC,qword_55B0CC
0x55B0D4,qword_55B0D4
0x55B0DC,stru_55B0DC
0x55B0EC,stru_55B0EC
0x55B100,stru_55B100
0x55B124,stru_55B124
0x55B12C,stru_55B12C
0x55B150,stru_55B150
0x55B158,stru_55B158
0x55B17C,stru_55B17C
0x55B184,qword_55B184
0x55B18C,qword_55B18C
0x55B194,stru_55B194
0x55B1A4,stru_55B1A4
0x55B1B8,stru_55B1B8
0x55B1DC,stru_55B1DC
0x55B1E4,qword_55B1E4
0x55B1EC,stru_55B1EC
0x55B210,stru_55B210
0x55B218,qword_55B218
0x55B220,qword_55B220
0x55B228,stru_55B228
0x55B24C,stru_55B24C
0x55B254,qword_55B254
0x55B25C,stru_55B25C
0x55B280,stru_55B280
0x55B288,qword_55B288
0x55B290,qword_55B290
0x55B298,stru_55B298
0x55B2BC,stru_55B2BC
0x55B2C4,qword_55B2C4
0x55B2CC,qword_55B2CC
0x55B2D4,qword_55B2D4
0x55B2DC,qword_55B2DC
0x55B2E4,stru_55B2E4
0x55B308,stru_55B308
0x55B310,qword_55B310
0x55B318,qword_55B318
0x55B320,stru_55B320
0x55B344,stru_55B344
0x55B34C,qword_55B34C
0x55B354,qword_55B354
0x55B35C,stru_55B35C
0x55B380,stru_55B380
0x55B388,qword_55B388
0x55B390,qword_55B390
0x55B398,stru_55B398
0x55B3BC,stru_55B3BC
0x55B3C4,qword_55B3C4
0x55B3CC,qword_55B3CC
0x55B3D4,qword_55B3D4
0x55B3DC,qword_55B3DC
0x55B3E4,stru_55B3E4
0x55B408,stru_55B408
0x55B410,qword_55B410
0x55B418,qword_55B418
0x55B420,qword_55B420
0x55B428,stru_55B428
0x55B44C,stru_55B44C
0x55B454,qword_55B454
0x55B45C,qword_55B45C
0x55B464,qword_55B464
0x55B46C,qword_55B46C
0x55B474,stru_55B474
0x55B498,stru_55B498
0x55B4A0,stru_55B4A0
0x55B4C4,stru_55B4C4
0x55B4CC,stru_55B4CC
0x55B4F0,stru_55B4F0
0x55B4F8,qword_55B4F8
0x55B500,qword_55B500
0x55B508,qword_55B508
0x55B510,qword_55B510
0x55B518,qword_55B518
0x55B520,stru_55B520
0x55B544,stru_55B544
0x55B54C,qword_55B54C
0x55B554,qword_55B554
0x55B55C,qword_55B55C
0x55B564,qword_55B564
0x55B56C,qword_55B56C
0x55B574,stru_55B574
0x55B598,stru_55B598
0x55B5A0,qword_55B5A0
0x55B5A8,qword_55B5A8
0x55B5B0,stru_55B5B0
0x55B5D4,stru_55B5D4
0x55B5DC,qword_55B5DC
0x55B5E4,qword_55B5E4
0x55B5EC,stru_55B5EC
0x55B610,stru_55B610
0x55B618,qword_55B618
0x55B620,qword_55B620
0x55B628,qword_55B628
0x55B630,qword_55B630
0x55B638,qword_55B638
0x55B640,qword_55B640
0x55B648,qword_55B648
0x55B650,stru_55B650
0x55B674,stru_55B674
0x55B67C,stru_55B67C
0x55B6A0,stru_55B6A0
0x55B6A8,qword_55B6A8
0x55B6B0,qword_55B6B0
0x55B6B8,qword_55B6B8
0x55B6C0,qword_55B6C0
0x55B6C8,qword_55B6C8
0x55B6D0,qword_55B6D0
0x55B6D8,qword_55B6D8
0x55B6E0,qword_55B6E0
0x55B6E8,qword_55B6E8
0x55B6F0,qword_55B6F0
0x55B6F8,qword_55B6F8
0x55B700,qword_55B700
0x55B708,qword_55B708
0x55B710,qword_55B710
0x55B718,qword_55B718
0x55B720,stru_55B720
0x55B744,dword_55B744
0x55B748,stru_55B748
0x55B750,qword_55B750
0x55B758,qword_55B758
0x55B760,qword_55B760
0x55B768,qword_55B768
0x55B770,qword_55B770
0x55B778,qword_55B778
0x55B780,qword_55B780
0x55B788,qword_55B788
0x55B790,qword_55B790
0x55B798,qword_55B798
0x55B7A0,qword_55B7A0
0x55B7A8,qword_55B7A8
0x55B7B0,qword_55B7B0
0x55B7B8,qword_55B7B8
0x55B7C0,stru_55B7C0
0x55B7E4,stru_55B7E4
0x55B7EC,stru_55B7EC
0x55B810,stru_55B810
0x55B818,qword_55B818
0x55B820,qword_55B820
0x55B828,qword_55B828
0x55B830,stru_55B830
0x55B854,stru_55B854
0x55B85C,stru_55B85C
0x55B880,stru_55B880
0x55B888,stru_55B888
0x55B8AC,stru_55B8AC
0x55B8B4,qword_55B8B4
0x55B8BC,qword_55B8BC
0x55B8C4,stru_55B8C4
0x55B8E8,stru_55B8E8
0x55B8F0,stru_55B8F0
0x55B914,stru_55B914
0x55B91C,qword_55B91C
0x55B924,stru_55B924
0x55B948,stru_55B948
0x55B950,qword_55B950
0x55B958,stru_55B958
0x55B97C,stru_55B97C
0x55B984,stru_55B984
0x55B9A8,stru_55B9A8
0x55B9B0,stru_55B9B0
0x55B9D4,stru_55B9D4
0x55B9DC,qword_55B9DC
0x55B9E4,qword_55B9E4
0x55B9EC,qword_55B9EC
0x55B9F4,stru_55B9F4
0x55BA18,stru_55BA18
0x55BA20,stru_55BA20
0x55BA44,stru_55BA44
0x55BA4C,qword_55BA4C
0x55BA54,qword_55BA54
0x55BA5C,stru_55BA5C
0x55BA80,stru_55BA80
0x55BA88,qword_55BA88
0x55BA90,qword_55BA90
0x55BA98,qword_55BA98
0x55BAA0,qword_55BAA0
0x55BAA8,qword_55BAA8
0x55BAB0,qword_55BAB0
0x55BAB8,stru_55BAB8
0x55BADC,dword_55BADC
0x55BAE0,stru_55BAE0
0x55BAE8,qword_55BAE8
0x55BAF0,qword_55BAF0
0x55BAF8,qword_55BAF8
0x55BB00,qword_55BB00
0x55BB08,qword_55BB08
0x55BB10,qword_55BB10
0x55BB18,qword_55BB18
0x55BB20,qword_55BB20
0x55BB28,qword_55BB28
0x55BB30,qword_55BB30
0x55BB38,qword_55BB38
0x55BB40,qword_55BB40
0x55BB48,qword_55BB48
0x55BB50,qword_55BB50
0x55BB58,qword_55BB58
0x55BB60,qword_55BB60
0x55BB68,qword_55BB68
0x55BB70,qword_55BB70
0x55BB78,qword_55BB78
0x55BB80,qword_55BB80
0x55BB88,qword_55BB88
0x55BB90,qword_55BB90
0x55BB98,qword_55BB98
0x55BBA0,qword_55BBA0
0x55BBA8,qword_55BBA8
0x55BBB0,qword_55BBB0
0x55BBB8,qword_55BBB8
0x55BBC0,qword_55BBC0
0x55BBC8,qword_55BBC8
0x55BBD0,qword_55BBD0
0x55BBD8,qword_55BBD8
0x55BBE0,qword_55BBE0
0x55BBE8,qword_55BBE8
0x55BBF0,qword_55BBF0
0x55BBF8,qword_55BBF8
0x55BC00,qword_55BC00
0x55BC08,qword_55BC08
0x55BC10,qword_55BC10
0x55BC18,qword_55BC18
0x55BC20,qword_55BC20
0x55BC28,qword_55BC28
0x55BC30,qword_55BC30
0x55BC38,stru_55BC38
0x55BC5C,stru_55BC5C
0x55BC64,qword_55BC64
0x55BC6C,stru_55BC6C
0x55BC90,stru_55BC90
0x55BC98,qword_55BC98
0x55BCA0,qword_55BCA0
0x55BCA8,qword_55BCA8
0x55BCB0,qword_55BCB0
0x55BCB8,qword_55BCB8
0x55BCC0,qword_55BCC0
0x55BCC8,qword_55BCC8
0x55BCD0,qword_55BCD0
0x55BCD8,qword_55BCD8
0x55BCE0,qword_55BCE0
0x55BCE8,qword_55BCE8
0x55BCF0,qword_55BCF0
0x55BCF8,qword_55BCF8
0x55BD00,qword_55BD00
0x55BD08,qword_55BD08
0x55BD10,qword_55BD10
0x55BD18,qword_55BD18
0x55BD20,qword_55BD20
0x55BD28,qword_55BD28
0x55BD30,qword_55BD30
0x55BD38,qword_55BD38
0x55BD40,qword_55BD40
0x55BD48,qword_55BD48
0x55BD50,qword_55BD50
0x55BD58,qword_55BD58
0x55BD60,qword_55BD60
0x55BD68,qword_55BD68
0x55BD70,qword_55BD70
0x55BD78,qword_55BD78
0x55BD80,qword_55BD80
0x55BD88,qword_55BD88
0x55BD90,qword_55BD90
0x55BD98,qword_55BD98
0x55BDA0,qword_55BDA0
0x55BDA8,qword_55BDA8
0x55BDB0,qword_55BDB0
0x55BDB8,qword_55BDB8
0x55BDC0,qword_55BDC0
0x55BDC8,qword_55BDC8
0x55BDD0,qword_55BDD0
0x55BDD8,qword_55BDD8
0x55BDE0,qword_55BDE0
0x55BDE8,qword_55BDE8
0x55BDF0,qword_55BDF0
0x55BDF8,qword_55BDF8
0x55BE00,qword_55BE00
0x55BE08,qword_55BE08
0x55BE10,qword_55BE10
0x55BE18,qword_55BE18
0x55BE20,qword_55BE20
0x55BE28,qword_55BE28
0x55BE30,qword_55BE30
0x55BE38,qword_55BE38
0x55BE40,qword_55BE40
0x55BE48,qword_55BE48
0x55BE50,qword_55BE50
0x55BE58,stru_55BE58
0x55BE7C,stru_55BE7C
0x55BE84,qword_55BE84
0x55BE8C,stru_55BE8C
0x55BEB0,stru_55BEB0
0x55BEB8,qword_55BEB8
0x55BEC0,stru_55BEC0
0x55BEE4,stru_55BEE4
0x55BEEC,qword_55BEEC
0x55BEF4,stru_55BEF4
0x55BF18,stru_55BF18
0x55BF20,qword_55BF20
0x55BF28,qword_55BF28
0x55BF30,stru_55BF30
0x55BF54,stru_55BF54
0x55BF5C,qword_55BF5C
0x55BF64,qword_55BF64
0x55BF6C,qword_55BF6C
0x55BF74,stru_55BF74
0x55BF98,stru_55BF98
0x55BFA0,qword_55BFA0
0x55BFA8,qword_55BFA8
0x55BFB0,qword_55BFB0
0x55BFB8,qword_55BFB8
0x55BFC0,qword_55BFC0
0x55BFC8,qword_55BFC8
0x55BFD0,stru_55BFD0
0x55BFF4,stru_55BFF4
0x55BFFC,qword_55BFFC
0x55C004,qword_55C004
0x55C00C,qword_55C00C
0x55C014,stru_55C014
0x55C038,stru_55C038
0x55C040,qword_55C040
0x55C048,qword_55C048
0x55C050,stru_55C050
0x55C074,stru_55C074
0x55C07C,qword_55C07C
0x55C084,qword_55C084
0x55C08C,stru_55C08C
0x55C0B0,stru_55C0B0
0x55C0B8,qword_55C0B8
0x55C0C0,qword_55C0C0
0x55C0C8,qword_55C0C8
0x55C0D0,qword_55C0D0
0x55C0D8,qword_55C0D8
0x55C0E0,qword_55C0E0
0x55C0E8,qword_55C0E8
0x55C0F0,qword_55C0F0
0x55C0F8,qword_55C0F8
0x55C100,qword_55C100
0x55C108,qword_55C108
0x55C110,qword_55C110
0x55C118,qword_55C118
0x55C120,qword_55C120
0x55C128,qword_55C128
0x55C130,qword_55C130
0x55C138,qword_55C138
0x55C140,qword_55C140
0x55C148,qword_55C148
0x55C150,qword_55C150
0x55C158,qword_55C158
0x55C160,qword_55C160
0x55C168,qword_55C168
0x55C170,qword_55C170
0x55C178,qword_55C178
0x55C180,qword_55C180
0x55C188,qword_55C188
0x55C190,qword_55C190
0x55C198,qword_55C198
0x55C1A0,qword_55C1A0
0x55C1A8,qword_55C1A8
0x55C1B0,qword_55C1B0
0x55C1B8,qword_55C1B8
0x55C1C0,qword_55C1C0
0x55C1C8,qword_55C1C8
0x55C1D0,qword_55C1D0
0x55C1D8,qword_55C1D8
0x55C1E0,qword_55C1E0
0x55C1E8,qword_55C1E8
0x55C1F0,qword_55C1F0
0x55C1F8,qword_55C1F8
0x55C200,qword_55C200
0x55C208,qword_55C208
0x55C210,qword_55C210
0x55C218,qword_55C218
0x55C220,qword_55C220
0x55C228,qword_55C228
0x55C230,qword_55C230
0x55C238,qword_55C238
0x55C240,qword_55C240
0x55C248,qword_55C248
0x55C250,qword_55C250
0x55C258,qword_55C258
0x55C260,qword_55C260
0x55C268,qword_55C268
0x55C270,qword_55C270
0x55C278,qword_55C278
0x55C280,qword_55C280
0x55C288,stru_55C288
0x55C2AC,dword_55C2AC
0x55C2B0,stru_55C2B0
0x55C2B8,qword_55C2B8
0x55C2C0,qword_55C2C0
0x55C2C8,qword_55C2C8
0x55C2D0,qword_55C2D0
0x55C2D8,qword_55C2D8
0x55C2E0,qword_55C2E0
0x55C2E8,qword_55C2E8
0x55C2F0,stru_55C2F0
0x55C314,dword_55C314
0x55C318,stru_55C318
0x55C320,qword_55C320
0x55C328,qword_55C328
0x55C330,qword_55C330
0x55C338,qword_55C338
0x55C340,qword_55C340
0x55C348,qword_55C348
0x55C350,qword_55C350
0x55C358,qword_55C358
0x55C360,stru_55C360
0x55C384,stru_55C384
0x55C38C,stru_55C38C
0x55C3B0,stru_55C3B0
0x55C3B8,stru_55C3B8
0x55C3DC,stru_55C3DC
0x55C3E4,stru_55C3E4
0x55C408,stru_55C408
0x55C410,qword_55C410
0x55C418,stru_55C418
0x55C43C,stru_55C43C
0x55C444,qword_55C444
0x55C44C,qword_55C44C
0x55C454,qword_55C454
0x55C45C,qword_55C45C
0x55C464,qword_55C464
0x55C46C,qword_55C46C
0x55C474,stru_55C474
0x55C498,stru_55C498
0x55C4A0,qword_55C4A0
0x55C4A8,qword_55C4A8
0x55C4B0,qword_55C4B0
0x55C4B8,qword_55C4B8
0x55C4C0,qword_55C4C0
0x55C4C8,stru_55C4C8
0x55C4EC,stru_55C4EC
0x55C4F4,stru_55C4F4
0x55C518,stru_55C518
0x55C520,stru_55C520
0x55C544,dword_55C544
0x55C548,stru_55C548
0x55C550,qword_55C550
0x55C558,qword_55C558
0x55C560,qword_55C560
0x55C568,qword_55C568
0x55C570,qword_55C570
0x55C578,qword_55C578
0x55C580,qword_55C580
0x55C588,qword_55C588
0x55C590,qword_55C590
0x55C598,stru_55C598
0x55C5BC,stru_55C5BC
0x55C5C4,qword_55C5C4
0x55C5CC,qword_55C5CC
0x55C5D4,qword_55C5D4
0x55C5DC,qword_55C5DC
0x55C5E4,qword_55C5E4
0x55C5EC,qword_55C5EC
0x55C5F4,stru_55C5F4
0x55C618,stru_55C618
0x55C620,stru_55C620
0x55C644,stru_55C644
0x55C64C,stru_55C64C
0x55C670,stru_55C670
0x55C678,stru_55C678
0x55C69C,dword_55C69C
0x55C6A0,stru_55C6A0
0x55C6A8,qword_55C6A8
0x55C6B0,qword_55C6B0
0x55C6B8,qword_55C6B8
0x55C6C0,qword_55C6C0
0x55C6C8,qword_55C6C8
0x55C6D0,qword_55C6D0
0x55C6D8,qword_55C6D8
0x55C6E0,qword_55C6E0
0x55C6E8,qword_55C6E8
0x55C6F0,qword_55C6F0
0x55C6F8,qword_55C6F8
0x55C700,qword_55C700
0x55C708,qword_55C708
0x55C710,qword_55C710
0x55C718,qword_55C718
0x55C720,qword_55C720
0x55C728,qword_55C728
0x55C730,stru_55C730
0x55C754,stru_55C754
0x55C75C,qword_55C75C
0x55C764,stru_55C764
0x55C788,stru_55C788
0x55C790,qword_55C790
0x55C798,qword_55C798
0x55C7A0,qword_55C7A0
0x55C7A8,qword_55C7A8
0x55C7B0,qword_55C7B0
0x55C7B8,qword_55C7B8
0x55C7C0,qword_55C7C0
0x55C7C8,qword_55C7C8
0x55C7D0,qword_55C7D0
0x55C7D8,qword_55C7D8
0x55C7E0,qword_55C7E0
0x55C7E8,qword_55C7E8
0x55C7F0,qword_55C7F0
0x55C7F8,qword_55C7F8
0x55C800,qword_55C800
0x55C808,qword_55C808
0x55C810,stru_55C810
0x55C834,stru_55C834
0x55C83C,qword_55C83C
0x55C844,qword_55C844
0x55C84C,qword_55C84C
0x55C854,qword_55C854
0x55C85C,qword_55C85C
0x55C864,qword_55C864
0x55C86C,stru_55C86C
0x55C890,stru_55C890
0x55C898,qword_55C898
0x55C8A0,stru_55C8A0
0x55C8C4,stru_55C8C4
0x55C8CC,qword_55C8CC
0x55C8D4,stru_55C8D4
0x55C8F8,stru_55C8F8
0x55C900,qword_55C900
0x55C908,stru_55C908
0x55C92C,stru_55C92C
0x55C934,qword_55C934
0x55C93C,qword_55C93C
0x55C944,qword_55C944
0x55C94C,stru_55C94C
0x55C95C,stru_55C95C
0x55C970,stru_55C970
0x55C994,stru_55C994
0x55C99C,qword_55C99C
0x55C9A4,stru_55C9A4
0x55C9C8,stru_55C9C8
0x55C9D0,qword_55C9D0
0x55C9D8,stru_55C9D8
0x55C9FC,stru_55C9FC
0x55CA04,qword_55CA04
0x55CA0C,qword_55CA0C
0x55CA14,qword_55CA14
0x55CA1C,qword_55CA1C
0x55CA24,qword_55CA24
0x55CA2C,stru_55CA2C
0x55CA50,stru_55CA50
0x55CA58,qword_55CA58
0x55CA60,stru_55CA60
0x55CA84,dword_55CA84
0x55CA88,stru_55CA88
0x55CA90,qword_55CA90
0x55CA98,qword_55CA98
0x55CAA0,qword_55CAA0
0x55CAA8,qword_55CAA8
0x55CAB0,qword_55CAB0
0x55CAB8,qword_55CAB8
0x55CAC0,qword_55CAC0
0x55CAC8,qword_55CAC8
0x55CAD0,qword_55CAD0
0x55CAD8,qword_55CAD8
0x55CAE0,qword_55CAE0
0x55CAE8,qword_55CAE8
0x55CAF0,qword_55CAF0
0x55CAF8,qword_55CAF8
0x55CB00,qword_55CB00
0x55CB08,qword_55CB08
0x55CB10,qword_55CB10
0x55CB18,qword_55CB18
0x55CB20,qword_55CB20
0x55CB28,qword_55CB28
0x55CB30,qword_55CB30
0x55CB38,stru_55CB38
0x55CB5C,stru_55CB5C
0x55CB64,stru_55CB64
0x55CB88,stru_55CB88
0x55CB90,stru_55CB90
0x55CBB4,dword_55CBB4
0x55CBB8,stru_55CBB8
0x55CBC0,qword_55CBC0
0x55CBC8,qword_55CBC8
0x55CBD0,qword_55CBD0
0x55CBD8,qword_55CBD8
0x55CBE0,qword_55CBE0
0x55CBE8,qword_55CBE8
0x55CBF0,qword_55CBF0
0x55CBF8,qword_55CBF8
0x55CC00,qword_55CC00
0x55CC08,qword_55CC08
0x55CC10,qword_55CC10
0x55CC18,qword_55CC18
0x55CC20,qword_55CC20
0x55CC28,qword_55CC28
0x55CC30,qword_55CC30
0x55CC38,qword_55CC38
0x55CC40,qword_55CC40
0x55CC48,qword_55CC48
0x55CC50,qword_55CC50
0x55CC58,qword_55CC58
0x55CC60,qword_55CC60
0x55CC68,qword_55CC68
0x55CC70,qword_55CC70
0x55CC78,qword_55CC78
0x55CC80,qword_55CC80
0x55CC88,qword_55CC88
0x55CC90,qword_55CC90
0x55CC98,qword_55CC98
0x55CCA0,qword_55CCA0
0x55CCA8,qword_55CCA8
0x55CCB0,qword_55CCB0
0x55CCB8,qword_55CCB8
0x55CCC0,qword_55CCC0
0x55CCC8,qword_55CCC8
0x55CCD0,qword_55CCD0
0x55CCD8,qword_55CCD8
0x55CCE0,stru_55CCE0
0x55CD04,stru_55CD04
0x55CD0C,stru_55CD0C
0x55CD30,stru_55CD30
0x55CD38,qword_55CD38
0x55CD40,stru_55CD40
0x55CD64,stru_55CD64
0x55CD6C,stru_55CD6C
0x55CD90,stru_55CD90
0x55CD98,qword_55CD98
0x55CDA0,qword_55CDA0
0x55CDA8,qword_55CDA8
0x55CDB0,qword_55CDB0
0x55CDB8,stru_55CDB8
0x55CDDC,stru_55CDDC
0x55CDE4,stru_55CDE4
0x55CE08,stru_55CE08
0x55CE10,qword_55CE10
0x55CE18,stru_55CE18
0x55CE3C,stru_55CE3C
0x55CE44,qword_55CE44
0x55CE4C,qword_55CE4C
0x55CE54,qword_55CE54
0x55CE5C,qword_55CE5C
0x55CE64,qword_55CE64
0x55CE6C,stru_55CE6C
0x55CE90,stru_55CE90
0x55CE98,qword_55CE98
0x55CEA0,qword_55CEA0
0x55CEA8,qword_55CEA8
0x55CEB0,qword_55CEB0
0x55CEB8,qword_55CEB8
0x55CEC0,qword_55CEC0
0x55CEC8,qword_55CEC8
0x55CED0,qword_55CED0
0x55CED8,qword_55CED8
0x55CEE0,qword_55CEE0
0x55CEE8,qword_55CEE8
0x55CEF0,qword_55CEF0
0x55CEF8,qword_55CEF8
0x55CF00,qword_55CF00
0x55CF08,qword_55CF08
0x55CF10,qword_55CF10
0x55CF18,qword_55CF18
0x55CF20,stru_55CF20
0x55CF44,stru_55CF44
0x55CF4C,qword_55CF4C
0x55CF54,qword_55CF54
0x55CF5C,qword_55CF5C
0x55CF64,qword_55CF64
0x55CF6C,qword_55CF6C
0x55CF74,qword_55CF74
0x55CF7C,stru_55CF7C
0x55CFA0,stru_55CFA0
0x55CFA8,qword_55CFA8
0x55CFB0,stru_55CFB0
0x55CFD4,stru_55CFD4
0x55CFDC,qword_55CFDC
0x55CFE4,qword_55CFE4
0x55CFEC,stru_55CFEC
0x55D010,stru_55D010
0x55D018,qword_55D018
0x55D020,stru_55D020
0x55D044,stru_55D044
0x55D04C,qword_55D04C
0x55D054,qword_55D054
0x55D05C,stru_55D05C
0x55D080,stru_55D080
0x55D088,qword_55D088
0x55D090,qword_55D090
0x55D098,qword_55D098
0x55D0A0,qword_55D0A0
0x55D0A8,stru_55D0A8
0x55D0CC,stru_55D0CC
0x55D0D4,qword_55D0D4
0x55D0DC,qword_55D0DC
0x55D0E4,qword_55D0E4
0x55D0EC,qword_55D0EC
0x55D0F4,qword_55D0F4
0x55D0FC,qword_55D0FC
0x55D104,stru_55D104
0x55D128,stru_55D128
0x55D130,qword_55D130
0x55D138,qword_55D138
0x55D140,qword_55D140
0x55D148,stru_55D148
0x55D16C,stru_55D16C
0x55D174,qword_55D174
0x55D17C,qword_55D17C
0x55D184,qword_55D184
0x55D18C,stru_55D18C
0x55D1B0,stru_55D1B0
0x55D1B8,qword_55D1B8
0x55D1C0,stru_55D1C0
0x55D1E4,stru_55D1E4
0x55D1EC,qword_55D1EC
0x55D1F4,qword_55D1F4
0x55D1FC,qword_55D1FC
0x55D204,stru_55D204
0x55D228,stru_55D228
0x55D230,stru_55D230
0x55D254,stru_55D254
0x55D25C,qword_55D25C
0x55D264,qword_55D264
0x55D26C,qword_55D26C
0x55D274,stru_55D274
0x55D298,stru_55D298
0x55D2A0,qword_55D2A0
0x55D2A8,qword_55D2A8
0x55D2B0,qword_55D2B0
0x55D2B8,qword_55D2B8
0x55D2C0,stru_55D2C0
0x55D2E4,stru_55D2E4
0x55D2EC,stru_55D2EC
0x55D310,stru_55D310
0x55D318,stru_55D318
0x55D33C,stru_55D33C
0x55D344,qword_55D344
0x55D34C,qword_55D34C
0x55D354,qword_55D354
0x55D35C,qword_55D35C
0x55D364,stru_55D364
0x55D388,stru_55D388
0x55D390,qword_55D390
0x55D398,qword_55D398
0x55D3A0,qword_55D3A0
0x55D3A8,qword_55D3A8
0x55D3B0,qword_55D3B0
0x55D3B8,qword_55D3B8
0x55D3C0,qword_55D3C0
0x55D3C8,qword_55D3C8
0x55D3D0,qword_55D3D0
0x55D3D8,qword_55D3D8
0x55D3E0,qword_55D3E0
0x55D3E8,qword_55D3E8
0x55D3F0,qword_55D3F0
0x55D3F8,qword_55D3F8
0x55D400,qword_55D400
0x55D408,qword_55D408
0x55D410,qword_55D410
0x55D418,qword_55D418
0x55D420,qword_55D420
0x55D428,stru_55D428
0x55D44C,stru_55D44C
0x55D454,stru_55D454
0x55D478,stru_55D478
0x55D480,qword_55D480
0x55D488,qword_55D488
0x55D490,qword_55D490
0x55D498,stru_55D498
0x55D4BC,stru_55D4BC
0x55D4C4,stru_55D4C4
0x55D4E8,stru_55D4E8
0x55D4F0,qword_55D4F0
0x55D4F8,qword_55D4F8
0x55D500,qword_55D500
0x55D508,stru_55D508
0x55D52C,stru_55D52C
0x55D534,qword_55D534
0x55D53C,stru_55D53C
0x55D560,stru_55D560
0x55D568,stru_55D568
0x55D58C,dword_55D58C
0x55D590,stru_55D590
0x55D598,qword_55D598
0x55D5A0,qword_55D5A0
0x55D5A8,qword_55D5A8
0x55D5B0,qword_55D5B0
0x55D5B8,qword_55D5B8
0x55D5C0,qword_55D5C0
0x55D5C8,qword_55D5C8
0x55D5D0,qword_55D5D0
0x55D5D8,qword_55D5D8
0x55D5E0,qword_55D5E0
0x55D5E8,qword_55D5E8
0x55D5F0,qword_55D5F0
0x55D5F8,qword_55D5F8
0x55D600,qword_55D600
0x55D608,qword_55D608
0x55D610,qword_55D610
0x55D618,qword_55D618
0x55D620,qword_55D620
0x55D628,qword_55D628
0x55D630,qword_55D630
0x55D638,qword_55D638
0x55D640,qword_55D640
0x55D648,qword_55D648
0x55D650,qword_55D650
0x55D658,qword_55D658
0x55D660,qword_55D660
0x55D668,qword_55D668
0x55D670,qword_55D670
0x55D678,qword_55D678
0x55D680,qword_55D680
0x55D688,qword_55D688
0x55D690,qword_55D690
0x55D698,qword_55D698
0x55D6A0,qword_55D6A0
0x55D6A8,qword_55D6A8
0x55D6B0,qword_55D6B0
0x55D6B8,qword_55D6B8
0x55D6C0,qword_55D6C0
0x55D6C8,qword_55D6C8
0x55D6D0,qword_55D6D0
0x55D6D8,qword_55D6D8
0x55D6E0,qword_55D6E0
0x55D6E8,qword_55D6E8
0x55D6F0,qword_55D6F0
0x55D6F8,qword_55D6F8
0x55D700,qword_55D700
0x55D708,qword_55D708
0x55D710,qword_55D710
0x55D718,qword_55D718
0x55D720,qword_55D720
0x55D728,qword_55D728
0x55D730,qword_55D730
0x55D738,qword_55D738
0x55D740,qword_55D740
0x55D748,qword_55D748
0x55D750,qword_55D750
0x55D758,qword_55D758
0x55D760,qword_55D760
0x55D768,qword_55D768
0x55D770,qword_55D770
0x55D778,qword_55D778
0x55D780,qword_55D780
0x55D788,qword_55D788
0x55D790,qword_55D790
0x55D798,qword_55D798
0x55D7A0,qword_55D7A0
0x55D7A8,qword_55D7A8
0x55D7B0,qword_55D7B0
0x55D7B8,qword_55D7B8
0x55D7C0,qword_55D7C0
0x55D7C8,qword_55D7C8
0x55D7D0,qword_55D7D0
0x55D7D8,qword_55D7D8
0x55D7E0,qword_55D7E0
0x55D7E8,qword_55D7E8
0x55D7F0,qword_55D7F0
0x55D7F8,qword_55D7F8
0x55D800,qword_55D800
0x55D808,qword_55D808
0x55D810,qword_55D810
0x55D818,qword_55D818
0x55D820,qword_55D820
0x55D828,qword_55D828
0x55D830,qword_55D830
0x55D838,qword_55D838
0x55D840,qword_55D840
0x55D848,qword_55D848
0x55D850,qword_55D850
0x55D858,qword_55D858
0x55D860,qword_55D860
0x55D868,qword_55D868
0x55D870,qword_55D870
0x55D878,qword_55D878
0x55D880,qword_55D880
0x55D888,qword_55D888
0x55D890,qword_55D890
0x55D898,qword_55D898
0x55D8A0,qword_55D8A0
0x55D8A8,qword_55D8A8
0x55D8B0,qword_55D8B0
0x55D8B8,qword_55D8B8
0x55D8C0,qword_55D8C0
0x55D8C8,qword_55D8C8
0x55D8D0,qword_55D8D0
0x55D8D8,qword_55D8D8
0x55D8E0,qword_55D8E0
0x55D8E8,qword_55D8E8
0x55D8F0,qword_55D8F0
0x55D8F8,qword_55D8F8
0x55D900,qword_55D900
0x55D908,qword_55D908
0x55D910,qword_55D910
0x55D918,qword_55D918
0x55D920,qword_55D920
0x55D928,qword_55D928
0x55D930,qword_55D930
0x55D938,qword_55D938
0x55D940,qword_55D940
0x55D948,qword_55D948
0x55D950,qword_55D950
0x55D958,qword_55D958
0x55D960,qword_55D960
0x55D968,qword_55D968
0x55D970,qword_55D970
0x55D978,qword_55D978
0x55D980,qword_55D980
0x55D988,qword_55D988
0x55D990,qword_55D990
0x55D998,qword_55D998
0x55D9A0,qword_55D9A0
0x55D9A8,qword_55D9A8
0x55D9B0,qword_55D9B0
0x55D9B8,qword_55D9B8
0x55D9C0,qword_55D9C0
0x55D9C8,qword_55D9C8
0x55D9D0,qword_55D9D0
0x55D9D8,qword_55D9D8
0x55D9E0,qword_55D9E0
0x55D9E8,qword_55D9E8
0x55D9F0,qword_55D9F0
0x55D9F8,qword_55D9F8
0x55DA00,qword_55DA00
0x55DA08,qword_55DA08
0x55DA10,qword_55DA10
0x55DA18,qword_55DA18
0x55DA20,qword_55DA20
0x55DA28,qword_55DA28
0x55DA30,qword_55DA30
0x55DA38,qword_55DA38
0x55DA40,qword_55DA40
0x55DA48,qword_55DA48
0x55DA50,qword_55DA50
0x55DA58,stru_55DA58
0x55DA7C,dword_55DA7C
0x55DA80,stru_55DA80
0x55DA88,qword_55DA88
0x55DA90,qword_55DA90
0x55DA98,qword_55DA98
0x55DAA0,qword_55DAA0
0x55DAA8,qword_55DAA8
0x55DAB0,qword_55DAB0
0x55DAB8,qword_55DAB8
0x55DAC0,qword_55DAC0
0x55DAC8,qword_55DAC8
0x55DAD0,qword_55DAD0
0x55DAD8,stru_55DAD8
0x55DAFC,dword_55DAFC
0x55DB00,stru_55DB00
0x55DB08,qword_55DB08
0x55DB10,qword_55DB10
0x55DB18,qword_55DB18
0x55DB20,qword_55DB20
0x55DB28,qword_55DB28
0x55DB30,qword_55DB30
0x55DB38,qword_55DB38
0x55DB40,qword_55DB40
0x55DB48,stru_55DB48
0x55DB6C,stru_55DB6C
0x55DB74,qword_55DB74
0x55DB7C,qword_55DB7C
0x55DB84,qword_55DB84
0x55DB8C,qword_55DB8C
0x55DB94,qword_55DB94
0x55DB9C,qword_55DB9C
0x55DBA4,stru_55DBA4
0x55DBC8,stru_55DBC8
0x55DBD0,qword_55DBD0
0x55DBD8,qword_55DBD8
0x55DBE0,qword_55DBE0
0x55DBE8,qword_55DBE8
0x55DBF0,qword_55DBF0
0x55DBF8,stru_55DBF8
0x55DC1C,stru_55DC1C
0x55DC24,qword_55DC24
0x55DC2C,qword_55DC2C
0x55DC34,qword_55DC34
0x55DC3C,stru_55DC3C
0x55DC60,stru_55DC60
0x55DC68,qword_55DC68
0x55DC70,qword_55DC70
0x55DC78,qword_55DC78
0x55DC80,qword_55DC80
0x55DC88,qword_55DC88
0x55DC90,qword_55DC90
0x55DC98,qword_55DC98
0x55DCA0,qword_55DCA0
0x55DCA8,qword_55DCA8
0x55DCB0,qword_55DCB0
0x55DCB8,qword_55DCB8
0x55DCC0,qword_55DCC0
0x55DCC8,qword_55DCC8
0x55DCD0,qword_55DCD0
0x55DCD8,qword_55DCD8
0x55DCE0,qword_55DCE0
0x55DCE8,qword_55DCE8
0x55DCF0,qword_55DCF0
0x55DCF8,qword_55DCF8
0x55DD00,qword_55DD00
0x55DD08,qword_55DD08
0x55DD10,qword_55DD10
0x55DD18,qword_55DD18
0x55DD20,qword_55DD20
0x55DD28,qword_55DD28
0x55DD30,qword_55DD30
0x55DD38,qword_55DD38
0x55DD40,qword_55DD40
0x55DD48,qword_55DD48
0x55DD50,qword_55DD50
0x55DD58,qword_55DD58
0x55DD60,qword_55DD60
0x55DD68,qword_55DD68
0x55DD70,qword_55DD70
0x55DD78,qword_55DD78
0x55DD80,qword_55DD80
0x55DD88,qword_55DD88
0x55DD90,qword_55DD90
0x55DD98,qword_55DD98
0x55DDA0,qword_55DDA0
0x55DDA8,qword_55DDA8
0x55DDB0,qword_55DDB0
0x55DDB8,qword_55DDB8
0x55DDC0,qword_55DDC0
0x55DDC8,qword_55DDC8
0x55DDD0,qword_55DDD0
0x55DDD8,qword_55DDD8
0x55DDE0,qword_55DDE0
0x55DDE8,qword_55DDE8
0x55DDF0,qword_55DDF0
0x55DDF8,qword_55DDF8
0x55DE00,qword_55DE00
0x55DE08,qword_55DE08
0x55DE10,qword_55DE10
0x55DE18,qword_55DE18
0x55DE20,qword_55DE20
0x55DE28,qword_55DE28
0x55DE30,qword_55DE30
0x55DE38,qword_55DE38
0x55DE40,qword_55DE40
0x55DE48,qword_55DE48
0x55DE50,qword_55DE50
0x55DE58,qword_55DE58
0x55DE60,qword_55DE60
0x55DE68,qword_55DE68
0x55DE70,qword_55DE70
0x55DE78,qword_55DE78
0x55DE80,qword_55DE80
0x55DE88,qword_55DE88
0x55DE90,qword_55DE90
0x55DE98,qword_55DE98
0x55DEA0,qword_55DEA0
0x55DEA8,qword_55DEA8
0x55DEB0,qword_55DEB0
0x55DEB8,qword_55DEB8
0x55DEC0,qword_55DEC0
0x55DEC8,qword_55DEC8
0x55DED0,qword_55DED0
0x55DED8,qword_55DED8
0x55DEE0,qword_55DEE0
0x55DEE8,qword_55DEE8
0x55DEF0,qword_55DEF0
0x55DEF8,qword_55DEF8
0x55DF00,qword_55DF00
0x55DF08,qword_55DF08
0x55DF10,qword_55DF10
0x55DF18,qword_55DF18
0x55DF20,qword_55DF20
0x55DF28,qword_55DF28
0x55DF30,qword_55DF30
0x55DF38,qword_55DF38
0x55DF40,qword_55DF40
0x55DF48,qword_55DF48
0x55DF50,qword_55DF50
0x55DF58,qword_55DF58
0x55DF60,qword_55DF60
0x55DF68,qword_55DF68
0x55DF70,qword_55DF70
0x55DF78,qword_55DF78
0x55DF80,qword_55DF80
0x55DF88,qword_55DF88
0x55DF90,qword_55DF90
0x55DF98,qword_55DF98
0x55DFA0,qword_55DFA0
0x55DFA8,qword_55DFA8
0x55DFB0,qword_55DFB0
0x55DFB8,qword_55DFB8
0x55DFC0,qword_55DFC0
0x55DFC8,qword_55DFC8
0x55DFD0,qword_55DFD0
0x55DFD8,qword_55DFD8
0x55DFE0,qword_55DFE0
0x55DFE8,qword_55DFE8
0x55DFF0,qword_55DFF0
0x55DFF8,qword_55DFF8
0x55E000,qword_55E000
0x55E008,qword_55E008
0x55E010,qword_55E010
0x55E018,qword_55E018
0x55E020,qword_55E020
0x55E028,qword_55E028
0x55E030,qword_55E030
0x55E038,qword_55E038
0x55E040,qword_55E040
0x55E048,qword_55E048
0x55E050,qword_55E050
0x55E058,qword_55E058
0x55E060,qword_55E060
0x55E068,qword_55E068
0x55E070,qword_55E070
0x55E078,qword_55E078
0x55E080,qword_55E080
0x55E088,qword_55E088
0x55E090,qword_55E090
0x55E098,qword_55E098
0x55E0A0,qword_55E0A0
0x55E0A8,qword_55E0A8
0x55E0B0,qword_55E0B0
0x55E0B8,qword_55E0B8
0x55E0C0,qword_55E0C0
0x55E0C8,qword_55E0C8
0x55E0D0,qword_55E0D0
0x55E0D8,qword_55E0D8
0x55E0E0,qword_55E0E0
0x55E0E8,qword_55E0E8
0x55E0F0,qword_55E0F0
0x55E0F8,qword_55E0F8
0x55E100,qword_55E100
0x55E108,qword_55E108
0x55E110,qword_55E110
0x55E118,qword_55E118
0x55E120,qword_55E120
0x55E128,qword_55E128
0x55E130,qword_55E130
0x55E138,qword_55E138
0x55E140,qword_55E140
0x55E148,qword_55E148
0x55E150,qword_55E150
0x55E158,qword_55E158
0x55E160,qword_55E160
0x55E168,qword_55E168
0x55E170,qword_55E170
0x55E178,qword_55E178
0x55E180,qword_55E180
0x55E188,qword_55E188
0x55E190,qword_55E190
0x55E198,qword_55E198
0x55E1A0,qword_55E1A0
0x55E1A8,qword_55E1A8
0x55E1B0,qword_55E1B0
0x55E1B8,qword_55E1B8
0x55E1C0,qword_55E1C0
0x55E1C8,qword_55E1C8
0x55E1D0,qword_55E1D0
0x55E1D8,qword_55E1D8
0x55E1E0,qword_55E1E0
0x55E1E8,qword_55E1E8
0x55E1F0,qword_55E1F0
0x55E1F8,qword_55E1F8
0x55E200,qword_55E200
0x55E208,qword_55E208
0x55E210,qword_55E210
0x55E218,qword_55E218
0x55E220,qword_55E220
0x55E228,qword_55E228
0x55E230,qword_55E230
0x55E238,qword_55E238
0x55E240,qword_55E240
0x55E248,qword_55E248
0x55E250,qword_55E250
0x55E258,qword_55E258
0x55E260,qword_55E260
0x55E268,qword_55E268
0x55E270,qword_55E270
0x55E278,qword_55E278
0x55E280,qword_55E280
0x55E288,qword_55E288
0x55E290,qword_55E290
0x55E298,qword_55E298
0x55E2A0,qword_55E2A0
0x55E2A8,qword_55E2A8
0x55E2B0,qword_55E2B0
0x55E2B8,qword_55E2B8
0x55E2C0,qword_55E2C0
0x55E2C8,qword_55E2C8
0x55E2D0,qword_55E2D0
0x55E2D8,qword_55E2D8
0x55E2E0,qword_55E2E0
0x55E2E8,qword_55E2E8
0x55E2F0,qword_55E2F0
0x55E2F8,qword_55E2F8
0x55E300,qword_55E300
0x55E308,qword_55E308
0x55E310,qword_55E310
0x55E318,qword_55E318
0x55E320,qword_55E320
0x55E328,qword_55E328
0x55E330,qword_55E330
0x55E338,qword_55E338
0x55E340,qword_55E340
0x55E348,qword_55E348
0x55E350,qword_55E350
0x55E358,qword_55E358
0x55E360,qword_55E360
0x55E368,qword_55E368
0x55E370,qword_55E370
0x55E378,qword_55E378
0x55E380,qword_55E380
0x55E388,qword_55E388
0x55E390,qword_55E390
0x55E398,qword_55E398
0x55E3A0,qword_55E3A0
0x55E3A8,qword_55E3A8
0x55E3B0,qword_55E3B0
0x55E3B8,qword_55E3B8
0x55E3C0,qword_55E3C0
0x55E3C8,qword_55E3C8
0x55E3D0,qword_55E3D0
0x55E3D8,qword_55E3D8
0x55E3E0,qword_55E3E0
0x55E3E8,qword_55E3E8
0x55E3F0,qword_55E3F0
0x55E3F8,qword_55E3F8
0x55E400,qword_55E400
0x55E408,qword_55E408
0x55E410,qword_55E410
0x55E418,qword_55E418
0x55E420,qword_55E420
0x55E428,qword_55E428
0x55E430,qword_55E430
0x55E438,qword_55E438
0x55E440,qword_55E440
0x55E448,qword_55E448
0x55E450,qword_55E450
0x55E458,qword_55E458
0x55E460,qword_55E460
0x55E468,qword_55E468
0x55E470,qword_55E470
0x55E478,qword_55E478
0x55E480,qword_55E480
0x55E488,qword_55E488
0x55E490,qword_55E490
0x55E498,qword_55E498
0x55E4A0,qword_55E4A0
0x55E4A8,qword_55E4A8
0x55E4B0,qword_55E4B0
0x55E4B8,qword_55E4B8
0x55E4C0,qword_55E4C0
0x55E4C8,qword_55E4C8
0x55E4D0,qword_55E4D0
0x55E4D8,qword_55E4D8
0x55E4E0,qword_55E4E0
0x55E4E8,qword_55E4E8
0x55E4F0,qword_55E4F0
0x55E4F8,qword_55E4F8
0x55E500,qword_55E500
0x55E508,qword_55E508
0x55E510,qword_55E510
0x55E518,qword_55E518
0x55E520,qword_55E520
0x55E528,qword_55E528
0x55E530,qword_55E530
0x55E538,qword_55E538
0x55E540,qword_55E540
0x55E548,qword_55E548
0x55E550,qword_55E550
0x55E558,qword_55E558
0x55E560,qword_55E560
0x55E568,qword_55E568
0x55E570,qword_55E570
0x55E578,qword_55E578
0x55E580,qword_55E580
0x55E588,qword_55E588
0x55E590,qword_55E590
0x55E598,qword_55E598
0x55E5A0,qword_55E5A0
0x55E5A8,qword_55E5A8
0x55E5B0,qword_55E5B0
0x55E5B8,qword_55E5B8
0x55E5C0,qword_55E5C0
0x55E5C8,qword_55E5C8
0x55E5D0,qword_55E5D0
0x55E5D8,qword_55E5D8
0x55E5E0,qword_55E5E0
0x55E5E8,qword_55E5E8
0x55E5F0,qword_55E5F0
0x55E5F8,qword_55E5F8
0x55E600,qword_55E600
0x55E608,qword_55E608
0x55E610,qword_55E610
0x55E618,qword_55E618
0x55E620,qword_55E620
0x55E628,qword_55E628
0x55E630,qword_55E630
0x55E638,qword_55E638
0x55E640,qword_55E640
0x55E648,qword_55E648
0x55E650,qword_55E650
0x55E658,qword_55E658
0x55E660,qword_55E660
0x55E668,qword_55E668
0x55E670,qword_55E670
0x55E678,qword_55E678
0x55E680,qword_55E680
0x55E688,qword_55E688
0x55E690,qword_55E690
0x55E698,qword_55E698
0x55E6A0,qword_55E6A0
0x55E6A8,qword_55E6A8
0x55E6B0,qword_55E6B0
0x55E6B8,qword_55E6B8
0x55E6C0,qword_55E6C0
0x55E6C8,qword_55E6C8
0x55E6D0,qword_55E6D0
0x55E6D8,qword_55E6D8
0x55E6E0,qword_55E6E0
0x55E6E8,qword_55E6E8
0x55E6F0,qword_55E6F0
0x55E6F8,qword_55E6F8
0x55E700,qword_55E700
0x55E708,qword_55E708
0x55E710,qword_55E710
0x55E718,qword_55E718
0x55E720,qword_55E720
0x55E728,qword_55E728
0x55E730,qword_55E730
0x55E738,qword_55E738
0x55E740,qword_55E740
0x55E748,qword_55E748
0x55E750,qword_55E750
0x55E758,qword_55E758
0x55E760,qword_55E760
0x55E768,qword_55E768
0x55E770,qword_55E770
0x55E778,qword_55E778
0x55E780,qword_55E780
0x55E788,qword_55E788
0x55E790,qword_55E790
0x55E798,qword_55E798
0x55E7A0,qword_55E7A0
0x55E7A8,qword_55E7A8
0x55E7B0,qword_55E7B0
0x55E7B8,qword_55E7B8
0x55E7C0,qword_55E7C0
0x55E7C8,qword_55E7C8
0x55E7D0,qword_55E7D0
0x55E7D8,qword_55E7D8
0x55E7E0,qword_55E7E0
0x55E7E8,qword_55E7E8
0x55E7F0,qword_55E7F0
0x55E7F8,qword_55E7F8
0x55E800,qword_55E800
0x55E808,qword_55E808
0x55E810,qword_55E810
0x55E818,qword_55E818
0x55E820,qword_55E820
0x55E828,qword_55E828
0x55E830,qword_55E830
0x55E838,qword_55E838
0x55E840,qword_55E840
0x55E848,qword_55E848
0x55E850,qword_55E850
0x55E858,qword_55E858
0x55E860,qword_55E860
0x55E868,qword_55E868
0x55E870,qword_55E870
0x55E878,qword_55E878
0x55E880,qword_55E880
0x55E888,qword_55E888
0x55E890,qword_55E890
0x55E898,qword_55E898
0x55E8A0,qword_55E8A0
0x55E8A8,qword_55E8A8
0x55E8B0,qword_55E8B0
0x55E8B8,qword_55E8B8
0x55E8C0,qword_55E8C0
0x55E8C8,qword_55E8C8
0x55E8D0,qword_55E8D0
0x55E8D8,qword_55E8D8
0x55E8E0,qword_55E8E0
0x55E8E8,qword_55E8E8
0x55E8F0,qword_55E8F0
0x55E8F8,qword_55E8F8
0x55E900,qword_55E900
0x55E908,qword_55E908
0x55E910,qword_55E910
0x55E918,qword_55E918
0x55E920,qword_55E920
0x55E928,qword_55E928
0x55E930,qword_55E930
0x55E938,qword_55E938
0x55E940,qword_55E940
0x55E948,qword_55E948
0x55E950,qword_55E950
0x55E958,qword_55E958
0x55E960,qword_55E960
0x55E968,qword_55E968
0x55E970,qword_55E970
0x55E978,qword_55E978
0x55E980,qword_55E980
0x55E988,qword_55E988
0x55E990,qword_55E990
0x55E998,qword_55E998
0x55E9A0,qword_55E9A0
0x55E9A8,qword_55E9A8
0x55E9B0,qword_55E9B0
0x55E9B8,qword_55E9B8
0x55E9C0,qword_55E9C0
0x55E9C8,qword_55E9C8
0x55E9D0,qword_55E9D0
0x55E9D8,qword_55E9D8
0x55E9E0,qword_55E9E0
0x55E9E8,qword_55E9E8
0x55E9F0,qword_55E9F0
0x55E9F8,qword_55E9F8
0x55EA00,qword_55EA00
0x55EA08,qword_55EA08
0x55EA10,qword_55EA10
0x55EA18,qword_55EA18
0x55EA20,qword_55EA20
0x55EA28,qword_55EA28
0x55EA30,qword_55EA30
0x55EA38,qword_55EA38
0x55EA40,qword_55EA40
0x55EA48,qword_55EA48
0x55EA50,qword_55EA50
0x55EA58,qword_55EA58
0x55EA60,qword_55EA60
0x55EA68,qword_55EA68
0x55EA70,qword_55EA70
0x55EA78,qword_55EA78
0x55EA80,qword_55EA80
0x55EA88,qword_55EA88
0x55EA90,qword_55EA90
0x55EA98,qword_55EA98
0x55EAA0,qword_55EAA0
0x55EAA8,qword_55EAA8
0x55EAB0,qword_55EAB0
0x55EAB8,qword_55EAB8
0x55EAC0,qword_55EAC0
0x55EAC8,qword_55EAC8
0x55EAD0,qword_55EAD0
0x55EAD8,qword_55EAD8
0x55EAE0,qword_55EAE0
0x55EAE8,qword_55EAE8
0x55EAF0,qword_55EAF0
0x55EAF8,qword_55EAF8
0x55EB00,qword_55EB00
0x55EB08,qword_55EB08
0x55EB10,qword_55EB10
0x55EB18,qword_55EB18
0x55EB20,qword_55EB20
0x55EB28,qword_55EB28
0x55EB30,qword_55EB30
0x55EB38,qword_55EB38
0x55EB40,qword_55EB40
0x55EB48,qword_55EB48
0x55EB50,qword_55EB50
0x55EB58,qword_55EB58
0x55EB60,qword_55EB60
0x55EB68,qword_55EB68
0x55EB70,qword_55EB70
0x55EB78,qword_55EB78
0x55EB80,qword_55EB80
0x55EB88,qword_55EB88
0x55EB90,qword_55EB90
0x55EB98,qword_55EB98
0x55EBA0,qword_55EBA0
0x55EBA8,qword_55EBA8
0x55EBB0,qword_55EBB0
0x55EBB8,qword_55EBB8
0x55EBC0,qword_55EBC0
0x55EBC8,qword_55EBC8
0x55EBD0,qword_55EBD0
0x55EBD8,qword_55EBD8
0x55EBE0,qword_55EBE0
0x55EBE8,qword_55EBE8
0x55EBF0,qword_55EBF0
0x55EBF8,qword_55EBF8
0x55EC00,qword_55EC00
0x55EC08,qword_55EC08
0x55EC10,qword_55EC10
0x55EC18,qword_55EC18
0x55EC20,qword_55EC20
0x55EC28,qword_55EC28
0x55EC30,qword_55EC30
0x55EC38,qword_55EC38
0x55EC40,qword_55EC40
0x55EC48,qword_55EC48
0x55EC50,qword_55EC50
0x55EC58,qword_55EC58
0x55EC60,qword_55EC60
0x55EC68,qword_55EC68
0x55EC70,qword_55EC70
0x55EC78,qword_55EC78
0x55EC80,qword_55EC80
0x55EC88,qword_55EC88
0x55EC90,qword_55EC90
0x55EC98,qword_55EC98
0x55ECA0,qword_55ECA0
0x55ECA8,qword_55ECA8
0x55ECB0,qword_55ECB0
0x55ECB8,qword_55ECB8
0x55ECC0,qword_55ECC0
0x55ECC8,qword_55ECC8
0x55ECD0,qword_55ECD0
0x55ECD8,qword_55ECD8
0x55ECE0,qword_55ECE0
0x55ECE8,qword_55ECE8
0x55ECF0,qword_55ECF0
0x55ECF8,qword_55ECF8
0x55ED00,qword_55ED00
0x55ED08,qword_55ED08
0x55ED10,qword_55ED10
0x55ED18,qword_55ED18
0x55ED20,qword_55ED20
0x55ED28,qword_55ED28
0x55ED30,qword_55ED30
0x55ED38,qword_55ED38
0x55ED40,qword_55ED40
0x55ED48,qword_55ED48
0x55ED50,qword_55ED50
0x55ED58,qword_55ED58
0x55ED60,qword_55ED60
0x55ED68,qword_55ED68
0x55ED70,qword_55ED70
0x55ED78,qword_55ED78
0x55ED80,qword_55ED80
0x55ED88,qword_55ED88
0x55ED90,qword_55ED90
0x55ED98,qword_55ED98
0x55EDA0,qword_55EDA0
0x55EDA8,qword_55EDA8
0x55EDB0,qword_55EDB0
0x55EDB8,qword_55EDB8
0x55EDC0,qword_55EDC0
0x55EDC8,qword_55EDC8
0x55EDD0,qword_55EDD0
0x55EDD8,qword_55EDD8
0x55EDE0,qword_55EDE0
0x55EDE8,qword_55EDE8
0x55EDF0,qword_55EDF0
0x55EDF8,qword_55EDF8
0x55EE00,qword_55EE00
0x55EE08,qword_55EE08
0x55EE10,qword_55EE10
0x55EE18,qword_55EE18
0x55EE20,qword_55EE20
0x55EE28,qword_55EE28
0x55EE30,qword_55EE30
0x55EE38,qword_55EE38
0x55EE40,qword_55EE40
0x55EE48,qword_55EE48
0x55EE50,qword_55EE50
0x55EE58,qword_55EE58
0x55EE60,qword_55EE60
0x55EE68,qword_55EE68
0x55EE70,qword_55EE70
0x55EE78,qword_55EE78
0x55EE80,qword_55EE80
0x55EE88,qword_55EE88
0x55EE90,qword_55EE90
0x55EE98,qword_55EE98
0x55EEA0,qword_55EEA0
0x55EEA8,qword_55EEA8
0x55EEB0,qword_55EEB0
0x55EEB8,qword_55EEB8
0x55EEC0,qword_55EEC0
0x55EEC8,qword_55EEC8
0x55EED0,qword_55EED0
0x55EED8,qword_55EED8
0x55EEE0,qword_55EEE0
0x55EEE8,qword_55EEE8
0x55EEF0,qword_55EEF0
0x55EEF8,qword_55EEF8
0x55EF00,qword_55EF00
0x55EF08,qword_55EF08
0x55EF10,qword_55EF10
0x55EF18,qword_55EF18
0x55EF20,qword_55EF20
0x55EF28,qword_55EF28
0x55EF30,qword_55EF30
0x55EF38,qword_55EF38
0x55EF40,qword_55EF40
0x55EF48,qword_55EF48
0x55EF50,qword_55EF50
0x55EF58,qword_55EF58
0x55EF60,qword_55EF60
0x55EF68,qword_55EF68
0x55EF70,qword_55EF70
0x55EF78,qword_55EF78
0x55EF80,qword_55EF80
0x55EF88,qword_55EF88
0x55EF90,qword_55EF90
0x55EF98,qword_55EF98
0x55EFA0,qword_55EFA0
0x55EFA8,qword_55EFA8
0x55EFB0,qword_55EFB0
0x55EFB8,qword_55EFB8
0x55EFC0,qword_55EFC0
0x55EFC8,qword_55EFC8
0x55EFD0,qword_55EFD0
0x55EFD8,qword_55EFD8
0x55EFE0,qword_55EFE0
0x55EFE8,qword_55EFE8
0x55EFF0,qword_55EFF0
0x55EFF8,qword_55EFF8
0x55F000,qword_55F000
0x55F008,qword_55F008
0x55F010,qword_55F010
0x55F018,qword_55F018
0x55F020,qword_55F020
0x55F028,qword_55F028
0x55F030,qword_55F030
0x55F038,qword_55F038
0x55F040,qword_55F040
0x55F048,qword_55F048
0x55F050,qword_55F050
0x55F058,qword_55F058
0x55F060,qword_55F060
0x55F068,qword_55F068
0x55F070,qword_55F070
0x55F078,qword_55F078
0x55F080,qword_55F080
0x55F088,qword_55F088
0x55F090,qword_55F090
0x55F098,qword_55F098
0x55F0A0,qword_55F0A0
0x55F0A8,qword_55F0A8
0x55F0B0,qword_55F0B0
0x55F0B8,qword_55F0B8
0x55F0C0,qword_55F0C0
0x55F0C8,qword_55F0C8
0x55F0D0,qword_55F0D0
0x55F0D8,qword_55F0D8
0x55F0E0,qword_55F0E0
0x55F0E8,qword_55F0E8
0x55F0F0,qword_55F0F0
0x55F0F8,qword_55F0F8
0x55F100,qword_55F100
0x55F108,qword_55F108
0x55F110,qword_55F110
0x55F118,qword_55F118
0x55F120,qword_55F120
0x55F128,qword_55F128
0x55F130,qword_55F130
0x55F138,qword_55F138
0x55F140,qword_55F140
0x55F148,qword_55F148
0x55F150,qword_55F150
0x55F158,qword_55F158
0x55F160,qword_55F160
0x55F168,qword_55F168
0x55F170,qword_55F170
0x55F178,qword_55F178
0x55F180,qword_55F180
0x55F188,qword_55F188
0x55F190,qword_55F190
0x55F198,qword_55F198
0x55F1A0,qword_55F1A0
0x55F1A8,qword_55F1A8
0x55F1B0,qword_55F1B0
0x55F1B8,qword_55F1B8
0x55F1C0,qword_55F1C0
0x55F1C8,qword_55F1C8
0x55F1D0,qword_55F1D0
0x55F1D8,qword_55F1D8
0x55F1E0,qword_55F1E0
0x55F1E8,qword_55F1E8
0x55F1F0,qword_55F1F0
0x55F1F8,qword_55F1F8
0x55F200,qword_55F200
0x55F208,qword_55F208
0x55F210,qword_55F210
0x55F218,qword_55F218
0x55F220,qword_55F220
0x55F228,qword_55F228
0x55F230,qword_55F230
0x55F238,qword_55F238
0x55F240,qword_55F240
0x55F248,qword_55F248
0x55F250,qword_55F250
0x55F258,qword_55F258
0x55F260,qword_55F260
0x55F268,qword_55F268
0x55F270,qword_55F270
0x55F278,qword_55F278
0x55F280,qword_55F280
0x55F288,qword_55F288
0x55F290,qword_55F290
0x55F298,qword_55F298
0x55F2A0,qword_55F2A0
0x55F2A8,qword_55F2A8
0x55F2B0,qword_55F2B0
0x55F2B8,qword_55F2B8
0x55F2C0,qword_55F2C0
0x55F2C8,qword_55F2C8
0x55F2D0,qword_55F2D0
0x55F2D8,qword_55F2D8
0x55F2E0,qword_55F2E0
0x55F2E8,qword_55F2E8
0x55F2F0,qword_55F2F0
0x55F2F8,qword_55F2F8
0x55F300,qword_55F300
0x55F308,qword_55F308
0x55F310,qword_55F310
0x55F318,qword_55F318
0x55F320,qword_55F320
0x55F328,qword_55F328
0x55F330,qword_55F330
0x55F338,qword_55F338
0x55F340,qword_55F340
0x55F348,qword_55F348
0x55F350,qword_55F350
0x55F358,qword_55F358
0x55F360,qword_55F360
0x55F368,qword_55F368
0x55F370,qword_55F370
0x55F378,qword_55F378
0x55F380,qword_55F380
0x55F388,qword_55F388
0x55F390,qword_55F390
0x55F398,qword_55F398
0x55F3A0,qword_55F3A0
0x55F3A8,qword_55F3A8
0x55F3B0,qword_55F3B0
0x55F3B8,qword_55F3B8
0x55F3C0,qword_55F3C0
0x55F3C8,qword_55F3C8
0x55F3D0,qword_55F3D0
0x55F3D8,qword_55F3D8
0x55F3E0,qword_55F3E0
0x55F3E8,qword_55F3E8
0x55F3F0,qword_55F3F0
0x55F3F8,qword_55F3F8
0x55F400,qword_55F400
0x55F408,qword_55F408
0x55F410,qword_55F410
0x55F418,qword_55F418
0x55F420,qword_55F420
0x55F428,qword_55F428
0x55F430,qword_55F430
0x55F438,qword_55F438
0x55F440,qword_55F440
0x55F448,qword_55F448
0x55F450,qword_55F450
0x55F458,qword_55F458
0x55F460,qword_55F460
0x55F468,qword_55F468
0x55F470,qword_55F470
0x55F478,qword_55F478
0x55F480,qword_55F480
0x55F488,qword_55F488
0x55F490,qword_55F490
0x55F498,qword_55F498
0x55F4A0,qword_55F4A0
0x55F4A8,qword_55F4A8
0x55F4B0,qword_55F4B0
0x55F4B8,qword_55F4B8
0x55F4C0,qword_55F4C0
0x55F4C8,qword_55F4C8
0x55F4D0,qword_55F4D0
0x55F4D8,qword_55F4D8
0x55F4E0,qword_55F4E0
0x55F4E8,qword_55F4E8
0x55F4F0,qword_55F4F0
0x55F4F8,qword_55F4F8
0x55F500,qword_55F500
0x55F508,qword_55F508
0x55F510,qword_55F510
0x55F518,qword_55F518
0x55F520,qword_55F520
0x55F528,qword_55F528
0x55F530,qword_55F530
0x55F538,qword_55F538
0x55F540,qword_55F540
0x55F548,qword_55F548
0x55F550,qword_55F550
0x55F558,qword_55F558
0x55F560,qword_55F560
0x55F568,qword_55F568
0x55F570,qword_55F570
0x55F578,qword_55F578
0x55F580,qword_55F580
0x55F588,qword_55F588
0x55F590,qword_55F590
0x55F598,qword_55F598
0x55F5A0,qword_55F5A0
0x55F5A8,qword_55F5A8
0x55F5B0,qword_55F5B0
0x55F5B8,qword_55F5B8
0x55F5C0,qword_55F5C0
0x55F5C8,qword_55F5C8
0x55F5D0,qword_55F5D0
0x55F5D8,qword_55F5D8
0x55F5E0,qword_55F5E0
0x55F5E8,qword_55F5E8
0x55F5F0,qword_55F5F0
0x55F5F8,qword_55F5F8
0x55F600,qword_55F600
0x55F608,qword_55F608
0x55F610,qword_55F610
0x55F618,qword_55F618
0x55F620,qword_55F620
0x55F628,qword_55F628
0x55F630,qword_55F630
0x55F638,qword_55F638
0x55F640,qword_55F640
0x55F648,qword_55F648
0x55F650,qword_55F650
0x55F658,qword_55F658
0x55F660,qword_55F660
0x55F668,qword_55F668
0x55F670,qword_55F670
0x55F678,qword_55F678
0x55F680,qword_55F680
0x55F688,qword_55F688
0x55F690,qword_55F690
0x55F698,qword_55F698
0x55F6A0,qword_55F6A0
0x55F6A8,qword_55F6A8
0x55F6B0,qword_55F6B0
0x55F6B8,qword_55F6B8
0x55F6C0,qword_55F6C0
0x55F6C8,qword_55F6C8
0x55F6D0,qword_55F6D0
0x55F6D8,qword_55F6D8
0x55F6E0,qword_55F6E0
0x55F6E8,qword_55F6E8
0x55F6F0,qword_55F6F0
0x55F6F8,qword_55F6F8
0x55F700,qword_55F700
0x55F708,qword_55F708
0x55F710,qword_55F710
0x55F718,qword_55F718
0x55F720,qword_55F720
0x55F728,qword_55F728
0x55F730,qword_55F730
0x55F738,qword_55F738
0x55F740,qword_55F740
0x55F748,qword_55F748
0x55F750,qword_55F750
0x55F758,qword_55F758
0x55F760,qword_55F760
0x55F768,qword_55F768
0x55F770,qword_55F770
0x55F778,qword_55F778
0x55F780,qword_55F780
0x55F788,qword_55F788
0x55F790,qword_55F790
0x55F798,qword_55F798
0x55F7A0,qword_55F7A0
0x55F7A8,qword_55F7A8
0x55F7B0,qword_55F7B0
0x55F7B8,qword_55F7B8
0x55F7C0,qword_55F7C0
0x55F7C8,qword_55F7C8
0x55F7D0,qword_55F7D0
0x55F7D8,qword_55F7D8
0x55F7E0,qword_55F7E0
0x55F7E8,qword_55F7E8
0x55F7F0,qword_55F7F0
0x55F7F8,qword_55F7F8
0x55F800,qword_55F800
0x55F808,qword_55F808
0x55F810,qword_55F810
0x55F818,qword_55F818
0x55F820,qword_55F820
0x55F828,qword_55F828
0x55F830,qword_55F830
0x55F838,qword_55F838
0x55F840,qword_55F840
0x55F848,qword_55F848
0x55F850,qword_55F850
0x55F858,qword_55F858
0x55F860,qword_55F860
0x55F868,qword_55F868
0x55F870,qword_55F870
0x55F878,qword_55F878
0x55F880,qword_55F880
0x55F888,qword_55F888
0x55F890,qword_55F890
0x55F898,qword_55F898
0x55F8A0,qword_55F8A0
0x55F8A8,qword_55F8A8
0x55F8B0,qword_55F8B0
0x55F8B8,qword_55F8B8
0x55F8C0,qword_55F8C0
0x55F8C8,qword_55F8C8
0x55F8D0,qword_55F8D0
0x55F8D8,qword_55F8D8
0x55F8E0,qword_55F8E0
0x55F8E8,qword_55F8E8
0x55F8F0,qword_55F8F0
0x55F8F8,qword_55F8F8
0x55F900,qword_55F900
0x55F908,qword_55F908
0x55F910,qword_55F910
0x55F918,qword_55F918
0x55F920,qword_55F920
0x55F928,qword_55F928
0x55F930,qword_55F930
0x55F938,qword_55F938
0x55F940,qword_55F940
0x55F948,qword_55F948
0x55F950,qword_55F950
0x55F958,qword_55F958
0x55F960,qword_55F960
0x55F968,qword_55F968
0x55F970,qword_55F970
0x55F978,qword_55F978
0x55F980,qword_55F980
0x55F988,qword_55F988
0x55F990,qword_55F990
0x55F998,qword_55F998
0x55F9A0,qword_55F9A0
0x55F9A8,qword_55F9A8
0x55F9B0,qword_55F9B0
0x55F9B8,qword_55F9B8
0x55F9C0,qword_55F9C0
0x55F9C8,qword_55F9C8
0x55F9D0,qword_55F9D0
0x55F9D8,qword_55F9D8
0x55F9E0,qword_55F9E0
0x55F9E8,qword_55F9E8
0x55F9F0,qword_55F9F0
0x55F9F8,qword_55F9F8
0x55FA00,qword_55FA00
0x55FA08,qword_55FA08
0x55FA10,qword_55FA10
0x55FA18,qword_55FA18
0x55FA20,qword_55FA20
0x55FA28,qword_55FA28
0x55FA30,qword_55FA30
0x55FA38,qword_55FA38
0x55FA40,qword_55FA40
0x55FA48,qword_55FA48
0x55FA50,qword_55FA50
0x55FA58,qword_55FA58
0x55FA60,qword_55FA60
0x55FA68,qword_55FA68
0x55FA70,qword_55FA70
0x55FA78,qword_55FA78
0x55FA80,qword_55FA80
0x55FA88,qword_55FA88
0x55FA90,qword_55FA90
0x55FA98,qword_55FA98
0x55FAA0,qword_55FAA0
0x55FAA8,qword_55FAA8
0x55FAB0,qword_55FAB0
0x55FAB8,qword_55FAB8
0x55FAC0,qword_55FAC0
0x55FAC8,qword_55FAC8
0x55FAD0,qword_55FAD0
0x55FAD8,qword_55FAD8
0x55FAE0,qword_55FAE0
0x55FAE8,qword_55FAE8
0x55FAF0,qword_55FAF0
0x55FAF8,qword_55FAF8
0x55FB00,qword_55FB00
0x55FB08,qword_55FB08
0x55FB10,qword_55FB10
0x55FB18,qword_55FB18
0x55FB20,qword_55FB20
0x55FB28,qword_55FB28
0x55FB30,qword_55FB30
0x55FB38,qword_55FB38
0x55FB40,qword_55FB40
0x55FB48,qword_55FB48
0x55FB50,qword_55FB50
0x55FB58,qword_55FB58
0x55FB60,qword_55FB60
0x55FB68,qword_55FB68
0x55FB70,qword_55FB70
0x55FB78,qword_55FB78
0x55FB80,qword_55FB80
0x55FB88,qword_55FB88
0x55FB90,qword_55FB90
0x55FB98,qword_55FB98
0x55FBA0,qword_55FBA0
0x55FBA8,qword_55FBA8
0x55FBB0,qword_55FBB0
0x55FBB8,qword_55FBB8
0x55FBC0,qword_55FBC0
0x55FBC8,qword_55FBC8
0x55FBD0,qword_55FBD0
0x55FBD8,qword_55FBD8
0x55FBE0,qword_55FBE0
0x55FBE8,qword_55FBE8
0x55FBF0,qword_55FBF0
0x55FBF8,qword_55FBF8
0x55FC00,qword_55FC00
0x55FC08,qword_55FC08
0x55FC10,qword_55FC10
0x55FC18,qword_55FC18
0x55FC20,qword_55FC20
0x55FC28,qword_55FC28
0x55FC30,qword_55FC30
0x55FC38,qword_55FC38
0x55FC40,qword_55FC40
0x55FC48,qword_55FC48
0x55FC50,qword_55FC50
0x55FC58,qword_55FC58
0x55FC60,qword_55FC60
0x55FC68,qword_55FC68
0x55FC70,qword_55FC70
0x55FC78,qword_55FC78
0x55FC80,qword_55FC80
0x55FC88,qword_55FC88
0x55FC90,qword_55FC90
0x55FC98,qword_55FC98
0x55FCA0,qword_55FCA0
0x55FCA8,qword_55FCA8
0x55FCB0,qword_55FCB0
0x55FCB8,qword_55FCB8
0x55FCC0,qword_55FCC0
0x55FCC8,qword_55FCC8
0x55FCD0,qword_55FCD0
0x55FCD8,qword_55FCD8
0x55FCE0,qword_55FCE0
0x55FCE8,qword_55FCE8
0x55FCF0,qword_55FCF0
0x55FCF8,qword_55FCF8
0x55FD00,qword_55FD00
0x55FD08,qword_55FD08
0x55FD10,qword_55FD10
0x55FD18,qword_55FD18
0x55FD20,qword_55FD20
0x55FD28,qword_55FD28
0x55FD30,qword_55FD30
0x55FD38,qword_55FD38
0x55FD40,qword_55FD40
0x55FD48,qword_55FD48
0x55FD50,qword_55FD50
0x55FD58,qword_55FD58
0x55FD60,qword_55FD60
0x55FD68,qword_55FD68
0x55FD70,qword_55FD70
0x55FD78,qword_55FD78
0x55FD80,qword_55FD80
0x55FD88,qword_55FD88
0x55FD90,qword_55FD90
0x55FD98,qword_55FD98
0x55FDA0,qword_55FDA0
0x55FDA8,qword_55FDA8
0x55FDB0,qword_55FDB0
0x55FDB8,qword_55FDB8
0x55FDC0,qword_55FDC0
0x55FDC8,qword_55FDC8
0x55FDD0,qword_55FDD0
0x55FDD8,qword_55FDD8
0x55FDE0,qword_55FDE0
0x55FDE8,qword_55FDE8
0x55FDF0,qword_55FDF0
0x55FDF8,qword_55FDF8
0x55FE00,qword_55FE00
0x55FE08,qword_55FE08
0x55FE10,qword_55FE10
0x55FE18,qword_55FE18
0x55FE20,qword_55FE20
0x55FE28,qword_55FE28
0x55FE30,qword_55FE30
0x55FE38,qword_55FE38
0x55FE40,qword_55FE40
0x55FE48,qword_55FE48
0x55FE50,qword_55FE50
0x55FE58,qword_55FE58
0x55FE60,qword_55FE60
0x55FE68,qword_55FE68
0x55FE70,qword_55FE70
0x55FE78,qword_55FE78
0x55FE80,qword_55FE80
0x55FE88,qword_55FE88
0x55FE90,qword_55FE90
0x55FE98,qword_55FE98
0x55FEA0,qword_55FEA0
0x55FEA8,qword_55FEA8
0x55FEB0,qword_55FEB0
0x55FEB8,qword_55FEB8
0x55FEC0,qword_55FEC0
0x55FEC8,qword_55FEC8
0x55FED0,qword_55FED0
0x55FED8,qword_55FED8
0x55FEE0,qword_55FEE0
0x55FEE8,qword_55FEE8
0x55FEF0,qword_55FEF0
0x55FEF8,qword_55FEF8
0x55FF00,qword_55FF00
0x55FF08,qword_55FF08
0x55FF10,qword_55FF10
0x55FF18,qword_55FF18
0x55FF20,qword_55FF20
0x55FF28,qword_55FF28
0x55FF30,qword_55FF30
0x55FF38,qword_55FF38
0x55FF40,qword_55FF40
0x55FF48,qword_55FF48
0x55FF50,qword_55FF50
0x55FF58,qword_55FF58
0x55FF60,qword_55FF60
0x55FF68,qword_55FF68
0x55FF70,qword_55FF70
0x55FF78,qword_55FF78
0x55FF80,qword_55FF80
0x55FF88,qword_55FF88
0x55FF90,qword_55FF90
0x55FF98,qword_55FF98
0x55FFA0,qword_55FFA0
0x55FFA8,qword_55FFA8
0x55FFB0,qword_55FFB0
0x55FFB8,qword_55FFB8
0x55FFC0,qword_55FFC0
0x55FFC8,qword_55FFC8
0x55FFD0,qword_55FFD0
0x55FFD8,qword_55FFD8
0x55FFE0,qword_55FFE0
0x55FFE8,qword_55FFE8
0x55FFF0,qword_55FFF0
0x55FFF8,qword_55FFF8
0x560000,qword_560000
0x560008,qword_560008
0x560010,qword_560010
0x560018,qword_560018
0x560020,qword_560020
0x560028,qword_560028
0x560030,qword_560030
0x560038,qword_560038
0x560040,qword_560040
0x560048,qword_560048
0x560050,qword_560050
0x560058,qword_560058
0x560060,qword_560060
0x560068,qword_560068
0x560070,qword_560070
0x560078,qword_560078
0x560080,qword_560080
0x560088,qword_560088
0x560090,qword_560090
0x560098,qword_560098
0x5600A0,qword_5600A0
0x5600A8,qword_5600A8
0x5600B0,qword_5600B0
0x5600B8,qword_5600B8
0x5600C0,qword_5600C0
0x5600C8,qword_5600C8
0x5600D0,qword_5600D0
0x5600D8,qword_5600D8
0x5600E0,qword_5600E0
0x5600E8,qword_5600E8
0x5600F0,qword_5600F0
0x5600F8,qword_5600F8
0x560100,qword_560100
0x560108,qword_560108
0x560110,qword_560110
0x560118,qword_560118
0x560120,qword_560120
0x560128,qword_560128
0x560130,qword_560130
0x560138,qword_560138
0x560140,qword_560140
0x560148,qword_560148
0x560150,qword_560150
0x560158,qword_560158
0x560160,qword_560160
0x560168,qword_560168
0x560170,qword_560170
0x560178,qword_560178
0x560180,qword_560180
0x560188,qword_560188
0x560190,qword_560190
0x560198,qword_560198
0x5601A0,qword_5601A0
0x5601A8,qword_5601A8
0x5601B0,qword_5601B0
0x5601B8,qword_5601B8
0x5601C0,qword_5601C0
0x5601C8,qword_5601C8
0x5601D0,qword_5601D0
0x5601D8,qword_5601D8
0x5601E0,qword_5601E0
0x5601E8,qword_5601E8
0x5601F0,qword_5601F0
0x5601F8,qword_5601F8
0x560200,qword_560200
0x560208,qword_560208
0x560210,qword_560210
0x560218,qword_560218
0x560220,qword_560220
0x560228,qword_560228
0x560230,qword_560230
0x560238,qword_560238
0x560240,qword_560240
0x560248,qword_560248
0x560250,qword_560250
0x560258,qword_560258
0x560260,qword_560260
0x560268,qword_560268
0x560270,qword_560270
0x560278,qword_560278
0x560280,qword_560280
0x560288,qword_560288
0x560290,qword_560290
0x560298,qword_560298
0x5602A0,qword_5602A0
0x5602A8,qword_5602A8
0x5602B0,qword_5602B0
0x5602B8,qword_5602B8
0x5602C0,qword_5602C0
0x5602C8,qword_5602C8
0x5602D0,qword_5602D0
0x5602D8,qword_5602D8
0x5602E0,qword_5602E0
0x5602E8,qword_5602E8
0x5602F0,qword_5602F0
0x5602F8,qword_5602F8
0x560300,qword_560300
0x560308,qword_560308
0x560310,qword_560310
0x560318,qword_560318
0x560320,qword_560320
0x560328,qword_560328
0x560330,qword_560330
0x560338,qword_560338
0x560340,qword_560340
0x560348,qword_560348
0x560350,qword_560350
0x560358,qword_560358
0x560360,qword_560360
0x560368,qword_560368
0x560370,qword_560370
0x560378,qword_560378
0x560380,qword_560380
0x560388,qword_560388
0x560390,qword_560390
0x560398,qword_560398
0x5603A0,qword_5603A0
0x5603A8,qword_5603A8
0x5603B0,qword_5603B0
0x5603B8,qword_5603B8
0x5603C0,qword_5603C0
0x5603C8,qword_5603C8
0x5603D0,qword_5603D0
0x5603D8,qword_5603D8
0x5603E0,qword_5603E0
0x5603E8,qword_5603E8
0x5603F0,qword_5603F0
0x5603F8,qword_5603F8
0x560400,qword_560400
0x560408,qword_560408
0x560410,qword_560410
0x560418,qword_560418
0x560420,qword_560420
0x560428,qword_560428
0x560430,qword_560430
0x560438,qword_560438
0x560440,qword_560440
0x560448,qword_560448
0x560450,qword_560450
0x560458,qword_560458
0x560460,qword_560460
0x560468,qword_560468
0x560470,qword_560470
0x560478,qword_560478
0x560480,qword_560480
0x560488,qword_560488
0x560490,qword_560490
0x560498,qword_560498
0x5604A0,qword_5604A0
0x5604A8,qword_5604A8
0x5604B0,qword_5604B0
0x5604B8,qword_5604B8
0x5604C0,qword_5604C0
0x5604C8,qword_5604C8
0x5604D0,qword_5604D0
0x5604D8,qword_5604D8
0x5604E0,qword_5604E0
0x5604E8,qword_5604E8
0x5604F0,qword_5604F0
0x5604F8,qword_5604F8
0x560500,qword_560500
0x560508,qword_560508
0x560510,qword_560510
0x560518,qword_560518
0x560520,qword_560520
0x560528,qword_560528
0x560530,qword_560530
0x560538,qword_560538
0x560540,qword_560540
0x560548,qword_560548
0x560550,qword_560550
0x560558,qword_560558
0x560560,qword_560560
0x560568,qword_560568
0x560570,qword_560570
0x560578,qword_560578
0x560580,qword_560580
0x560588,qword_560588
0x560590,qword_560590
0x560598,qword_560598
0x5605A0,qword_5605A0
0x5605A8,qword_5605A8
0x5605B0,qword_5605B0
0x5605B8,qword_5605B8
0x5605C0,qword_5605C0
0x5605C8,qword_5605C8
0x5605D0,qword_5605D0
0x5605D8,qword_5605D8
0x5605E0,qword_5605E0
0x5605E8,qword_5605E8
0x5605F0,qword_5605F0
0x5605F8,qword_5605F8
0x560600,qword_560600
0x560608,qword_560608
0x560610,qword_560610
0x560618,qword_560618
0x560620,qword_560620
0x560628,qword_560628
0x560630,qword_560630
0x560638,qword_560638
0x560640,qword_560640
0x560648,qword_560648
0x560650,qword_560650
0x560658,qword_560658
0x560660,qword_560660
0x560668,qword_560668
0x560670,qword_560670
0x560678,qword_560678
0x560680,qword_560680
0x560688,qword_560688
0x560690,qword_560690
0x560698,qword_560698
0x5606A0,qword_5606A0
0x5606A8,qword_5606A8
0x5606B0,qword_5606B0
0x5606B8,qword_5606B8
0x5606C0,qword_5606C0
0x5606C8,qword_5606C8
0x5606D0,qword_5606D0
0x5606D8,qword_5606D8
0x5606E0,qword_5606E0
0x5606E8,qword_5606E8
0x5606F0,qword_5606F0
0x5606F8,qword_5606F8
0x560700,qword_560700
0x560708,qword_560708
0x560710,qword_560710
0x560718,qword_560718
0x560720,qword_560720
0x560728,qword_560728
0x560730,qword_560730
0x560738,qword_560738
0x560740,qword_560740
0x560748,qword_560748
0x560750,qword_560750
0x560758,qword_560758
0x560760,qword_560760
0x560768,qword_560768
0x560770,qword_560770
0x560778,qword_560778
0x560780,qword_560780
0x560788,qword_560788
0x560790,qword_560790
0x560798,qword_560798
0x5607A0,qword_5607A0
0x5607A8,qword_5607A8
0x5607B0,qword_5607B0
0x5607B8,qword_5607B8
0x5607C0,qword_5607C0
0x5607C8,qword_5607C8
0x5607D0,qword_5607D0
0x5607D8,qword_5607D8
0x5607E0,qword_5607E0
0x5607E8,qword_5607E8
0x5607F0,qword_5607F0
0x5607F8,qword_5607F8
0x560800,qword_560800
0x560808,qword_560808
0x560810,qword_560810
0x560818,qword_560818
0x560820,qword_560820
0x560828,qword_560828
0x560830,qword_560830
0x560838,qword_560838
0x560840,qword_560840
0x560848,qword_560848
0x560850,qword_560850
0x560858,qword_560858
0x560860,qword_560860
0x560868,qword_560868
0x560870,qword_560870
0x560878,qword_560878
0x560880,qword_560880
0x560888,qword_560888
0x560890,qword_560890
0x560898,qword_560898
0x5608A0,qword_5608A0
0x5608A8,qword_5608A8
0x5608B0,qword_5608B0
0x5608B8,qword_5608B8
0x5608C0,qword_5608C0
0x5608C8,qword_5608C8
0x5608D0,qword_5608D0
0x5608D8,qword_5608D8
0x5608E0,qword_5608E0
0x5608E8,qword_5608E8
0x5608F0,qword_5608F0
0x5608F8,qword_5608F8
0x560900,qword_560900
0x560908,qword_560908
0x560910,qword_560910
0x560918,qword_560918
0x560920,qword_560920
0x560928,qword_560928
0x560930,qword_560930
0x560938,qword_560938
0x560940,qword_560940
0x560948,qword_560948
0x560950,qword_560950
0x560958,qword_560958
0x560960,qword_560960
0x560968,qword_560968
0x560970,qword_560970
0x560978,qword_560978
0x560980,qword_560980
0x560988,qword_560988
0x560990,qword_560990
0x560998,qword_560998
0x5609A0,qword_5609A0
0x5609A8,qword_5609A8
0x5609B0,qword_5609B0
0x5609B8,qword_5609B8
0x5609C0,qword_5609C0
0x5609C8,qword_5609C8
0x5609D0,qword_5609D0
0x5609D8,qword_5609D8
0x5609E0,qword_5609E0
0x5609E8,qword_5609E8
0x5609F0,qword_5609F0
0x5609F8,qword_5609F8
0x560A00,qword_560A00
0x560A08,qword_560A08
0x560A10,qword_560A10
0x560A18,qword_560A18
0x560A20,qword_560A20
0x560A28,qword_560A28
0x560A30,qword_560A30
0x560A38,qword_560A38
0x560A40,qword_560A40
0x560A48,qword_560A48
0x560A50,qword_560A50
0x560A58,qword_560A58
0x560A60,qword_560A60
0x560A68,qword_560A68
0x560A70,qword_560A70
0x560A78,qword_560A78
0x560A80,qword_560A80
0x560A88,qword_560A88
0x560A90,qword_560A90
0x560A98,qword_560A98
0x560AA0,qword_560AA0
0x560AA8,qword_560AA8
0x560AB0,qword_560AB0
0x560AB8,qword_560AB8
0x560AC0,qword_560AC0
0x560AC8,qword_560AC8
0x560AD0,qword_560AD0
0x560AD8,qword_560AD8
0x560AE0,qword_560AE0
0x560AE8,qword_560AE8
0x560AF0,qword_560AF0
0x560AF8,qword_560AF8
0x560B00,qword_560B00
0x560B08,qword_560B08
0x560B10,qword_560B10
0x560B18,qword_560B18
0x560B20,qword_560B20
0x560B28,qword_560B28
0x560B30,qword_560B30
0x560B38,qword_560B38
0x560B40,qword_560B40
0x560B48,qword_560B48
0x560B50,qword_560B50
0x560B58,qword_560B58
0x560B60,qword_560B60
0x560B68,qword_560B68
0x560B70,qword_560B70
0x560B78,qword_560B78
0x560B80,qword_560B80
0x560B88,qword_560B88
0x560B90,qword_560B90
0x560B98,qword_560B98
0x560BA0,qword_560BA0
0x560BA8,qword_560BA8
0x560BB0,qword_560BB0
0x560BB8,qword_560BB8
0x560BC0,qword_560BC0
0x560BC8,qword_560BC8
0x560BD0,qword_560BD0
0x560BD8,qword_560BD8
0x560BE0,qword_560BE0
0x560BE8,qword_560BE8
0x560BF0,qword_560BF0
0x560BF8,qword_560BF8
0x560C00,qword_560C00
0x560C08,qword_560C08
0x560C10,qword_560C10
0x560C18,qword_560C18
0x560C20,qword_560C20
0x560C28,qword_560C28
0x560C30,qword_560C30
0x560C38,qword_560C38
0x560C40,qword_560C40
0x560C48,qword_560C48
0x560C50,qword_560C50
0x560C58,qword_560C58
0x560C60,qword_560C60
0x560C68,qword_560C68
0x560C70,qword_560C70
0x560C78,qword_560C78
0x560C80,qword_560C80
0x560C88,qword_560C88
0x560C90,qword_560C90
0x560C98,qword_560C98
0x560CA0,qword_560CA0
0x560CA8,qword_560CA8
0x560CB0,qword_560CB0
0x560CB8,qword_560CB8
0x560CC0,qword_560CC0
0x560CC8,qword_560CC8
0x560CD0,qword_560CD0
0x560CD8,qword_560CD8
0x560CE0,qword_560CE0
0x560CE8,qword_560CE8
0x560CF0,qword_560CF0
0x560CF8,qword_560CF8
0x560D00,qword_560D00
0x560D08,qword_560D08
0x560D10,qword_560D10
0x560D18,qword_560D18
0x560D20,qword_560D20
0x560D28,qword_560D28
0x560D30,qword_560D30
0x560D38,qword_560D38
0x560D40,qword_560D40
0x560D48,qword_560D48
0x560D50,qword_560D50
0x560D58,qword_560D58
0x560D60,qword_560D60
0x560D68,qword_560D68
0x560D70,qword_560D70
0x560D78,qword_560D78
0x560D80,qword_560D80
0x560D88,qword_560D88
0x560D90,qword_560D90
0x560D98,qword_560D98
0x560DA0,qword_560DA0
0x560DA8,qword_560DA8
0x560DB0,qword_560DB0
0x560DB8,qword_560DB8
0x560DC0,qword_560DC0
0x560DC8,qword_560DC8
0x560DD0,qword_560DD0
0x560DD8,qword_560DD8
0x560DE0,qword_560DE0
0x560DE8,qword_560DE8
0x560DF0,qword_560DF0
0x560DF8,qword_560DF8
0x560E00,qword_560E00
0x560E08,qword_560E08
0x560E10,qword_560E10
0x560E18,qword_560E18
0x560E20,qword_560E20
0x560E28,qword_560E28
0x560E30,qword_560E30
0x560E38,qword_560E38
0x560E40,qword_560E40
0x560E48,qword_560E48
0x560E50,qword_560E50
0x560E58,qword_560E58
0x560E60,qword_560E60
0x560E68,qword_560E68
0x560E70,qword_560E70
0x560E78,qword_560E78
0x560E80,qword_560E80
0x560E88,qword_560E88
0x560E90,qword_560E90
0x560E98,qword_560E98
0x560EA0,qword_560EA0
0x560EA8,qword_560EA8
0x560EB0,qword_560EB0
0x560EB8,qword_560EB8
0x560EC0,qword_560EC0
0x560EC8,qword_560EC8
0x560ED0,qword_560ED0
0x560ED8,qword_560ED8
0x560EE0,qword_560EE0
0x560EE8,qword_560EE8
0x560EF0,qword_560EF0
0x560EF8,qword_560EF8
0x560F00,qword_560F00
0x560F08,qword_560F08
0x560F10,qword_560F10
0x560F18,qword_560F18
0x560F20,qword_560F20
0x560F28,qword_560F28
0x560F30,qword_560F30
0x560F38,qword_560F38
0x560F40,qword_560F40
0x560F48,qword_560F48
0x560F50,qword_560F50
0x560F58,qword_560F58
0x560F60,qword_560F60
0x560F68,qword_560F68
0x560F70,qword_560F70
0x560F78,qword_560F78
0x560F80,qword_560F80
0x560F88,qword_560F88
0x560F90,qword_560F90
0x560F98,qword_560F98
0x560FA0,qword_560FA0
0x560FA8,qword_560FA8
0x560FB0,qword_560FB0
0x560FB8,qword_560FB8
0x560FC0,qword_560FC0
0x560FC8,qword_560FC8
0x560FD0,qword_560FD0
0x560FD8,qword_560FD8
0x560FE0,qword_560FE0
0x560FE8,qword_560FE8
0x560FF0,qword_560FF0
0x560FF8,qword_560FF8
0x561000,qword_561000
0x561008,qword_561008
0x561010,qword_561010
0x561018,qword_561018
0x561020,qword_561020
0x561028,qword_561028
0x561030,qword_561030
0x561038,qword_561038
0x561040,qword_561040
0x561048,qword_561048
0x561050,qword_561050
0x561058,qword_561058
0x561060,qword_561060
0x561068,qword_561068
0x561070,qword_561070
0x561078,qword_561078
0x561080,qword_561080
0x561088,qword_561088
0x561090,qword_561090
0x561098,qword_561098
0x5610A0,qword_5610A0
0x5610A8,qword_5610A8
0x5610B0,qword_5610B0
0x5610B8,qword_5610B8
0x5610C0,qword_5610C0
0x5610C8,qword_5610C8
0x5610D0,qword_5610D0
0x5610D8,qword_5610D8
0x5610E0,qword_5610E0
0x5610E8,qword_5610E8
0x5610F0,qword_5610F0
0x5610F8,qword_5610F8
0x561100,qword_561100
0x561108,qword_561108
0x561110,qword_561110
0x561118,qword_561118
0x561120,qword_561120
0x561128,qword_561128
0x561130,qword_561130
0x561138,qword_561138
0x561140,qword_561140
0x561148,qword_561148
0x561150,qword_561150
0x561158,qword_561158
0x561160,qword_561160
0x561168,qword_561168
0x561170,qword_561170
0x561178,qword_561178
0x561180,qword_561180
0x561188,qword_561188
0x561190,qword_561190
0x561198,qword_561198
0x5611A0,qword_5611A0
0x5611A8,qword_5611A8
0x5611B0,qword_5611B0
0x5611B8,qword_5611B8
0x5611C0,qword_5611C0
0x5611C8,qword_5611C8
0x5611D0,qword_5611D0
0x5611D8,qword_5611D8
0x5611E0,qword_5611E0
0x5611E8,qword_5611E8
0x5611F0,qword_5611F0
0x5611F8,qword_5611F8
0x561200,qword_561200
0x561208,qword_561208
0x561210,qword_561210
0x561218,qword_561218
0x561220,qword_561220
0x561228,qword_561228
0x561230,qword_561230
0x561238,qword_561238
0x561240,qword_561240
0x561248,qword_561248
0x561250,qword_561250
0x561258,qword_561258
0x561260,qword_561260
0x561268,qword_561268
0x561270,qword_561270
0x561278,qword_561278
0x561280,qword_561280
0x561288,qword_561288
0x561290,qword_561290
0x561298,qword_561298
0x5612A0,qword_5612A0
0x5612A8,qword_5612A8
0x5612B0,qword_5612B0
0x5612B8,qword_5612B8
0x5612C0,qword_5612C0
0x5612C8,qword_5612C8
0x5612D0,qword_5612D0
0x5612D8,qword_5612D8
0x5612E0,qword_5612E0
0x5612E8,qword_5612E8
0x5612F0,qword_5612F0
0x5612F8,qword_5612F8
0x561300,qword_561300
0x561308,qword_561308
0x561310,qword_561310
0x561318,qword_561318
0x561320,qword_561320
0x561328,qword_561328
0x561330,qword_561330
0x561338,qword_561338
0x561340,qword_561340
0x561348,qword_561348
0x561350,qword_561350
0x561358,qword_561358
0x561360,qword_561360
0x561368,qword_561368
0x561370,qword_561370
0x561378,qword_561378
0x561380,qword_561380
0x561388,qword_561388
0x561390,qword_561390
0x561398,qword_561398
0x5613A0,qword_5613A0
0x5613A8,qword_5613A8
0x5613B0,qword_5613B0
0x5613B8,qword_5613B8
0x5613C0,qword_5613C0
0x5613C8,qword_5613C8
0x5613D0,qword_5613D0
0x5613D8,qword_5613D8
0x5613E0,qword_5613E0
0x5613E8,qword_5613E8
0x5613F0,qword_5613F0
0x5613F8,qword_5613F8
0x561400,qword_561400
0x561408,qword_561408
0x561410,qword_561410
0x561418,qword_561418
0x561420,qword_561420
0x561428,qword_561428
0x561430,qword_561430
0x561438,qword_561438
0x561440,qword_561440
0x561448,qword_561448
0x561450,qword_561450
0x561458,qword_561458
0x561460,qword_561460
0x561468,qword_561468
0x561470,qword_561470
0x561478,qword_561478
0x561480,qword_561480
0x561488,qword_561488
0x561490,qword_561490
0x561498,qword_561498
0x5614A0,qword_5614A0
0x5614A8,qword_5614A8
0x5614B0,qword_5614B0
0x5614B8,qword_5614B8
0x5614C0,qword_5614C0
0x5614C8,qword_5614C8
0x5614D0,qword_5614D0
0x5614D8,qword_5614D8
0x5614E0,qword_5614E0
0x5614E8,qword_5614E8
0x5614F0,qword_5614F0
0x5614F8,qword_5614F8
0x561500,qword_561500
0x561508,qword_561508
0x561510,qword_561510
0x561518,qword_561518
0x561520,qword_561520
0x561528,qword_561528
0x561530,qword_561530
0x561538,qword_561538
0x561540,qword_561540
0x561548,qword_561548
0x561550,qword_561550
0x561558,qword_561558
0x561560,qword_561560
0x561568,qword_561568
0x561570,qword_561570
0x561578,qword_561578
0x561580,qword_561580
0x561588,qword_561588
0x561590,qword_561590
0x561598,qword_561598
0x5615A0,qword_5615A0
0x5615A8,qword_5615A8
0x5615B0,qword_5615B0
0x5615B8,qword_5615B8
0x5615C0,qword_5615C0
0x5615C8,qword_5615C8
0x5615D0,qword_5615D0
0x5615D8,qword_5615D8
0x5615E0,qword_5615E0
0x5615E8,qword_5615E8
0x5615F0,qword_5615F0
0x5615F8,qword_5615F8
0x561600,qword_561600
0x561608,qword_561608
0x561610,qword_561610
0x561618,qword_561618
0x561620,qword_561620
0x561628,qword_561628
0x561630,qword_561630
0x561638,qword_561638
0x561640,qword_561640
0x561648,qword_561648
0x561650,qword_561650
0x561658,qword_561658
0x561660,qword_561660
0x561668,qword_561668
0x561670,qword_561670
0x561678,qword_561678
0x561680,qword_561680
0x561688,qword_561688
0x561690,qword_561690
0x561698,qword_561698
0x5616A0,qword_5616A0
0x5616A8,qword_5616A8
0x5616B0,qword_5616B0
0x5616B8,qword_5616B8
0x5616C0,qword_5616C0
0x5616C8,qword_5616C8
0x5616D0,qword_5616D0
0x5616D8,qword_5616D8
0x5616E0,qword_5616E0
0x5616E8,qword_5616E8
0x5616F0,qword_5616F0
0x5616F8,qword_5616F8
0x561700,qword_561700
0x561708,qword_561708
0x561710,qword_561710
0x561718,qword_561718
0x561720,qword_561720
0x561728,qword_561728
0x561730,qword_561730
0x561738,qword_561738
0x561740,qword_561740
0x561748,qword_561748
0x561750,qword_561750
0x561758,qword_561758
0x561760,qword_561760
0x561768,qword_561768
0x561770,qword_561770
0x561778,qword_561778
0x561780,qword_561780
0x561788,qword_561788
0x561790,qword_561790
0x561798,qword_561798
0x5617A0,qword_5617A0
0x5617A8,qword_5617A8
0x5617B0,qword_5617B0
0x5617B8,qword_5617B8
0x5617C0,qword_5617C0
0x5617C8,qword_5617C8
0x5617D0,qword_5617D0
0x5617D8,qword_5617D8
0x5617E0,qword_5617E0
0x5617E8,qword_5617E8
0x5617F0,qword_5617F0
0x5617F8,qword_5617F8
0x561800,qword_561800
0x561808,qword_561808
0x561810,qword_561810
0x561818,qword_561818
0x561820,qword_561820
0x561828,qword_561828
0x561830,qword_561830
0x561838,qword_561838
0x561840,qword_561840
0x561848,qword_561848
0x561850,qword_561850
0x561858,qword_561858
0x561860,qword_561860
0x561868,qword_561868
0x561870,qword_561870
0x561878,qword_561878
0x561880,qword_561880
0x561888,qword_561888
0x561890,qword_561890
0x561898,qword_561898
0x5618A0,qword_5618A0
0x5618A8,qword_5618A8
0x5618B0,qword_5618B0
0x5618B8,qword_5618B8
0x5618C0,qword_5618C0
0x5618C8,qword_5618C8
0x5618D0,qword_5618D0
0x5618D8,qword_5618D8
0x5618E0,qword_5618E0
0x5618E8,qword_5618E8
0x5618F0,qword_5618F0
0x5618F8,qword_5618F8
0x561900,qword_561900
0x561908,qword_561908
0x561910,qword_561910
0x561918,qword_561918
0x561920,qword_561920
0x561928,qword_561928
0x561930,qword_561930
0x561938,qword_561938
0x561940,qword_561940
0x561948,qword_561948
0x561950,qword_561950
0x561958,qword_561958
0x561960,qword_561960
0x561968,qword_561968
0x561970,qword_561970
0x561978,qword_561978
0x561980,qword_561980
0x561988,qword_561988
0x561990,qword_561990
0x561998,qword_561998
0x5619A0,qword_5619A0
0x5619A8,qword_5619A8
0x5619B0,qword_5619B0
0x5619B8,qword_5619B8
0x5619C0,qword_5619C0
0x5619C8,qword_5619C8
0x5619D0,qword_5619D0
0x5619D8,qword_5619D8
0x5619E0,qword_5619E0
0x5619E8,qword_5619E8
0x5619F0,qword_5619F0
0x5619F8,qword_5619F8
0x561A00,qword_561A00
0x561A08,qword_561A08
0x561A10,qword_561A10
0x561A18,qword_561A18
0x561A20,qword_561A20
0x561A28,qword_561A28
0x561A30,qword_561A30
0x561A38,qword_561A38
0x561A40,qword_561A40
0x561A48,qword_561A48
0x561A50,qword_561A50
0x561A58,qword_561A58
0x561A60,qword_561A60
0x561A68,qword_561A68
0x561A70,qword_561A70
0x561A78,qword_561A78
0x561A80,qword_561A80
0x561A88,qword_561A88
0x561A90,qword_561A90
0x561A98,qword_561A98
0x561AA0,qword_561AA0
0x561AA8,qword_561AA8
0x561AB0,qword_561AB0
0x561AB8,qword_561AB8
0x561AC0,qword_561AC0
0x561AC8,qword_561AC8
0x561AD0,qword_561AD0
0x561AD8,qword_561AD8
0x561AE0,qword_561AE0
0x561AE8,qword_561AE8
0x561AF0,qword_561AF0
0x561AF8,qword_561AF8
0x561B00,qword_561B00
0x561B08,qword_561B08
0x561B10,qword_561B10
0x561B18,qword_561B18
0x561B20,qword_561B20
0x561B28,qword_561B28
0x561B30,qword_561B30
0x561B38,qword_561B38
0x561B40,qword_561B40
0x561B48,qword_561B48
0x561B50,qword_561B50
0x561B58,qword_561B58
0x561B60,qword_561B60
0x561B68,qword_561B68
0x561B70,qword_561B70
0x561B78,qword_561B78
0x561B80,qword_561B80
0x561B88,qword_561B88
0x561B90,qword_561B90
0x561B98,qword_561B98
0x561BA0,qword_561BA0
0x561BA8,qword_561BA8
0x561BB0,qword_561BB0
0x561BB8,qword_561BB8
0x561BC0,qword_561BC0
0x561BC8,qword_561BC8
0x561BD0,qword_561BD0
0x561BD8,qword_561BD8
0x561BE0,qword_561BE0
0x561BE8,qword_561BE8
0x561BF0,qword_561BF0
0x561BF8,qword_561BF8
0x561C00,qword_561C00
0x561C08,qword_561C08
0x561C10,qword_561C10
0x561C18,qword_561C18
0x561C20,qword_561C20
0x561C28,qword_561C28
0x561C30,qword_561C30
0x561C38,qword_561C38
0x561C40,qword_561C40
0x561C48,qword_561C48
0x561C50,qword_561C50
0x561C58,qword_561C58
0x561C60,qword_561C60
0x561C68,qword_561C68
0x561C70,qword_561C70
0x561C78,qword_561C78
0x561C80,qword_561C80
0x561C88,qword_561C88
0x561C90,qword_561C90
0x561C98,qword_561C98
0x561CA0,qword_561CA0
0x561CA8,qword_561CA8
0x561CB0,qword_561CB0
0x561CB8,qword_561CB8
0x561CC0,qword_561CC0
0x561CC8,qword_561CC8
0x561CD0,qword_561CD0
0x561CD8,qword_561CD8
0x561CE0,qword_561CE0
0x561CE8,qword_561CE8
0x561CF0,qword_561CF0
0x561CF8,qword_561CF8
0x561D00,qword_561D00
0x561D08,qword_561D08
0x561D10,qword_561D10
0x561D18,qword_561D18
0x561D20,qword_561D20
0x561D28,qword_561D28
0x561D30,qword_561D30
0x561D38,qword_561D38
0x561D40,qword_561D40
0x561D48,qword_561D48
0x561D50,qword_561D50
0x561D58,qword_561D58
0x561D60,qword_561D60
0x561D68,qword_561D68
0x561D70,qword_561D70
0x561D78,qword_561D78
0x561D80,qword_561D80
0x561D88,qword_561D88
0x561D90,qword_561D90
0x561D98,qword_561D98
0x561DA0,qword_561DA0
0x561DA8,qword_561DA8
0x561DB0,qword_561DB0
0x561DB8,qword_561DB8
0x561DC0,qword_561DC0
0x561DC8,qword_561DC8
0x561DD0,qword_561DD0
0x561DD8,qword_561DD8
0x561DE0,qword_561DE0
0x561DE8,qword_561DE8
0x561DF0,qword_561DF0
0x561DF8,qword_561DF8
0x561E00,qword_561E00
0x561E08,qword_561E08
0x561E10,qword_561E10
0x561E18,qword_561E18
0x561E20,qword_561E20
0x561E28,qword_561E28
0x561E30,qword_561E30
0x561E38,qword_561E38
0x561E40,qword_561E40
0x561E48,qword_561E48
0x561E50,qword_561E50
0x561E58,qword_561E58
0x561E60,qword_561E60
0x561E68,qword_561E68
0x561E70,qword_561E70
0x561E78,qword_561E78
0x561E80,qword_561E80
0x561E88,qword_561E88
0x561E90,qword_561E90
0x561E98,qword_561E98
0x561EA0,qword_561EA0
0x561EA8,qword_561EA8
0x561EB0,qword_561EB0
0x561EB8,qword_561EB8
0x561EC0,qword_561EC0
0x561EC8,qword_561EC8
0x561ED0,qword_561ED0
0x561ED8,qword_561ED8
0x561EE0,qword_561EE0
0x561EE8,qword_561EE8
0x561EF0,qword_561EF0
0x561EF8,qword_561EF8
0x561F00,qword_561F00
0x561F08,qword_561F08
0x561F10,qword_561F10
0x561F18,qword_561F18
0x561F20,qword_561F20
0x561F28,qword_561F28
0x561F30,qword_561F30
0x561F38,qword_561F38
0x561F40,qword_561F40
0x561F48,qword_561F48
0x561F50,qword_561F50
0x561F58,qword_561F58
0x561F60,qword_561F60
0x561F68,qword_561F68
0x561F70,qword_561F70
0x561F78,qword_561F78
0x561F80,qword_561F80
0x561F88,qword_561F88
0x561F90,qword_561F90
0x561F98,qword_561F98
0x561FA0,qword_561FA0
0x561FA8,qword_561FA8
0x561FB0,qword_561FB0
0x561FB8,qword_561FB8
0x561FC0,qword_561FC0
0x561FC8,qword_561FC8
0x561FD0,qword_561FD0
0x561FD8,qword_561FD8
0x561FE0,qword_561FE0
0x561FE8,qword_561FE8
0x561FF0,qword_561FF0
0x561FF8,qword_561FF8
0x562000,qword_562000
0x562008,qword_562008
0x562010,qword_562010
0x562018,qword_562018
0x562020,qword_562020
0x562028,qword_562028
0x562030,qword_562030
0x562038,qword_562038
0x562040,qword_562040
0x562048,qword_562048
0x562050,qword_562050
0x562058,qword_562058
0x562060,qword_562060
0x562068,qword_562068
0x562070,qword_562070
0x562078,qword_562078
0x562080,qword_562080
0x562088,qword_562088
0x562090,qword_562090
0x562098,qword_562098
0x5620A0,qword_5620A0
0x5620A8,qword_5620A8
0x5620B0,qword_5620B0
0x5620B8,qword_5620B8
0x5620C0,qword_5620C0
0x5620C8,qword_5620C8
0x5620D0,qword_5620D0
0x5620D8,qword_5620D8
0x5620E0,qword_5620E0
0x5620E8,qword_5620E8
0x5620F0,qword_5620F0
0x5620F8,qword_5620F8
0x562100,qword_562100
0x562108,qword_562108
0x562110,qword_562110
0x562118,qword_562118
0x562120,qword_562120
0x562128,qword_562128
0x562130,qword_562130
0x562138,qword_562138
0x562140,qword_562140
0x562148,qword_562148
0x562150,qword_562150
0x562158,qword_562158
0x562160,qword_562160
0x562168,qword_562168
0x562170,qword_562170
0x562178,qword_562178
0x562180,qword_562180
0x562188,qword_562188
0x562190,qword_562190
0x562198,qword_562198
0x5621A0,qword_5621A0
0x5621A8,qword_5621A8
0x5621B0,qword_5621B0
0x5621B8,qword_5621B8
0x5621C0,qword_5621C0
0x5621C8,qword_5621C8
0x5621D0,qword_5621D0
0x5621D8,qword_5621D8
0x5621E0,qword_5621E0
0x5621E8,qword_5621E8
0x5621F0,qword_5621F0
0x5621F8,qword_5621F8
0x562200,qword_562200
0x562208,qword_562208
0x562210,qword_562210
0x562218,qword_562218
0x562220,qword_562220
0x562228,qword_562228
0x562230,qword_562230
0x562238,qword_562238
0x562240,qword_562240
0x562248,qword_562248
0x562250,qword_562250
0x562258,qword_562258
0x562260,qword_562260
0x562268,qword_562268
0x562270,qword_562270
0x562278,qword_562278
0x562280,qword_562280
0x562288,qword_562288
0x562290,qword_562290
0x562298,qword_562298
0x5622A0,qword_5622A0
0x5622A8,qword_5622A8
0x5622B0,qword_5622B0
0x5622B8,qword_5622B8
0x5622C0,qword_5622C0
0x5622C8,qword_5622C8
0x5622D0,qword_5622D0
0x5622D8,qword_5622D8
0x5622E0,qword_5622E0
0x5622E8,qword_5622E8
0x5622F0,qword_5622F0
0x5622F8,qword_5622F8
0x562300,qword_562300
0x562308,qword_562308
0x562310,qword_562310
0x562318,qword_562318
0x562320,qword_562320
0x562328,qword_562328
0x562330,qword_562330
0x562338,qword_562338
0x562340,qword_562340
0x562348,qword_562348
0x562350,qword_562350
0x562358,qword_562358
0x562360,qword_562360
0x562368,qword_562368
0x562370,qword_562370
0x562378,qword_562378
0x562380,qword_562380
0x562388,qword_562388
0x562390,qword_562390
0x562398,qword_562398
0x5623A0,qword_5623A0
0x5623A8,qword_5623A8
0x5623B0,qword_5623B0
0x5623B8,qword_5623B8
0x5623C0,qword_5623C0
0x5623C8,qword_5623C8
0x5623D0,qword_5623D0
0x5623D8,qword_5623D8
0x5623E0,qword_5623E0
0x5623E8,qword_5623E8
0x5623F0,qword_5623F0
0x5623F8,qword_5623F8
0x562400,qword_562400
0x562408,qword_562408
0x562410,qword_562410
0x562418,qword_562418
0x562420,qword_562420
0x562428,qword_562428
0x562430,qword_562430
0x562438,qword_562438
0x562440,qword_562440
0x562448,qword_562448
0x562450,qword_562450
0x562458,qword_562458
0x562460,qword_562460
0x562468,qword_562468
0x562470,qword_562470
0x562478,qword_562478
0x562480,qword_562480
0x562488,qword_562488
0x562490,qword_562490
0x562498,qword_562498
0x5624A0,qword_5624A0
0x5624A8,qword_5624A8
0x5624B0,qword_5624B0
0x5624B8,qword_5624B8
0x5624C0,qword_5624C0
0x5624C8,qword_5624C8
0x5624D0,qword_5624D0
0x5624D8,qword_5624D8
0x5624E0,qword_5624E0
0x5624E8,qword_5624E8
0x5624F0,qword_5624F0
0x5624F8,qword_5624F8
0x562500,qword_562500
0x562508,qword_562508
0x562510,qword_562510
0x562518,qword_562518
0x562520,qword_562520
0x562528,qword_562528
0x562530,qword_562530
0x562538,qword_562538
0x562540,qword_562540
0x562548,qword_562548
0x562550,qword_562550
0x562558,qword_562558
0x562560,qword_562560
0x562568,qword_562568
0x562570,qword_562570
0x562578,qword_562578
0x562580,qword_562580
0x562588,qword_562588
0x562590,qword_562590
0x562598,qword_562598
0x5625A0,qword_5625A0
0x5625A8,qword_5625A8
0x5625B0,qword_5625B0
0x5625B8,qword_5625B8
0x5625C0,qword_5625C0
0x5625C8,qword_5625C8
0x5625D0,qword_5625D0
0x5625D8,qword_5625D8
0x5625E0,qword_5625E0
0x5625E8,qword_5625E8
0x5625F0,qword_5625F0
0x5625F8,qword_5625F8
0x562600,qword_562600
0x562608,qword_562608
0x562610,qword_562610
0x562618,qword_562618
0x562620,qword_562620
0x562628,qword_562628
0x562630,qword_562630
0x562638,qword_562638
0x562640,qword_562640
0x562648,qword_562648
0x562650,qword_562650
0x562658,qword_562658
0x562660,qword_562660
0x562668,qword_562668
0x562670,qword_562670
0x562678,qword_562678
0x562680,qword_562680
0x562688,qword_562688
0x562690,qword_562690
0x562698,qword_562698
0x5626A0,qword_5626A0
0x5626A8,qword_5626A8
0x5626B0,qword_5626B0
0x5626B8,qword_5626B8
0x5626C0,qword_5626C0
0x5626C8,qword_5626C8
0x5626D0,qword_5626D0
0x5626D8,qword_5626D8
0x5626E0,qword_5626E0
0x5626E8,qword_5626E8
0x5626F0,qword_5626F0
0x5626F8,qword_5626F8
0x562700,qword_562700
0x562708,qword_562708
0x562710,qword_562710
0x562718,qword_562718
0x562720,qword_562720
0x562728,qword_562728
0x562730,qword_562730
0x562738,qword_562738
0x562740,qword_562740
0x562748,qword_562748
0x562750,qword_562750
0x562758,qword_562758
0x562760,qword_562760
0x562768,qword_562768
0x562770,qword_562770
0x562778,qword_562778
0x562780,qword_562780
0x562788,qword_562788
0x562790,qword_562790
0x562798,qword_562798
0x5627A0,qword_5627A0
0x5627A8,qword_5627A8
0x5627B0,qword_5627B0
0x5627B8,qword_5627B8
0x5627C0,qword_5627C0
0x5627C8,qword_5627C8
0x5627D0,qword_5627D0
0x5627D8,qword_5627D8
0x5627E0,qword_5627E0
0x5627E8,qword_5627E8
0x5627F0,qword_5627F0
0x5627F8,qword_5627F8
0x562800,qword_562800
0x562808,qword_562808
0x562810,qword_562810
0x562818,qword_562818
0x562820,qword_562820
0x562828,qword_562828
0x562830,qword_562830
0x562838,qword_562838
0x562840,qword_562840
0x562848,qword_562848
0x562850,qword_562850
0x562858,qword_562858
0x562860,qword_562860
0x562868,qword_562868
0x562870,qword_562870
0x562878,qword_562878
0x562880,qword_562880
0x562888,qword_562888
0x562890,qword_562890
0x562898,qword_562898
0x5628A0,qword_5628A0
0x5628A8,qword_5628A8
0x5628B0,qword_5628B0
0x5628B8,qword_5628B8
0x5628C0,qword_5628C0
0x5628C8,qword_5628C8
0x5628D0,qword_5628D0
0x5628D8,qword_5628D8
0x5628E0,qword_5628E0
0x5628E8,qword_5628E8
0x5628F0,qword_5628F0
0x5628F8,qword_5628F8
0x562900,qword_562900
0x562908,qword_562908
0x562910,qword_562910
0x562918,qword_562918
0x562920,qword_562920
0x562928,qword_562928
0x562930,qword_562930
0x562938,qword_562938
0x562940,qword_562940
0x562948,qword_562948
0x562950,qword_562950
0x562958,qword_562958
0x562960,qword_562960
0x562968,qword_562968
0x562970,qword_562970
0x562978,qword_562978
0x562980,qword_562980
0x562988,qword_562988
0x562990,qword_562990
0x562998,qword_562998
0x5629A0,qword_5629A0
0x5629A8,qword_5629A8
0x5629B0,qword_5629B0
0x5629B8,qword_5629B8
0x5629C0,qword_5629C0
0x5629C8,qword_5629C8
0x5629D0,qword_5629D0
0x5629D8,qword_5629D8
0x5629E0,qword_5629E0
0x5629E8,qword_5629E8
0x5629F0,qword_5629F0
0x5629F8,qword_5629F8
0x562A00,qword_562A00
0x562A08,qword_562A08
0x562A10,qword_562A10
0x562A18,qword_562A18
0x562A20,qword_562A20
0x562A28,qword_562A28
0x562A30,qword_562A30
0x562A38,qword_562A38
0x562A40,qword_562A40
0x562A48,qword_562A48
0x562A50,qword_562A50
0x562A58,qword_562A58
0x562A60,qword_562A60
0x562A68,qword_562A68
0x562A70,qword_562A70
0x562A78,qword_562A78
0x562A80,qword_562A80
0x562A88,qword_562A88
0x562A90,qword_562A90
0x562A98,qword_562A98
0x562AA0,qword_562AA0
0x562AA8,qword_562AA8
0x562AB0,qword_562AB0
0x562AB8,qword_562AB8
0x562AC0,qword_562AC0
0x562AC8,qword_562AC8
0x562AD0,qword_562AD0
0x562AD8,qword_562AD8
0x562AE0,qword_562AE0
0x562AE8,qword_562AE8
0x562AF0,qword_562AF0
0x562AF8,qword_562AF8
0x562B00,qword_562B00
0x562B08,qword_562B08
0x562B10,qword_562B10
0x562B18,qword_562B18
0x562B20,qword_562B20
0x562B28,qword_562B28
0x562B30,qword_562B30
0x562B38,qword_562B38
0x562B40,qword_562B40
0x562B48,qword_562B48
0x562B50,qword_562B50
0x562B58,qword_562B58
0x562B60,qword_562B60
0x562B68,qword_562B68
0x562B70,qword_562B70
0x562B78,qword_562B78
0x562B80,qword_562B80
0x562B88,qword_562B88
0x562B90,qword_562B90
0x562B98,qword_562B98
0x562BA0,qword_562BA0
0x562BA8,qword_562BA8
0x562BB0,qword_562BB0
0x562BB8,qword_562BB8
0x562BC0,qword_562BC0
0x562BC8,qword_562BC8
0x562BD0,qword_562BD0
0x562BD8,qword_562BD8
0x562BE0,qword_562BE0
0x562BE8,qword_562BE8
0x562BF0,qword_562BF0
0x562BF8,qword_562BF8
0x562C00,qword_562C00
0x562C08,qword_562C08
0x562C10,qword_562C10
0x562C18,qword_562C18
0x562C20,qword_562C20
0x562C28,qword_562C28
0x562C30,qword_562C30
0x562C38,qword_562C38
0x562C40,qword_562C40
0x562C48,qword_562C48
0x562C50,qword_562C50
0x562C58,qword_562C58
0x562C60,qword_562C60
0x562C68,qword_562C68
0x562C70,qword_562C70
0x562C78,qword_562C78
0x562C80,qword_562C80
0x562C88,qword_562C88
0x562C90,qword_562C90
0x562C98,qword_562C98
0x562CA0,qword_562CA0
0x562CA8,qword_562CA8
0x562CB0,qword_562CB0
0x562CB8,qword_562CB8
0x562CC0,qword_562CC0
0x562CC8,qword_562CC8
0x562CD0,qword_562CD0
0x562CD8,qword_562CD8
0x562CE0,qword_562CE0
0x562CE8,qword_562CE8
0x562CF0,qword_562CF0
0x562CF8,qword_562CF8
0x562D00,qword_562D00
0x562D08,qword_562D08
0x562D10,qword_562D10
0x562D18,qword_562D18
0x562D20,qword_562D20
0x562D28,qword_562D28
0x562D30,qword_562D30
0x562D38,qword_562D38
0x562D40,qword_562D40
0x562D48,qword_562D48
0x562D50,qword_562D50
0x562D58,qword_562D58
0x562D60,qword_562D60
0x562D68,qword_562D68
0x562D70,qword_562D70
0x562D78,qword_562D78
0x562D80,qword_562D80
0x562D88,qword_562D88
0x562D90,qword_562D90
0x562D98,qword_562D98
0x562DA0,qword_562DA0
0x562DA8,qword_562DA8
0x562DB0,qword_562DB0
0x562DB8,qword_562DB8
0x562DC0,qword_562DC0
0x562DC8,qword_562DC8
0x562DD0,qword_562DD0
0x562DD8,qword_562DD8
0x562DE0,qword_562DE0
0x562DE8,qword_562DE8
0x562DF0,qword_562DF0
0x562DF8,qword_562DF8
0x562E00,qword_562E00
0x562E08,qword_562E08
0x562E10,qword_562E10
0x562E18,qword_562E18
0x562E20,qword_562E20
0x562E28,qword_562E28
0x562E30,qword_562E30
0x562E38,qword_562E38
0x562E40,qword_562E40
0x562E48,qword_562E48
0x562E50,qword_562E50
0x562E58,qword_562E58
0x562E60,qword_562E60
0x562E68,qword_562E68
0x562E70,qword_562E70
0x562E78,qword_562E78
0x562E80,qword_562E80
0x562E88,qword_562E88
0x562E90,qword_562E90
0x562E98,qword_562E98
0x562EA0,qword_562EA0
0x562EA8,qword_562EA8
0x562EB0,qword_562EB0
0x562EB8,qword_562EB8
0x562EC0,qword_562EC0
0x562EC8,qword_562EC8
0x562ED0,qword_562ED0
0x562ED8,qword_562ED8
0x562EE0,qword_562EE0
0x562EE8,qword_562EE8
0x562EF0,qword_562EF0
0x562EF8,qword_562EF8
0x562F00,qword_562F00
0x562F08,qword_562F08
0x562F10,qword_562F10
0x562F18,qword_562F18
0x562F20,qword_562F20
0x562F28,qword_562F28
0x562F30,qword_562F30
0x562F38,qword_562F38
0x562F40,qword_562F40
0x562F48,qword_562F48
0x562F50,qword_562F50
0x562F58,qword_562F58
0x562F60,qword_562F60
0x562F68,qword_562F68
0x562F70,qword_562F70
0x562F78,qword_562F78
0x562F80,qword_562F80
0x562F88,qword_562F88
0x562F90,qword_562F90
0x562F98,qword_562F98
0x562FA0,qword_562FA0
0x562FA8,qword_562FA8
0x562FB0,qword_562FB0
0x562FB8,qword_562FB8
0x562FC0,qword_562FC0
0x562FC8,qword_562FC8
0x562FD0,qword_562FD0
0x562FD8,qword_562FD8
0x562FE0,qword_562FE0
0x562FE8,qword_562FE8
0x562FF0,qword_562FF0
0x562FF8,qword_562FF8
0x563000,qword_563000
0x563008,qword_563008
0x563010,qword_563010
0x563018,qword_563018
0x563020,qword_563020
0x563028,qword_563028
0x563030,qword_563030
0x563038,qword_563038
0x563040,qword_563040
0x563048,qword_563048
0x563050,qword_563050
0x563058,qword_563058
0x563060,qword_563060
0x563068,qword_563068
0x563070,qword_563070
0x563078,qword_563078
0x563080,qword_563080
0x563088,qword_563088
0x563090,qword_563090
0x563098,qword_563098
0x5630A0,qword_5630A0
0x5630A8,qword_5630A8
0x5630B0,qword_5630B0
0x5630B8,qword_5630B8
0x5630C0,qword_5630C0
0x5630C8,qword_5630C8
0x5630D0,qword_5630D0
0x5630D8,qword_5630D8
0x5630E0,qword_5630E0
0x5630E8,qword_5630E8
0x5630F0,qword_5630F0
0x5630F8,qword_5630F8
0x563100,qword_563100
0x563108,qword_563108
0x563110,qword_563110
0x563118,qword_563118
0x563120,qword_563120
0x563128,qword_563128
0x563130,qword_563130
0x563138,qword_563138
0x563140,qword_563140
0x563148,qword_563148
0x563150,qword_563150
0x563158,qword_563158
0x563160,qword_563160
0x563168,qword_563168
0x563170,qword_563170
0x563178,qword_563178
0x563180,qword_563180
0x563188,qword_563188
0x563190,qword_563190
0x563198,qword_563198
0x5631A0,qword_5631A0
0x5631A8,qword_5631A8
0x5631B0,qword_5631B0
0x5631B8,qword_5631B8
0x5631C0,qword_5631C0
0x5631C8,qword_5631C8
0x5631D0,qword_5631D0
0x5631D8,qword_5631D8
0x5631E0,qword_5631E0
0x5631E8,qword_5631E8
0x5631F0,qword_5631F0
0x5631F8,qword_5631F8
0x563200,qword_563200
0x563208,qword_563208
0x563210,qword_563210
0x563218,qword_563218
0x563220,qword_563220
0x563228,qword_563228
0x563230,qword_563230
0x563238,qword_563238
0x563240,qword_563240
0x563248,qword_563248
0x563250,qword_563250
0x563258,qword_563258
0x563260,qword_563260
0x563268,qword_563268
0x563270,qword_563270
0x563278,qword_563278
0x563280,qword_563280
0x563288,qword_563288
0x563290,qword_563290
0x563298,qword_563298
0x5632A0,qword_5632A0
0x5632A8,qword_5632A8
0x5632B0,qword_5632B0
0x5632B8,qword_5632B8
0x5632C0,qword_5632C0
0x5632C8,qword_5632C8
0x5632D0,qword_5632D0
0x5632D8,qword_5632D8
0x5632E0,qword_5632E0
0x5632E8,qword_5632E8
0x5632F0,qword_5632F0
0x5632F8,qword_5632F8
0x563300,qword_563300
0x563308,qword_563308
0x563310,qword_563310
0x563318,qword_563318
0x563320,qword_563320
0x563328,qword_563328
0x563330,qword_563330
0x563338,qword_563338
0x563340,qword_563340
0x563348,qword_563348
0x563350,qword_563350
0x563358,qword_563358
0x563360,qword_563360
0x563368,qword_563368
0x563370,qword_563370
0x563378,qword_563378
0x563380,qword_563380
0x563388,qword_563388
0x563390,qword_563390
0x563398,qword_563398
0x5633A0,qword_5633A0
0x5633A8,qword_5633A8
0x5633B0,qword_5633B0
0x5633B8,qword_5633B8
0x5633C0,qword_5633C0
0x5633C8,qword_5633C8
0x5633D0,qword_5633D0
0x5633D8,qword_5633D8
0x5633E0,qword_5633E0
0x5633E8,qword_5633E8
0x5633F0,qword_5633F0
0x5633F8,qword_5633F8
0x563400,qword_563400
0x563408,qword_563408
0x563410,qword_563410
0x563418,qword_563418
0x563420,qword_563420
0x563428,qword_563428
0x563430,qword_563430
0x563438,qword_563438
0x563440,qword_563440
0x563448,qword_563448
0x563450,qword_563450
0x563458,qword_563458
0x563460,qword_563460
0x563468,qword_563468
0x563470,qword_563470
0x563478,qword_563478
0x563480,qword_563480
0x563488,qword_563488
0x563490,qword_563490
0x563498,qword_563498
0x5634A0,qword_5634A0
0x5634A8,qword_5634A8
0x5634B0,qword_5634B0
0x5634B8,qword_5634B8
0x5634C0,qword_5634C0
0x5634C8,qword_5634C8
0x5634D0,qword_5634D0
0x5634D8,qword_5634D8
0x5634E0,qword_5634E0
0x5634E8,qword_5634E8
0x5634F0,qword_5634F0
0x5634F8,qword_5634F8
0x563500,qword_563500
0x563508,qword_563508
0x563510,qword_563510
0x563518,qword_563518
0x563520,qword_563520
0x563528,qword_563528
0x563530,qword_563530
0x563538,qword_563538
0x563540,qword_563540
0x563548,qword_563548
0x563550,qword_563550
0x563558,qword_563558
0x563560,qword_563560
0x563568,qword_563568
0x563570,qword_563570
0x563578,qword_563578
0x563580,qword_563580
0x563588,qword_563588
0x563590,qword_563590
0x563598,qword_563598
0x5635A0,qword_5635A0
0x5635A8,qword_5635A8
0x5635B0,qword_5635B0
0x5635B8,qword_5635B8
0x5635C0,qword_5635C0
0x5635C8,qword_5635C8
0x5635D0,qword_5635D0
0x5635D8,qword_5635D8
0x5635E0,qword_5635E0
0x5635E8,qword_5635E8
0x5635F0,qword_5635F0
0x5635F8,qword_5635F8
0x563600,qword_563600
0x563608,qword_563608
0x563610,qword_563610
0x563618,qword_563618
0x563620,qword_563620
0x563628,qword_563628
0x563630,qword_563630
0x563638,qword_563638
0x563640,qword_563640
0x563648,qword_563648
0x563650,qword_563650
0x563658,qword_563658
0x563660,qword_563660
0x563668,qword_563668
0x563670,qword_563670
0x563678,qword_563678
0x563680,qword_563680
0x563688,qword_563688
0x563690,qword_563690
0x563698,qword_563698
0x5636A0,qword_5636A0
0x5636A8,qword_5636A8
0x5636B0,qword_5636B0
0x5636B8,qword_5636B8
0x5636C0,qword_5636C0
0x5636C8,qword_5636C8
0x5636D0,qword_5636D0
0x5636D8,qword_5636D8
0x5636E0,qword_5636E0
0x5636E8,qword_5636E8
0x5636F0,qword_5636F0
0x5636F8,qword_5636F8
0x563700,qword_563700
0x563708,qword_563708
0x563710,qword_563710
0x563718,qword_563718
0x563720,qword_563720
0x563728,qword_563728
0x563730,qword_563730
0x563738,qword_563738
0x563740,qword_563740
0x563748,qword_563748
0x563750,qword_563750
0x563758,qword_563758
0x563760,qword_563760
0x563768,qword_563768
0x563770,qword_563770
0x563778,qword_563778
0x563780,qword_563780
0x563788,qword_563788
0x563790,qword_563790
0x563798,qword_563798
0x5637A0,qword_5637A0
0x5637A8,qword_5637A8
0x5637B0,qword_5637B0
0x5637B8,qword_5637B8
0x5637C0,qword_5637C0
0x5637C8,qword_5637C8
0x5637D0,qword_5637D0
0x5637D8,qword_5637D8
0x5637E0,qword_5637E0
0x5637E8,qword_5637E8
0x5637F0,qword_5637F0
0x5637F8,qword_5637F8
0x563800,qword_563800
0x563808,qword_563808
0x563810,qword_563810
0x563818,qword_563818
0x563820,qword_563820
0x563828,qword_563828
0x563830,qword_563830
0x563838,qword_563838
0x563840,qword_563840
0x563848,qword_563848
0x563850,qword_563850
0x563858,qword_563858
0x563860,qword_563860
0x563868,qword_563868
0x563870,qword_563870
0x563878,qword_563878
0x563880,qword_563880
0x563888,qword_563888
0x563890,qword_563890
0x563898,qword_563898
0x5638A0,qword_5638A0
0x5638A8,qword_5638A8
0x5638B0,qword_5638B0
0x5638B8,qword_5638B8
0x5638C0,qword_5638C0
0x5638C8,qword_5638C8
0x5638D0,qword_5638D0
0x5638D8,qword_5638D8
0x5638E0,qword_5638E0
0x5638E8,qword_5638E8
0x5638F0,qword_5638F0
0x5638F8,qword_5638F8
0x563900,qword_563900
0x563908,qword_563908
0x563910,qword_563910
0x563918,qword_563918
0x563920,qword_563920
0x563928,qword_563928
0x563930,qword_563930
0x563938,qword_563938
0x563940,qword_563940
0x563948,qword_563948
0x563950,qword_563950
0x563958,qword_563958
0x563960,qword_563960
0x563968,qword_563968
0x563970,qword_563970
0x563978,qword_563978
0x563980,qword_563980
0x563988,qword_563988
0x563990,qword_563990
0x563998,qword_563998
0x5639A0,qword_5639A0
0x5639A8,qword_5639A8
0x5639B0,qword_5639B0
0x5639B8,qword_5639B8
0x5639C0,qword_5639C0
0x5639C8,qword_5639C8
0x5639D0,qword_5639D0
0x5639D8,qword_5639D8
0x5639E0,qword_5639E0
0x5639E8,qword_5639E8
0x5639F0,qword_5639F0
0x5639F8,qword_5639F8
0x563A00,qword_563A00
0x563A08,qword_563A08
0x563A10,qword_563A10
0x563A18,qword_563A18
0x563A20,qword_563A20
0x563A28,qword_563A28
0x563A30,qword_563A30
0x563A38,qword_563A38
0x563A40,qword_563A40
0x563A48,qword_563A48
0x563A50,qword_563A50
0x563A58,qword_563A58
0x563A60,qword_563A60
0x563A68,qword_563A68
0x563A70,qword_563A70
0x563A78,qword_563A78
0x563A80,qword_563A80
0x563A88,qword_563A88
0x563A90,qword_563A90
0x563A98,qword_563A98
0x563AA0,qword_563AA0
0x563AA8,qword_563AA8
0x563AB0,qword_563AB0
0x563AB8,qword_563AB8
0x563AC0,qword_563AC0
0x563AC8,qword_563AC8
0x563AD0,qword_563AD0
0x563AD8,qword_563AD8
0x563AE0,qword_563AE0
0x563AE8,qword_563AE8
0x563AF0,qword_563AF0
0x563AF8,qword_563AF8
0x563B00,qword_563B00
0x563B08,qword_563B08
0x563B10,qword_563B10
0x563B18,qword_563B18
0x563B20,qword_563B20
0x563B28,qword_563B28
0x563B30,qword_563B30
0x563B38,qword_563B38
0x563B40,qword_563B40
0x563B48,qword_563B48
0x563B50,qword_563B50
0x563B58,qword_563B58
0x563B60,qword_563B60
0x563B68,qword_563B68
0x563B70,qword_563B70
0x563B78,qword_563B78
0x563B80,qword_563B80
0x563B88,qword_563B88
0x563B90,qword_563B90
0x563B98,qword_563B98
0x563BA0,qword_563BA0
0x563BA8,qword_563BA8
0x563BB0,qword_563BB0
0x563BB8,qword_563BB8
0x563BC0,qword_563BC0
0x563BC8,qword_563BC8
0x563BD0,qword_563BD0
0x563BD8,qword_563BD8
0x563BE0,qword_563BE0
0x563BE8,qword_563BE8
0x563BF0,qword_563BF0
0x563BF8,qword_563BF8
0x563C00,qword_563C00
0x563C08,qword_563C08
0x563C10,qword_563C10
0x563C18,qword_563C18
0x563C20,qword_563C20
0x563C28,qword_563C28
0x563C30,qword_563C30
0x563C38,qword_563C38
0x563C40,qword_563C40
0x563C48,qword_563C48
0x563C50,qword_563C50
0x563C58,qword_563C58
0x563C60,qword_563C60
0x563C68,qword_563C68
0x563C70,qword_563C70
0x563C78,qword_563C78
0x563C80,qword_563C80
0x563C88,qword_563C88
0x563C90,qword_563C90
0x563C98,qword_563C98
0x563CA0,qword_563CA0
0x563CA8,qword_563CA8
0x563CB0,qword_563CB0
0x563CB8,qword_563CB8
0x563CC0,qword_563CC0
0x563CC8,qword_563CC8
0x563CD0,qword_563CD0
0x563CD8,qword_563CD8
0x563CE0,qword_563CE0
0x563CE8,qword_563CE8
0x563CF0,qword_563CF0
0x563CF8,qword_563CF8
0x563D00,qword_563D00
0x563D08,qword_563D08
0x563D10,qword_563D10
0x563D18,qword_563D18
0x563D20,qword_563D20
0x563D28,qword_563D28
0x563D30,qword_563D30
0x563D38,qword_563D38
0x563D40,qword_563D40
0x563D48,qword_563D48
0x563D50,qword_563D50
0x563D58,qword_563D58
0x563D60,qword_563D60
0x563D68,qword_563D68
0x563D70,qword_563D70
0x563D78,qword_563D78
0x563D80,qword_563D80
0x563D88,qword_563D88
0x563D90,qword_563D90
0x563D98,qword_563D98
0x563DA0,qword_563DA0
0x563DA8,qword_563DA8
0x563DB0,qword_563DB0
0x563DB8,qword_563DB8
0x563DC0,qword_563DC0
0x563DC8,qword_563DC8
0x563DD0,qword_563DD0
0x563DD8,qword_563DD8
0x563DE0,qword_563DE0
0x563DE8,qword_563DE8
0x563DF0,qword_563DF0
0x563DF8,qword_563DF8
0x563E00,qword_563E00
0x563E08,qword_563E08
0x563E10,qword_563E10
0x563E18,qword_563E18
0x563E20,qword_563E20
0x563E28,qword_563E28
0x563E30,qword_563E30
0x563E38,qword_563E38
0x563E40,qword_563E40
0x563E48,qword_563E48
0x563E50,qword_563E50
0x563E58,qword_563E58
0x563E60,qword_563E60
0x563E68,qword_563E68
0x563E70,qword_563E70
0x563E78,qword_563E78
0x563E80,qword_563E80
0x563E88,qword_563E88
0x563E90,qword_563E90
0x563E98,qword_563E98
0x563EA0,qword_563EA0
0x563EA8,qword_563EA8
0x563EB0,qword_563EB0
0x563EB8,qword_563EB8
0x563EC0,qword_563EC0
0x563EC8,qword_563EC8
0x563ED0,qword_563ED0
0x563ED8,qword_563ED8
0x563EE0,qword_563EE0
0x563EE8,qword_563EE8
0x563EF0,qword_563EF0
0x563EF8,qword_563EF8
0x563F00,qword_563F00
0x563F08,qword_563F08
0x563F10,qword_563F10
0x563F18,qword_563F18
0x563F20,qword_563F20
0x563F28,qword_563F28
0x563F30,qword_563F30
0x563F38,qword_563F38
0x563F40,qword_563F40
0x563F48,qword_563F48
0x563F50,qword_563F50
0x563F58,qword_563F58
0x563F60,qword_563F60
0x563F68,qword_563F68
0x563F70,qword_563F70
0x563F78,qword_563F78
0x563F80,qword_563F80
0x563F88,qword_563F88
0x563F90,qword_563F90
0x563F98,qword_563F98
0x563FA0,qword_563FA0
0x563FA8,qword_563FA8
0x563FB0,qword_563FB0
0x563FB8,qword_563FB8
0x563FC0,qword_563FC0
0x563FC8,qword_563FC8
0x563FD0,qword_563FD0
0x563FD8,qword_563FD8
0x563FE0,qword_563FE0
0x563FE8,qword_563FE8
0x563FF0,qword_563FF0
0x563FF8,qword_563FF8
0x564000,qword_564000
0x564008,qword_564008
0x564010,qword_564010
0x564018,qword_564018
0x564020,qword_564020
0x564028,qword_564028
0x564030,qword_564030
0x564038,qword_564038
0x564040,qword_564040
0x564048,qword_564048
0x564050,qword_564050
0x564058,qword_564058
0x564060,qword_564060
0x564068,qword_564068
0x564070,qword_564070
0x564078,qword_564078
0x564080,qword_564080
0x564088,qword_564088
0x564090,qword_564090
0x564098,qword_564098
0x5640A0,qword_5640A0
0x5640A8,qword_5640A8
0x5640B0,qword_5640B0
0x5640B8,qword_5640B8
0x5640C0,qword_5640C0
0x5640C8,qword_5640C8
0x5640D0,qword_5640D0
0x5640D8,qword_5640D8
0x5640E0,qword_5640E0
0x5640E8,qword_5640E8
0x5640F0,qword_5640F0
0x5640F8,qword_5640F8
0x564100,qword_564100
0x564108,qword_564108
0x564110,qword_564110
0x564118,qword_564118
0x564120,qword_564120
0x564128,qword_564128
0x564130,qword_564130
0x564138,qword_564138
0x564140,qword_564140
0x564148,qword_564148
0x564150,qword_564150
0x564158,qword_564158
0x564160,qword_564160
0x564168,qword_564168
0x564170,qword_564170
0x564178,qword_564178
0x564180,qword_564180
0x564188,qword_564188
0x564190,qword_564190
0x564198,qword_564198
0x5641A0,qword_5641A0
0x5641A8,qword_5641A8
0x5641B0,qword_5641B0
0x5641B8,qword_5641B8
0x5641C0,qword_5641C0
0x5641C8,qword_5641C8
0x5641D0,qword_5641D0
0x5641D8,qword_5641D8
0x5641E0,qword_5641E0
0x5641E8,qword_5641E8
0x5641F0,qword_5641F0
0x5641F8,qword_5641F8
0x564200,stru_564200
0x564224,dword_564224
0x564228,stru_564228
0x564230,qword_564230
0x564238,qword_564238
0x564240,qword_564240
0x564248,qword_564248
0x564250,qword_564250
0x564258,qword_564258
0x564260,qword_564260
0x564268,qword_564268
0x564270,qword_564270
0x564278,stru_564278
0x56429C,dword_56429C
0x5642A0,stru_5642A0
0x5642A8,qword_5642A8
0x5642B0,qword_5642B0
0x5642B8,qword_5642B8
0x5642C0,qword_5642C0
0x5642C8,qword_5642C8
0x5642D0,qword_5642D0
0x5642D8,qword_5642D8
0x5642E0,qword_5642E0
0x5642E8,qword_5642E8
0x5642F0,qword_5642F0
0x5642F8,qword_5642F8
0x564300,qword_564300
0x564308,qword_564308
0x564310,qword_564310
0x564318,qword_564318
0x564320,qword_564320
0x564328,qword_564328
0x564330,qword_564330
0x564338,qword_564338
0x564340,qword_564340
0x564348,qword_564348
0x564350,qword_564350
0x564358,qword_564358
0x564360,qword_564360
0x564368,qword_564368
0x564370,qword_564370
0x564378,qword_564378
0x564380,qword_564380
0x564388,qword_564388
0x564390,qword_564390
0x564398,qword_564398
0x5643A0,qword_5643A0
0x5643A8,qword_5643A8
0x5643B0,qword_5643B0
0x5643B8,qword_5643B8
0x5643C0,qword_5643C0
0x5643C8,qword_5643C8
0x5643D0,qword_5643D0
0x5643D8,qword_5643D8
0x5643E0,qword_5643E0
0x5643E8,qword_5643E8
0x5643F0,qword_5643F0
0x5643F8,qword_5643F8
0x564400,qword_564400
0x564408,qword_564408
0x564410,qword_564410
0x564418,qword_564418
0x564420,qword_564420
0x564428,qword_564428
0x564430,qword_564430
0x564438,qword_564438
0x564440,qword_564440
0x564448,qword_564448
0x564450,qword_564450
0x564458,qword_564458
0x564460,qword_564460
0x564468,qword_564468
0x564470,qword_564470
0x564478,qword_564478
0x564480,qword_564480
0x564488,qword_564488
0x564490,qword_564490
0x564498,qword_564498
0x5644A0,qword_5644A0
0x5644A8,qword_5644A8
0x5644B0,qword_5644B0
0x5644B8,qword_5644B8
0x5644C0,qword_5644C0
0x5644C8,qword_5644C8
0x5644D0,qword_5644D0
0x5644D8,qword_5644D8
0x5644E0,qword_5644E0
0x5644E8,qword_5644E8
0x5644F0,qword_5644F0
0x5644F8,qword_5644F8
0x564500,qword_564500
0x564508,qword_564508
0x564510,qword_564510
0x564518,qword_564518
0x564520,qword_564520
0x564528,qword_564528
0x564530,qword_564530
0x564538,qword_564538
0x564540,qword_564540
0x564548,qword_564548
0x564550,qword_564550
0x564558,qword_564558
0x564560,qword_564560
0x564568,qword_564568
0x564570,stru_564570
0x564594,stru_564594
0x56459C,qword_56459C
0x5645A4,qword_5645A4
0x5645AC,qword_5645AC
0x5645B4,qword_5645B4
0x5645BC,qword_5645BC
0x5645C4,stru_5645C4
0x5645E8,stru_5645E8
0x5645F0,qword_5645F0
0x5645F8,qword_5645F8
0x564600,qword_564600
0x564608,qword_564608
0x564610,qword_564610
0x564618,qword_564618
0x564620,qword_564620
0x564628,qword_564628
0x564630,qword_564630
0x564638,qword_564638
0x564640,qword_564640
0x564648,qword_564648
0x564650,qword_564650
0x564658,qword_564658
0x564660,qword_564660
0x564668,qword_564668
0x564670,qword_564670
0x564678,qword_564678
0x564680,qword_564680
0x564688,qword_564688
0x564690,qword_564690
0x564698,qword_564698
0x5646A0,qword_5646A0
0x5646A8,qword_5646A8
0x5646B0,qword_5646B0
0x5646B8,qword_5646B8
0x5646C0,qword_5646C0
0x5646C8,qword_5646C8
0x5646D0,qword_5646D0
0x5646D8,qword_5646D8
0x5646E0,qword_5646E0
0x5646E8,qword_5646E8
0x5646F0,qword_5646F0
0x5646F8,qword_5646F8
0x564700,qword_564700
0x564708,qword_564708
0x564710,qword_564710
0x564718,qword_564718
0x564720,qword_564720
0x564728,qword_564728
0x564730,stru_564730
0x564754,dword_564754
0x564758,stru_564758
0x564760,qword_564760
0x564768,qword_564768
0x564770,qword_564770
0x564778,qword_564778
0x564780,qword_564780
0x564788,qword_564788
0x564790,qword_564790
0x564798,qword_564798
0x5647A0,qword_5647A0
0x5647A8,qword_5647A8
0x5647B0,qword_5647B0
0x5647B8,qword_5647B8
0x5647C0,qword_5647C0
0x5647C8,qword_5647C8
0x5647D0,qword_5647D0
0x5647D8,qword_5647D8
0x5647E0,qword_5647E0
0x5647E8,qword_5647E8
0x5647F0,qword_5647F0
0x5647F8,qword_5647F8
0x564800,qword_564800
0x564808,qword_564808
0x564810,qword_564810
0x564818,qword_564818
0x564820,qword_564820
0x564828,qword_564828
0x564830,qword_564830
0x564838,qword_564838
0x564840,qword_564840
0x564848,qword_564848
0x564850,qword_564850
0x564858,qword_564858
0x564860,qword_564860
0x564868,qword_564868
0x564870,qword_564870
0x564878,qword_564878
0x564880,qword_564880
0x564888,qword_564888
0x564890,qword_564890
0x564898,qword_564898
0x5648A0,qword_5648A0
0x5648A8,qword_5648A8
0x5648B0,qword_5648B0
0x5648B8,qword_5648B8
0x5648C0,qword_5648C0
0x5648C8,qword_5648C8
0x5648D0,qword_5648D0
0x5648D8,qword_5648D8
0x5648E0,qword_5648E0
0x5648E8,qword_5648E8
0x5648F0,qword_5648F0
0x5648F8,qword_5648F8
0x564900,qword_564900
0x564908,qword_564908
0x564910,qword_564910
0x564918,qword_564918
0x564920,qword_564920
0x564928,qword_564928
0x564930,qword_564930
0x564938,qword_564938
0x564940,qword_564940
0x564948,qword_564948
0x564950,qword_564950
0x564958,qword_564958
0x564960,qword_564960
0x564968,qword_564968
0x564970,qword_564970
0x564978,qword_564978
0x564980,qword_564980
0x564988,qword_564988
0x564990,qword_564990
0x564998,qword_564998
0x5649A0,qword_5649A0
0x5649A8,qword_5649A8
0x5649B0,qword_5649B0
0x5649B8,qword_5649B8
0x5649C0,qword_5649C0
0x5649C8,qword_5649C8
0x5649D0,qword_5649D0
0x5649D8,qword_5649D8
0x5649E0,qword_5649E0
0x5649E8,qword_5649E8
0x5649F0,qword_5649F0
0x5649F8,qword_5649F8
0x564A00,qword_564A00
0x564A08,qword_564A08
0x564A10,qword_564A10
0x564A18,qword_564A18
0x564A20,qword_564A20
0x564A28,qword_564A28
0x564A30,qword_564A30
0x564A38,qword_564A38
0x564A40,qword_564A40
0x564A48,qword_564A48
0x564A50,qword_564A50
0x564A58,qword_564A58
0x564A60,qword_564A60
0x564A68,qword_564A68
0x564A70,qword_564A70
0x564A78,qword_564A78
0x564A80,qword_564A80
0x564A88,qword_564A88
0x564A90,qword_564A90
0x564A98,qword_564A98
0x564AA0,qword_564AA0
0x564AA8,qword_564AA8
0x564AB0,qword_564AB0
0x564AB8,qword_564AB8
0x564AC0,qword_564AC0
0x564AC8,qword_564AC8
0x564AD0,qword_564AD0
0x564AD8,qword_564AD8
0x564AE0,qword_564AE0
0x564AE8,qword_564AE8
0x564AF0,qword_564AF0
0x564AF8,qword_564AF8
0x564B00,qword_564B00
0x564B08,qword_564B08
0x564B10,qword_564B10
0x564B18,qword_564B18
0x564B20,qword_564B20
0x564B28,qword_564B28
0x564B30,qword_564B30
0x564B38,qword_564B38
0x564B40,qword_564B40
0x564B48,qword_564B48
0x564B50,qword_564B50
0x564B58,qword_564B58
0x564B60,qword_564B60
0x564B68,qword_564B68
0x564B70,qword_564B70
0x564B78,qword_564B78
0x564B80,qword_564B80
0x564B88,qword_564B88
0x564B90,qword_564B90
0x564B98,qword_564B98
0x564BA0,qword_564BA0
0x564BA8,qword_564BA8
0x564BB0,qword_564BB0
0x564BB8,qword_564BB8
0x564BC0,qword_564BC0
0x564BC8,qword_564BC8
0x564BD0,qword_564BD0
0x564BD8,qword_564BD8
0x564BE0,qword_564BE0
0x564BE8,qword_564BE8
0x564BF0,qword_564BF0
0x564BF8,qword_564BF8
0x564C00,qword_564C00
0x564C08,qword_564C08
0x564C10,qword_564C10
0x564C18,qword_564C18
0x564C20,qword_564C20
0x564C28,qword_564C28
0x564C30,qword_564C30
0x564C38,qword_564C38
0x564C40,qword_564C40
0x564C48,qword_564C48
0x564C50,qword_564C50
0x564C58,qword_564C58
0x564C60,qword_564C60
0x564C68,qword_564C68
0x564C70,qword_564C70
0x564C78,qword_564C78
0x564C80,qword_564C80
0x564C88,qword_564C88
0x564C90,qword_564C90
0x564C98,qword_564C98
0x564CA0,qword_564CA0
0x564CA8,qword_564CA8
0x564CB0,qword_564CB0
0x564CB8,qword_564CB8
0x564CC0,qword_564CC0
0x564CC8,qword_564CC8
0x564CD0,qword_564CD0
0x564CD8,qword_564CD8
0x564CE0,qword_564CE0
0x564CE8,qword_564CE8
0x564CF0,qword_564CF0
0x564CF8,qword_564CF8
0x564D00,qword_564D00
0x564D08,qword_564D08
0x564D10,qword_564D10
0x564D18,qword_564D18
0x564D20,qword_564D20
0x564D28,qword_564D28
0x564D30,qword_564D30
0x564D38,qword_564D38
0x564D40,qword_564D40
0x564D48,qword_564D48
0x564D50,qword_564D50
0x564D58,qword_564D58
0x564D60,qword_564D60
0x564D68,qword_564D68
0x564D70,qword_564D70
0x564D78,qword_564D78
0x564D80,qword_564D80
0x564D88,qword_564D88
0x564D90,qword_564D90
0x564D98,stru_564D98
0x564DBC,stru_564DBC
0x564DC4,qword_564DC4
0x564DCC,qword_564DCC
0x564DD4,qword_564DD4
0x564DDC,stru_564DDC
0x564E00,stru_564E00
0x564E08,stru_564E08
0x564E2C,stru_564E2C
0x564E34,stru_564E34
0x564E58,stru_564E58
0x564E60,qword_564E60
0x564E68,stru_564E68
0x564E8C,stru_564E8C
0x564E94,qword_564E94
0x564E9C,qword_564E9C
0x564EA4,qword_564EA4
0x564EAC,stru_564EAC
0x564ED0,stru_564ED0
0x564ED8,qword_564ED8
0x564EE0,qword_564EE0
0x564EE8,stru_564EE8
0x564F0C,stru_564F0C
0x564F14,qword_564F14
0x564F1C,qword_564F1C
0x564F24,stru_564F24
0x564F48,stru_564F48
0x564F50,qword_564F50
0x564F58,qword_564F58
0x564F60,qword_564F60
0x564F68,qword_564F68
0x564F70,qword_564F70
0x564F78,qword_564F78
0x564F80,qword_564F80
0x564F88,qword_564F88
0x564F90,qword_564F90
0x564F98,qword_564F98
0x564FA0,qword_564FA0
0x564FA8,qword_564FA8
0x564FB0,qword_564FB0
0x564FB8,qword_564FB8
0x564FC0,qword_564FC0
0x564FC8,qword_564FC8
0x564FD0,qword_564FD0
0x564FD8,qword_564FD8
0x564FE0,qword_564FE0
0x564FE8,qword_564FE8
0x564FF0,qword_564FF0
0x564FF8,qword_564FF8
0x565000,qword_565000
0x565008,qword_565008
0x565010,qword_565010
0x565018,qword_565018
0x565020,qword_565020
0x565028,qword_565028
0x565030,qword_565030
0x565038,qword_565038
0x565040,qword_565040
0x565048,qword_565048
0x565050,qword_565050
0x565058,qword_565058
0x565060,qword_565060
0x565068,qword_565068
0x565070,qword_565070
0x565078,qword_565078
0x565080,qword_565080
0x565088,qword_565088
0x565090,qword_565090
0x565098,qword_565098
0x5650A0,qword_5650A0
0x5650A8,qword_5650A8
0x5650B0,qword_5650B0
0x5650B8,qword_5650B8
0x5650C0,qword_5650C0
0x5650C8,qword_5650C8
0x5650D0,qword_5650D0
0x5650D8,qword_5650D8
0x5650E0,qword_5650E0
0x5650E8,qword_5650E8
0x5650F0,qword_5650F0
0x5650F8,qword_5650F8
0x565100,qword_565100
0x565108,qword_565108
0x565110,qword_565110
0x565118,qword_565118
0x565120,qword_565120
0x565128,qword_565128
0x565130,qword_565130
0x565138,qword_565138
0x565140,qword_565140
0x565148,qword_565148
0x565150,qword_565150
0x565158,qword_565158
0x565160,qword_565160
0x565168,qword_565168
0x565170,qword_565170
0x565178,qword_565178
0x565180,qword_565180
0x565188,qword_565188
0x565190,qword_565190
0x565198,qword_565198
0x5651A0,qword_5651A0
0x5651A8,qword_5651A8
0x5651B0,qword_5651B0
0x5651B8,qword_5651B8
0x5651C0,qword_5651C0
0x5651C8,qword_5651C8
0x5651D0,qword_5651D0
0x5651D8,qword_5651D8
0x5651E0,qword_5651E0
0x5651E8,qword_5651E8
0x5651F0,qword_5651F0
0x5651F8,qword_5651F8
0x565200,qword_565200
0x565208,qword_565208
0x565210,qword_565210
0x565218,qword_565218
0x565220,qword_565220
0x565228,qword_565228
0x565230,qword_565230
0x565238,qword_565238
0x565240,qword_565240
0x565248,qword_565248
0x565250,qword_565250
0x565258,qword_565258
0x565260,qword_565260
0x565268,qword_565268
0x565270,qword_565270
0x565278,qword_565278
0x565280,qword_565280
0x565288,qword_565288
0x565290,qword_565290
0x565298,qword_565298
0x5652A0,qword_5652A0
0x5652A8,qword_5652A8
0x5652B0,qword_5652B0
0x5652B8,qword_5652B8
0x5652C0,qword_5652C0
0x5652C8,qword_5652C8
0x5652D0,qword_5652D0
0x5652D8,qword_5652D8
0x5652E0,qword_5652E0
0x5652E8,qword_5652E8
0x5652F0,qword_5652F0
0x5652F8,qword_5652F8
0x565300,qword_565300
0x565308,qword_565308
0x565310,qword_565310
0x565318,qword_565318
0x565320,qword_565320
0x565328,qword_565328
0x565330,qword_565330
0x565338,qword_565338
0x565340,qword_565340
0x565348,qword_565348
0x565350,qword_565350
0x565358,qword_565358
0x565360,qword_565360
0x565368,qword_565368
0x565370,qword_565370
0x565378,qword_565378
0x565380,qword_565380
0x565388,qword_565388
0x565390,qword_565390
0x565398,qword_565398
0x5653A0,qword_5653A0
0x5653A8,qword_5653A8
0x5653B0,qword_5653B0
0x5653B8,qword_5653B8
0x5653C0,qword_5653C0
0x5653C8,qword_5653C8
0x5653D0,qword_5653D0
0x5653D8,qword_5653D8
0x5653E0,qword_5653E0
0x5653E8,qword_5653E8
0x5653F0,qword_5653F0
0x5653F8,qword_5653F8
0x565400,qword_565400
0x565408,qword_565408
0x565410,qword_565410
0x565418,qword_565418
0x565420,qword_565420
0x565428,qword_565428
0x565430,qword_565430
0x565438,qword_565438
0x565440,qword_565440
0x565448,qword_565448
0x565450,qword_565450
0x565458,qword_565458
0x565460,qword_565460
0x565468,qword_565468
0x565470,qword_565470
0x565478,qword_565478
0x565480,qword_565480
0x565488,qword_565488
0x565490,qword_565490
0x565498,qword_565498
0x5654A0,qword_5654A0
0x5654A8,qword_5654A8
0x5654B0,qword_5654B0
0x5654B8,qword_5654B8
0x5654C0,qword_5654C0
0x5654C8,qword_5654C8
0x5654D0,qword_5654D0
0x5654D8,qword_5654D8
0x5654E0,qword_5654E0
0x5654E8,qword_5654E8
0x5654F0,qword_5654F0
0x5654F8,qword_5654F8
0x565500,qword_565500
0x565508,qword_565508
0x565510,qword_565510
0x565518,qword_565518
0x565520,qword_565520
0x565528,qword_565528
0x565530,qword_565530
0x565538,qword_565538
0x565540,qword_565540
0x565548,qword_565548
0x565550,qword_565550
0x565558,qword_565558
0x565560,qword_565560
0x565568,qword_565568
0x565570,qword_565570
0x565578,qword_565578
0x565580,qword_565580
0x565588,qword_565588
0x565590,qword_565590
0x565598,qword_565598
0x5655A0,qword_5655A0
0x5655A8,qword_5655A8
0x5655B0,qword_5655B0
0x5655B8,qword_5655B8
0x5655C0,qword_5655C0
0x5655C8,qword_5655C8
0x5655D0,qword_5655D0
0x5655D8,qword_5655D8
0x5655E0,qword_5655E0
0x5655E8,qword_5655E8
0x5655F0,qword_5655F0
0x5655F8,qword_5655F8
0x565600,qword_565600
0x565608,qword_565608
0x565610,qword_565610
0x565618,qword_565618
0x565620,qword_565620
0x565628,qword_565628
0x565630,qword_565630
0x565638,qword_565638
0x565640,qword_565640
0x565648,qword_565648
0x565650,qword_565650
0x565658,qword_565658
0x565660,qword_565660
0x565668,qword_565668
0x565670,qword_565670
0x565678,qword_565678
0x565680,qword_565680
0x565688,qword_565688
0x565690,qword_565690
0x565698,qword_565698
0x5656A0,qword_5656A0
0x5656A8,qword_5656A8
0x5656B0,qword_5656B0
0x5656B8,qword_5656B8
0x5656C0,qword_5656C0
0x5656C8,qword_5656C8
0x5656D0,qword_5656D0
0x5656D8,qword_5656D8
0x5656E0,qword_5656E0
0x5656E8,qword_5656E8
0x5656F0,qword_5656F0
0x5656F8,qword_5656F8
0x565700,qword_565700
0x565708,qword_565708
0x565710,qword_565710
0x565718,qword_565718
0x565720,qword_565720
0x565728,qword_565728
0x565730,qword_565730
0x565738,qword_565738
0x565740,qword_565740
0x565748,qword_565748
0x565750,qword_565750
0x565758,qword_565758
0x565760,qword_565760
0x565768,qword_565768
0x565770,qword_565770
0x565778,qword_565778
0x565780,qword_565780
0x565788,qword_565788
0x565790,qword_565790
0x565798,qword_565798
0x5657A0,qword_5657A0
0x5657A8,qword_5657A8
0x5657B0,qword_5657B0
0x5657B8,qword_5657B8
0x5657C0,qword_5657C0
0x5657C8,qword_5657C8
0x5657D0,qword_5657D0
0x5657D8,qword_5657D8
0x5657E0,qword_5657E0
0x5657E8,qword_5657E8
0x5657F0,qword_5657F0
0x5657F8,qword_5657F8
0x565800,qword_565800
0x565808,qword_565808
0x565810,qword_565810
0x565818,qword_565818
0x565820,qword_565820
0x565828,qword_565828
0x565830,qword_565830
0x565838,qword_565838
0x565840,qword_565840
0x565848,qword_565848
0x565850,qword_565850
0x565858,qword_565858
0x565860,qword_565860
0x565868,qword_565868
0x565870,stru_565870
0x565894,dword_565894
0x565898,stru_565898
0x5658A0,qword_5658A0
0x5658A8,qword_5658A8
0x5658B0,qword_5658B0
0x5658B8,qword_5658B8
0x5658C0,qword_5658C0
0x5658C8,qword_5658C8
0x5658D0,qword_5658D0
0x5658D8,qword_5658D8
0x5658E0,qword_5658E0
0x5658E8,qword_5658E8
0x5658F0,qword_5658F0
0x5658F8,qword_5658F8
0x565900,qword_565900
0x565908,qword_565908
0x565910,qword_565910
0x565918,qword_565918
0x565920,qword_565920
0x565928,qword_565928
0x565930,qword_565930
0x565938,qword_565938
0x565940,qword_565940
0x565948,qword_565948
0x565950,qword_565950
0x565958,qword_565958
0x565960,qword_565960
0x565968,qword_565968
0x565970,qword_565970
0x565978,stru_565978
0x56599C,dword_56599C
0x5659A0,stru_5659A0
0x5659A8,qword_5659A8
0x5659B0,qword_5659B0
0x5659B8,qword_5659B8
0x5659C0,qword_5659C0
0x5659C8,qword_5659C8
0x5659D0,qword_5659D0
0x5659D8,qword_5659D8
0x5659E0,qword_5659E0
0x5659E8,qword_5659E8
0x5659F0,qword_5659F0
0x5659F8,qword_5659F8
0x565A00,qword_565A00
0x565A08,qword_565A08
0x565A10,qword_565A10
0x565A18,qword_565A18
0x565A20,qword_565A20
0x565A28,qword_565A28
0x565A30,qword_565A30
0x565A38,qword_565A38
0x565A40,qword_565A40
0x565A48,qword_565A48
0x565A50,qword_565A50
0x565A58,qword_565A58
0x565A60,qword_565A60
0x565A68,qword_565A68
0x565A70,qword_565A70
0x565A78,qword_565A78
0x565A80,qword_565A80
0x565A88,qword_565A88
0x565A90,qword_565A90
0x565A98,qword_565A98
0x565AA0,qword_565AA0
0x565AA8,qword_565AA8
0x565AB0,qword_565AB0
0x565AB8,qword_565AB8
0x565AC0,qword_565AC0
0x565AC8,qword_565AC8
0x565AD0,qword_565AD0
0x565AD8,qword_565AD8
0x565AE0,qword_565AE0
0x565AE8,qword_565AE8
0x565AF0,stru_565AF0
0x565B14,stru_565B14
0x565B1C,qword_565B1C
0x565B24,qword_565B24
0x565B2C,qword_565B2C
0x565B34,qword_565B34
0x565B3C,stru_565B3C
0x565B60,stru_565B60
0x565B68,stru_565B68
0x565B8C,stru_565B8C
0x565B94,qword_565B94
0x565B9C,qword_565B9C
0x565BA4,qword_565BA4
0x565BAC,stru_565BAC
0x565BD0,stru_565BD0
0x565BD8,qword_565BD8
0x565BE0,qword_565BE0
0x565BE8,qword_565BE8
0x565BF0,qword_565BF0
0x565BF8,qword_565BF8
0x565C00,qword_565C00
0x565C08,qword_565C08
0x565C10,qword_565C10
0x565C18,qword_565C18
0x565C20,qword_565C20
0x565C28,qword_565C28
0x565C30,qword_565C30
0x565C38,qword_565C38
0x565C40,qword_565C40
0x565C48,qword_565C48
0x565C50,qword_565C50
0x565C58,qword_565C58
0x565C60,qword_565C60
0x565C68,qword_565C68
0x565C70,qword_565C70
0x565C78,qword_565C78
0x565C80,qword_565C80
0x565C88,qword_565C88
0x565C90,qword_565C90
0x565C98,qword_565C98
0x565CA0,qword_565CA0
0x565CA8,qword_565CA8
0x565CB0,qword_565CB0
0x565CB8,qword_565CB8
0x565CC0,qword_565CC0
0x565CC8,qword_565CC8
0x565CD0,qword_565CD0
0x565CD8,qword_565CD8
0x565CE0,qword_565CE0
0x565CE8,qword_565CE8
0x565CF0,qword_565CF0
0x565CF8,qword_565CF8
0x565D00,qword_565D00
0x565D08,qword_565D08
0x565D10,qword_565D10
0x565D18,qword_565D18
0x565D20,qword_565D20
0x565D28,qword_565D28
0x565D30,qword_565D30
0x565D38,qword_565D38
0x565D40,qword_565D40
0x565D48,qword_565D48
0x565D50,qword_565D50
0x565D58,qword_565D58
0x565D60,qword_565D60
0x565D68,qword_565D68
0x565D70,qword_565D70
0x565D78,qword_565D78
0x565D80,qword_565D80
0x565D88,stru_565D88
0x565DAC,stru_565DAC
0x565DB4,qword_565DB4
0x565DBC,qword_565DBC
0x565DC4,qword_565DC4
0x565DCC,stru_565DCC
0x565DF0,stru_565DF0
0x565DF8,qword_565DF8
0x565E00,qword_565E00
0x565E08,qword_565E08
0x565E10,qword_565E10
0x565E18,qword_565E18
0x565E20,qword_565E20
0x565E28,qword_565E28
0x565E30,qword_565E30
0x565E38,qword_565E38
0x565E40,qword_565E40
0x565E48,qword_565E48
0x565E50,qword_565E50
0x565E58,qword_565E58
0x565E60,qword_565E60
0x565E68,qword_565E68
0x565E70,qword_565E70
0x565E78,qword_565E78
0x565E80,qword_565E80
0x565E88,qword_565E88
0x565E90,qword_565E90
0x565E98,qword_565E98
0x565EA0,qword_565EA0
0x565EA8,qword_565EA8
0x565EB0,qword_565EB0
0x565EB8,qword_565EB8
0x565EC0,stru_565EC0
0x565EE4,stru_565EE4
0x565EEC,stru_565EEC
0x565F10,stru_565F10
0x565F18,qword_565F18
0x565F20,qword_565F20
0x565F28,qword_565F28
0x565F30,qword_565F30
0x565F38,qword_565F38
0x565F40,qword_565F40
0x565F48,qword_565F48
0x565F50,qword_565F50
0x565F58,qword_565F58
0x565F60,qword_565F60
0x565F68,qword_565F68
0x565F70,qword_565F70
0x565F78,qword_565F78
0x565F80,qword_565F80
0x565F88,qword_565F88
0x565F90,qword_565F90
0x565F98,qword_565F98
0x565FA0,qword_565FA0
0x565FA8,qword_565FA8
0x565FB0,qword_565FB0
0x565FB8,qword_565FB8
0x565FC0,qword_565FC0
0x565FC8,qword_565FC8
0x565FD0,qword_565FD0
0x565FD8,qword_565FD8
0x565FE0,qword_565FE0
0x565FE8,qword_565FE8
0x565FF0,qword_565FF0
0x565FF8,qword_565FF8
0x566000,qword_566000
0x566008,qword_566008
0x566010,qword_566010
0x566018,qword_566018
0x566020,qword_566020
0x566028,qword_566028
0x566030,qword_566030
0x566038,qword_566038
0x566040,qword_566040
0x566048,qword_566048
0x566050,qword_566050
0x566058,qword_566058
0x566060,qword_566060
0x566068,qword_566068
0x566070,qword_566070
0x566078,qword_566078
0x566080,qword_566080
0x566088,qword_566088
0x566090,qword_566090
0x566098,qword_566098
0x5660A0,qword_5660A0
0x5660A8,qword_5660A8
0x5660B0,qword_5660B0
0x5660B8,qword_5660B8
0x5660C0,qword_5660C0
0x5660C8,qword_5660C8
0x5660D0,qword_5660D0
0x5660D8,qword_5660D8
0x5660E0,qword_5660E0
0x5660E8,qword_5660E8
0x5660F0,qword_5660F0
0x5660F8,qword_5660F8
0x566100,qword_566100
0x566108,qword_566108
0x566110,qword_566110
0x566118,qword_566118
0x566120,qword_566120
0x566128,qword_566128
0x566130,qword_566130
0x566138,qword_566138
0x566140,qword_566140
0x566148,qword_566148
0x566150,qword_566150
0x566158,qword_566158
0x566160,qword_566160
0x566168,qword_566168
0x566170,qword_566170
0x566178,qword_566178
0x566180,qword_566180
0x566188,qword_566188
0x566190,qword_566190
0x566198,qword_566198
0x5661A0,qword_5661A0
0x5661A8,qword_5661A8
0x5661B0,qword_5661B0
0x5661B8,qword_5661B8
0x5661C0,qword_5661C0
0x5661C8,qword_5661C8
0x5661D0,qword_5661D0
0x5661D8,qword_5661D8
0x5661E0,qword_5661E0
0x5661E8,qword_5661E8
0x5661F0,qword_5661F0
0x5661F8,qword_5661F8
0x566200,qword_566200
0x566208,qword_566208
0x566210,qword_566210
0x566218,qword_566218
0x566220,qword_566220
0x566228,qword_566228
0x566230,qword_566230
0x566238,qword_566238
0x566240,qword_566240
0x566248,qword_566248
0x566250,qword_566250
0x566258,qword_566258
0x566260,qword_566260
0x566268,qword_566268
0x566270,qword_566270
0x566278,stru_566278
0x56629C,stru_56629C
0x5662A4,qword_5662A4
0x5662AC,qword_5662AC
0x5662B4,qword_5662B4
0x5662BC,qword_5662BC
0x5662C4,stru_5662C4
0x5662E8,stru_5662E8
0x5662F0,qword_5662F0
0x5662F8,qword_5662F8
0x566300,qword_566300
0x566308,qword_566308
0x566310,qword_566310
0x566318,stru_566318
0x56633C,stru_56633C
0x566344,qword_566344
0x56634C,stru_56634C
0x566370,stru_566370
0x566378,qword_566378
0x566380,qword_566380
0x566388,qword_566388
0x566390,qword_566390
0x566398,qword_566398
0x5663A0,stru_5663A0
0x5663C4,dword_5663C4
0x5663C8,stru_5663C8
0x5663D0,qword_5663D0
0x5663D8,qword_5663D8
0x5663E0,qword_5663E0
0x5663E8,qword_5663E8
0x5663F0,qword_5663F0
0x5663F8,qword_5663F8
0x566400,qword_566400
0x566408,qword_566408
0x566410,qword_566410
0x566418,qword_566418
0x566420,qword_566420
0x566428,qword_566428
0x566430,qword_566430
0x566438,qword_566438
0x566440,qword_566440
0x566448,qword_566448
0x566450,qword_566450
0x566458,qword_566458
0x566460,qword_566460
0x566468,qword_566468
0x566470,qword_566470
0x566478,qword_566478
0x566480,qword_566480
0x566488,qword_566488
0x566490,qword_566490
0x566498,qword_566498
0x5664A0,qword_5664A0
0x5664A8,qword_5664A8
0x5664B0,qword_5664B0
0x5664B8,qword_5664B8
0x5664C0,qword_5664C0
0x5664C8,qword_5664C8
0x5664D0,qword_5664D0
0x5664D8,qword_5664D8
0x5664E0,qword_5664E0
0x5664E8,qword_5664E8
0x5664F0,qword_5664F0
0x5664F8,qword_5664F8
0x566500,qword_566500
0x566508,qword_566508
0x566510,qword_566510
0x566518,qword_566518
0x566520,qword_566520
0x566528,qword_566528
0x566530,qword_566530
0x566538,qword_566538
0x566540,qword_566540
0x566548,qword_566548
0x566550,qword_566550
0x566558,qword_566558
0x566560,qword_566560
0x566568,qword_566568
0x566570,qword_566570
0x566578,qword_566578
0x566580,qword_566580
0x566588,qword_566588
0x566590,qword_566590
0x566598,qword_566598
0x5665A0,qword_5665A0
0x5665A8,qword_5665A8
0x5665B0,qword_5665B0
0x5665B8,qword_5665B8
0x5665C0,qword_5665C0
0x5665C8,qword_5665C8
0x5665D0,qword_5665D0
0x5665D8,qword_5665D8
0x5665E0,qword_5665E0
0x5665E8,qword_5665E8
0x5665F0,qword_5665F0
0x5665F8,qword_5665F8
0x566600,qword_566600
0x566608,qword_566608
0x566610,qword_566610
0x566618,qword_566618
0x566620,qword_566620
0x566628,qword_566628
0x566630,qword_566630
0x566638,qword_566638
0x566640,qword_566640
0x566648,qword_566648
0x566650,qword_566650
0x566658,qword_566658
0x566660,qword_566660
0x566668,qword_566668
0x566670,qword_566670
0x566678,qword_566678
0x566680,stru_566680
0x5666A4,dword_5666A4
0x5666A8,stru_5666A8
0x5666B0,qword_5666B0
0x5666B8,qword_5666B8
0x5666C0,qword_5666C0
0x5666C8,qword_5666C8
0x5666D0,qword_5666D0
0x5666D8,qword_5666D8
0x5666E0,qword_5666E0
0x5666E8,qword_5666E8
0x5666F0,qword_5666F0
0x5666F8,qword_5666F8
0x566700,qword_566700
0x566708,qword_566708
0x566710,qword_566710
0x566718,qword_566718
0x566720,qword_566720
0x566728,qword_566728
0x566730,qword_566730
0x566738,qword_566738
0x566740,qword_566740
0x566748,qword_566748
0x566750,qword_566750
0x566758,qword_566758
0x566760,qword_566760
0x566768,qword_566768
0x566770,qword_566770
0x566778,qword_566778
0x566780,qword_566780
0x566788,qword_566788
0x566790,qword_566790
0x566798,qword_566798
0x5667A0,qword_5667A0
0x5667A8,qword_5667A8
0x5667B0,qword_5667B0
0x5667B8,qword_5667B8
0x5667C0,qword_5667C0
0x5667C8,qword_5667C8
0x5667D0,qword_5667D0
0x5667D8,qword_5667D8
0x5667E0,qword_5667E0
0x5667E8,qword_5667E8
0x5667F0,qword_5667F0
0x5667F8,qword_5667F8
0x566800,qword_566800
0x566808,qword_566808
0x566810,qword_566810
0x566818,qword_566818
0x566820,qword_566820
0x566828,qword_566828
0x566830,qword_566830
0x566838,qword_566838
0x566840,qword_566840
0x566848,qword_566848
0x566850,qword_566850
0x566858,qword_566858
0x566860,qword_566860
0x566868,qword_566868
0x566870,stru_566870
0x566894,dword_566894
0x566898,stru_566898
0x5668A0,qword_5668A0
0x5668A8,qword_5668A8
0x5668B0,qword_5668B0
0x5668B8,qword_5668B8
0x5668C0,qword_5668C0
0x5668C8,qword_5668C8
0x5668D0,qword_5668D0
0x5668D8,stru_5668D8
0x5668FC,dword_5668FC
0x566900,stru_566900
0x566908,qword_566908
0x566910,qword_566910
0x566918,qword_566918
0x566920,qword_566920
0x566928,qword_566928
0x566930,qword_566930
0x566938,qword_566938
0x566940,qword_566940
0x566948,qword_566948
0x566950,qword_566950
0x566958,qword_566958
0x566960,qword_566960
0x566968,qword_566968
0x566970,qword_566970
0x566978,qword_566978
0x566980,stru_566980
0x5669A4,dword_5669A4
0x5669A8,stru_5669A8
0x5669B0,qword_5669B0
0x5669B8,qword_5669B8
0x5669C0,qword_5669C0
0x5669C8,qword_5669C8
0x5669D0,qword_5669D0
0x5669D8,qword_5669D8
0x5669E0,qword_5669E0
0x5669E8,qword_5669E8
0x5669F0,stru_5669F0
0x566A14,stru_566A14
0x566A1C,qword_566A1C
0x566A24,qword_566A24
0x566A2C,qword_566A2C
0x566A34,qword_566A34
0x566A3C,stru_566A3C
0x566A60,stru_566A60
0x566A68,qword_566A68
0x566A70,qword_566A70
0x566A78,qword_566A78
0x566A80,qword_566A80
0x566A88,stru_566A88
0x566AAC,dword_566AAC
0x566AB0,stru_566AB0
0x566AB8,qword_566AB8
0x566AC0,qword_566AC0
0x566AC8,qword_566AC8
0x566AD0,qword_566AD0
0x566AD8,qword_566AD8
0x566AE0,qword_566AE0
0x566AE8,qword_566AE8
0x566AF0,qword_566AF0
0x566AF8,qword_566AF8
0x566B00,qword_566B00
0x566B08,stru_566B08
0x566B2C,stru_566B2C
0x566B34,qword_566B34
0x566B3C,stru_566B3C
0x566B60,stru_566B60
0x566B68,qword_566B68
0x566B70,qword_566B70
0x566B78,qword_566B78
0x566B80,qword_566B80
0x566B88,stru_566B88
0x566BAC,stru_566BAC
0x566BB4,stru_566BB4
0x566BD8,stru_566BD8
0x566BE0,qword_566BE0
0x566BE8,qword_566BE8
0x566BF0,stru_566BF0
0x566C14,stru_566C14
0x566C1C,qword_566C1C
0x566C24,qword_566C24
0x566C2C,qword_566C2C
0x566C34,qword_566C34
0x566C3C,stru_566C3C
0x566C60,stru_566C60
0x566C68,qword_566C68
0x566C70,qword_566C70
0x566C78,qword_566C78
0x566C80,qword_566C80
0x566C88,qword_566C88
0x566C90,qword_566C90
0x566C98,qword_566C98
0x566CA0,qword_566CA0
0x566CA8,qword_566CA8
0x566CB0,qword_566CB0
0x566CB8,qword_566CB8
0x566CC0,stru_566CC0
0x566CE4,stru_566CE4
0x566CEC,qword_566CEC
0x566CF4,stru_566CF4
0x566D18,stru_566D18
0x566D20,stru_566D20
0x566D44,dword_566D44
0x566D48,stru_566D48
0x566D50,qword_566D50
0x566D58,qword_566D58
0x566D60,qword_566D60
0x566D68,qword_566D68
0x566D70,qword_566D70
0x566D78,qword_566D78
0x566D80,qword_566D80
0x566D88,qword_566D88
0x566D90,qword_566D90
0x566D98,qword_566D98
0x566DA0,qword_566DA0
0x566DA8,qword_566DA8
0x566DB0,qword_566DB0
0x566DB8,qword_566DB8
0x566DC0,qword_566DC0
0x566DC8,qword_566DC8
0x566DD0,qword_566DD0
0x566DD8,qword_566DD8
0x566DE0,qword_566DE0
0x566DE8,qword_566DE8
0x566DF0,qword_566DF0
0x566DF8,qword_566DF8
0x566E00,qword_566E00
0x566E08,qword_566E08
0x566E10,qword_566E10
0x566E18,qword_566E18
0x566E20,stru_566E20
0x566E44,stru_566E44
0x566E4C,qword_566E4C
0x566E54,qword_566E54
0x566E5C,stru_566E5C
0x566E80,stru_566E80
0x566E88,stru_566E88
0x566EAC,dword_566EAC
0x566EB0,stru_566EB0
0x566EB8,qword_566EB8
0x566EC0,qword_566EC0
0x566EC8,qword_566EC8
0x566ED0,qword_566ED0
0x566ED8,qword_566ED8
0x566EE0,qword_566EE0
0x566EE8,qword_566EE8
0x566EF0,qword_566EF0
0x566EF8,qword_566EF8
0x566F00,qword_566F00
0x566F08,qword_566F08
0x566F10,qword_566F10
0x566F18,qword_566F18
0x566F20,qword_566F20
0x566F28,stru_566F28
0x566F4C,dword_566F4C
0x566F50,stru_566F50
0x566F58,qword_566F58
0x566F60,qword_566F60
0x566F68,qword_566F68
0x566F70,qword_566F70
0x566F78,qword_566F78
0x566F80,qword_566F80
0x566F88,qword_566F88
0x566F90,qword_566F90
0x566F98,qword_566F98
0x566FA0,qword_566FA0
0x566FA8,stru_566FA8
0x566FCC,stru_566FCC
0x566FD4,qword_566FD4
0x566FDC,qword_566FDC
0x566FE4,qword_566FE4
0x566FEC,qword_566FEC
0x566FF4,qword_566FF4
0x566FFC,stru_566FFC
0x567020,stru_567020
0x567028,stru_567028
0x56704C,stru_56704C
0x567054,qword_567054
0x56705C,stru_56705C
0x567080,stru_567080
0x567088,stru_567088
0x5670AC,dword_5670AC
0x5670B0,stru_5670B0
0x5670B8,qword_5670B8
0x5670C0,qword_5670C0
0x5670C8,qword_5670C8
0x5670D0,qword_5670D0
0x5670D8,qword_5670D8
0x5670E0,qword_5670E0
0x5670E8,qword_5670E8
0x5670F0,qword_5670F0
0x5670F8,qword_5670F8
0x567100,qword_567100
0x567108,qword_567108
0x567110,qword_567110
0x567118,qword_567118
0x567120,qword_567120
0x567128,qword_567128
0x567130,qword_567130
0x567138,qword_567138
0x567140,qword_567140
0x567148,qword_567148
0x567150,qword_567150
0x567158,qword_567158
0x567160,qword_567160
0x567168,qword_567168
0x567170,qword_567170
0x567178,qword_567178
0x567180,qword_567180
0x567188,qword_567188
0x567190,qword_567190
0x567198,qword_567198
0x5671A0,qword_5671A0
0x5671A8,qword_5671A8
0x5671B0,qword_5671B0
0x5671B8,qword_5671B8
0x5671C0,qword_5671C0
0x5671C8,qword_5671C8
0x5671D0,qword_5671D0
0x5671D8,qword_5671D8
0x5671E0,qword_5671E0
0x5671E8,qword_5671E8
0x5671F0,qword_5671F0
0x5671F8,qword_5671F8
0x567200,qword_567200
0x567208,qword_567208
0x567210,qword_567210
0x567218,qword_567218
0x567220,qword_567220
0x567228,qword_567228
0x567230,qword_567230
0x567238,qword_567238
0x567240,qword_567240
0x567248,qword_567248
0x567250,qword_567250
0x567258,qword_567258
0x567260,qword_567260
0x567268,qword_567268
0x567270,qword_567270
0x567278,qword_567278
0x567280,qword_567280
0x567288,qword_567288
0x567290,qword_567290
0x567298,qword_567298
0x5672A0,qword_5672A0
0x5672A8,qword_5672A8
0x5672B0,qword_5672B0
0x5672B8,qword_5672B8
0x5672C0,qword_5672C0
0x5672C8,qword_5672C8
0x5672D0,qword_5672D0
0x5672D8,qword_5672D8
0x5672E0,qword_5672E0
0x5672E8,qword_5672E8
0x5672F0,qword_5672F0
0x5672F8,qword_5672F8
0x567300,qword_567300
0x567308,qword_567308
0x567310,qword_567310
0x567318,qword_567318
0x567320,qword_567320
0x567328,qword_567328
0x567330,qword_567330
0x567338,qword_567338
0x567340,qword_567340
0x567348,qword_567348
0x567350,qword_567350
0x567358,qword_567358
0x567360,qword_567360
0x567368,stru_567368
0x56738C,stru_56738C
0x567394,qword_567394
0x56739C,stru_56739C
0x5673C0,stru_5673C0
0x5673C8,qword_5673C8
0x5673D0,qword_5673D0
0x5673D8,qword_5673D8
0x5673E0,qword_5673E0
0x5673E8,qword_5673E8
0x5673F0,qword_5673F0
0x5673F8,qword_5673F8
0x567400,qword_567400
0x567408,qword_567408
0x567410,qword_567410
0x567418,qword_567418
0x567420,qword_567420
0x567428,qword_567428
0x567430,qword_567430
0x567438,qword_567438
0x567440,qword_567440
0x567448,qword_567448
0x567450,qword_567450
0x567458,qword_567458
0x567460,qword_567460
0x567468,qword_567468
0x567470,qword_567470
0x567478,qword_567478
0x567480,qword_567480
0x567488,qword_567488
0x567490,qword_567490
0x567498,qword_567498
0x5674A0,qword_5674A0
0x5674A8,qword_5674A8
0x5674B0,qword_5674B0
0x5674B8,qword_5674B8
0x5674C0,qword_5674C0
0x5674C8,qword_5674C8
0x5674D0,qword_5674D0
0x5674D8,qword_5674D8
0x5674E0,qword_5674E0
0x5674E8,qword_5674E8
0x5674F0,qword_5674F0
0x5674F8,qword_5674F8
0x567500,qword_567500
0x567508,qword_567508
0x567510,qword_567510
0x567518,qword_567518
0x567520,qword_567520
0x567528,qword_567528
0x567530,qword_567530
0x567538,qword_567538
0x567540,qword_567540
0x567548,qword_567548
0x567550,qword_567550
0x567558,qword_567558
0x567560,qword_567560
0x567568,qword_567568
0x567570,qword_567570
0x567578,qword_567578
0x567580,qword_567580
0x567588,qword_567588
0x567590,qword_567590
0x567598,qword_567598
0x5675A0,qword_5675A0
0x5675A8,qword_5675A8
0x5675B0,qword_5675B0
0x5675B8,qword_5675B8
0x5675C0,qword_5675C0
0x5675C8,qword_5675C8
0x5675D0,qword_5675D0
0x5675D8,qword_5675D8
0x5675E0,qword_5675E0
0x5675E8,qword_5675E8
0x5675F0,qword_5675F0
0x5675F8,qword_5675F8
0x567600,qword_567600
0x567608,qword_567608
0x567610,qword_567610
0x567618,qword_567618
0x567620,qword_567620
0x567628,qword_567628
0x567630,qword_567630
0x567638,qword_567638
0x567640,qword_567640
0x567648,qword_567648
0x567650,qword_567650
0x567658,qword_567658
0x567660,qword_567660
0x567668,qword_567668
0x567670,qword_567670
0x567678,qword_567678
0x567680,qword_567680
0x567688,qword_567688
0x567690,qword_567690
0x567698,qword_567698
0x5676A0,qword_5676A0
0x5676A8,qword_5676A8
0x5676B0,qword_5676B0
0x5676B8,qword_5676B8
0x5676C0,qword_5676C0
0x5676C8,qword_5676C8
0x5676D0,qword_5676D0
0x5676D8,qword_5676D8
0x5676E0,qword_5676E0
0x5676E8,qword_5676E8
0x5676F0,qword_5676F0
0x5676F8,qword_5676F8
0x567700,qword_567700
0x567708,qword_567708
0x567710,qword_567710
0x567718,qword_567718
0x567720,qword_567720
0x567728,qword_567728
0x567730,qword_567730
0x567738,qword_567738
0x567740,qword_567740
0x567748,qword_567748
0x567750,qword_567750
0x567758,qword_567758
0x567760,qword_567760
0x567768,qword_567768
0x567770,qword_567770
0x567778,qword_567778
0x567780,qword_567780
0x567788,qword_567788
0x567790,qword_567790
0x567798,qword_567798
0x5677A0,qword_5677A0
0x5677A8,qword_5677A8
0x5677B0,qword_5677B0
0x5677B8,qword_5677B8
0x5677C0,qword_5677C0
0x5677C8,qword_5677C8
0x5677D0,qword_5677D0
0x5677D8,qword_5677D8
0x5677E0,stru_5677E0
0x567804,stru_567804
0x56780C,qword_56780C
0x567814,qword_567814
0x56781C,qword_56781C
0x567824,qword_567824
0x56782C,stru_56782C
0x567850,stru_567850
0x567858,stru_567858
0x56787C,stru_56787C
0x567884,stru_567884
0x5678A8,stru_5678A8
0x5678B0,qword_5678B0
0x5678B8,qword_5678B8
0x5678C0,qword_5678C0
0x5678C8,qword_5678C8
0x5678D0,qword_5678D0
0x5678D8,qword_5678D8
0x5678E0,stru_5678E0
0x567904,dword_567904
0x567908,stru_567908
0x567910,qword_567910
0x567918,qword_567918
0x567920,qword_567920
0x567928,qword_567928
0x567930,qword_567930
0x567938,qword_567938
0x567940,qword_567940
0x567948,qword_567948
0x567950,qword_567950
0x567958,qword_567958
0x567960,qword_567960
0x567968,qword_567968
0x567970,qword_567970
0x567978,qword_567978
0x567980,qword_567980
0x567988,qword_567988
0x567990,qword_567990
0x567998,stru_567998
0x5679BC,stru_5679BC
0x5679C4,qword_5679C4
0x5679CC,qword_5679CC
0x5679D4,qword_5679D4
0x5679DC,qword_5679DC
0x5679E4,qword_5679E4
0x5679EC,stru_5679EC
0x567A10,stru_567A10
0x567A18,qword_567A18
0x567A20,qword_567A20
0x567A28,qword_567A28
0x567A30,stru_567A30
0x567A54,dword_567A54
0x567A58,stru_567A58
0x567A60,qword_567A60
0x567A68,qword_567A68
0x567A70,qword_567A70
0x567A78,qword_567A78
0x567A80,qword_567A80
0x567A88,qword_567A88
0x567A90,qword_567A90
0x567A98,qword_567A98
0x567AA0,qword_567AA0
0x567AA8,qword_567AA8
0x567AB0,qword_567AB0
0x567AB8,qword_567AB8
0x567AC0,qword_567AC0
0x567AC8,qword_567AC8
0x567AD0,qword_567AD0
0x567AD8,qword_567AD8
0x567AE0,stru_567AE0
0x567B04,dword_567B04
0x567B08,stru_567B08
0x567B10,qword_567B10
0x567B18,qword_567B18
0x567B20,qword_567B20
0x567B28,qword_567B28
0x567B30,qword_567B30
0x567B38,qword_567B38
0x567B40,qword_567B40
0x567B48,qword_567B48
0x567B50,qword_567B50
0x567B58,qword_567B58
0x567B60,qword_567B60
0x567B68,qword_567B68
0x567B70,qword_567B70
0x567B78,qword_567B78
0x567B80,qword_567B80
0x567B88,qword_567B88
0x567B90,qword_567B90
0x567B98,qword_567B98
0x567BA0,qword_567BA0
0x567BA8,qword_567BA8
0x567BB0,qword_567BB0
0x567BB8,qword_567BB8
0x567BC0,qword_567BC0
0x567BC8,qword_567BC8
0x567BD0,qword_567BD0
0x567BD8,qword_567BD8
0x567BE0,qword_567BE0
0x567BE8,qword_567BE8
0x567BF0,qword_567BF0
0x567BF8,qword_567BF8
0x567C00,qword_567C00
0x567C08,qword_567C08
0x567C10,qword_567C10
0x567C18,qword_567C18
0x567C20,qword_567C20
0x567C28,qword_567C28
0x567C30,qword_567C30
0x567C38,qword_567C38
0x567C40,qword_567C40
0x567C48,qword_567C48
0x567C50,qword_567C50
0x567C58,qword_567C58
0x567C60,qword_567C60
0x567C68,qword_567C68
0x567C70,qword_567C70
0x567C78,qword_567C78
0x567C80,qword_567C80
0x567C88,qword_567C88
0x567C90,qword_567C90
0x567C98,qword_567C98
0x567CA0,qword_567CA0
0x567CA8,qword_567CA8
0x567CB0,qword_567CB0
0x567CB8,qword_567CB8
0x567CC0,qword_567CC0
0x567CC8,qword_567CC8
0x567CD0,qword_567CD0
0x567CD8,qword_567CD8
0x567CE0,qword_567CE0
0x567CE8,qword_567CE8
0x567CF0,qword_567CF0
0x567CF8,qword_567CF8
0x567D00,qword_567D00
0x567D08,qword_567D08
0x567D10,qword_567D10
0x567D18,qword_567D18
0x567D20,stru_567D20
0x567D44,stru_567D44
0x567D4C,qword_567D4C
0x567D54,qword_567D54
0x567D5C,qword_567D5C
0x567D64,qword_567D64
0x567D6C,qword_567D6C
0x567D74,qword_567D74
0x567D7C,stru_567D7C
0x567DA0,stru_567DA0
0x567DA8,qword_567DA8
0x567DB0,qword_567DB0
0x567DB8,qword_567DB8
0x567DC0,qword_567DC0
0x567DC8,qword_567DC8
0x567DD0,stru_567DD0
0x567DF4,stru_567DF4
0x567DFC,qword_567DFC
0x567E04,stru_567E04
0x567E28,stru_567E28
0x567E30,qword_567E30
0x567E38,qword_567E38
0x567E40,qword_567E40
0x567E48,qword_567E48
0x567E50,qword_567E50
0x567E58,qword_567E58
0x567E60,qword_567E60
0x567E68,qword_567E68
0x567E70,qword_567E70
0x567E78,qword_567E78
0x567E80,qword_567E80
0x567E88,stru_567E88
0x567EAC,stru_567EAC
0x567EB4,qword_567EB4
0x567EBC,qword_567EBC
0x567EC4,stru_567EC4
0x567EE8,stru_567EE8
0x567EF0,qword_567EF0
0x567EF8,qword_567EF8
0x567F00,qword_567F00
0x567F08,qword_567F08
0x567F10,qword_567F10
0x567F18,qword_567F18
0x567F20,qword_567F20
0x567F28,qword_567F28
0x567F30,qword_567F30
0x567F38,qword_567F38
0x567F40,qword_567F40
0x567F48,qword_567F48
0x567F50,qword_567F50
0x567F58,qword_567F58
0x567F60,qword_567F60
0x567F68,qword_567F68
0x567F70,qword_567F70
0x567F78,qword_567F78
0x567F80,qword_567F80
0x567F88,qword_567F88
0x567F90,qword_567F90
0x567F98,qword_567F98
0x567FA0,qword_567FA0
0x567FA8,qword_567FA8
0x567FB0,qword_567FB0
0x567FB8,qword_567FB8
0x567FC0,stru_567FC0
0x567FE4,stru_567FE4
0x567FEC,qword_567FEC
0x567FF4,qword_567FF4
0x567FFC,stru_567FFC
0x568020,stru_568020
0x568028,qword_568028
0x568030,qword_568030
0x568038,qword_568038
0x568040,qword_568040
0x568048,qword_568048
0x568050,qword_568050
0x568058,qword_568058
0x568060,qword_568060
0x568068,qword_568068
0x568070,stru_568070
0x568094,stru_568094
0x56809C,qword_56809C
0x5680A4,qword_5680A4
0x5680AC,qword_5680AC
0x5680B4,qword_5680B4
0x5680BC,qword_5680BC
0x5680C4,qword_5680C4
0x5680CC,stru_5680CC
0x5680F0,stru_5680F0
0x5680F8,qword_5680F8
0x568100,qword_568100
0x568108,qword_568108
0x568110,qword_568110
0x568118,qword_568118
0x568120,qword_568120
0x568128,qword_568128
0x568130,qword_568130
0x568138,qword_568138
0x568140,qword_568140
0x568148,qword_568148
0x568150,qword_568150
0x568158,qword_568158
0x568160,qword_568160
0x568168,qword_568168
0x568170,qword_568170
0x568178,qword_568178
0x568180,qword_568180
0x568188,qword_568188
0x568190,qword_568190
0x568198,qword_568198
0x5681A0,qword_5681A0
0x5681A8,qword_5681A8
0x5681B0,qword_5681B0
0x5681B8,qword_5681B8
0x5681C0,qword_5681C0
0x5681C8,qword_5681C8
0x5681D0,qword_5681D0
0x5681D8,qword_5681D8
0x5681E0,qword_5681E0
0x5681E8,qword_5681E8
0x5681F0,qword_5681F0
0x5681F8,qword_5681F8
0x568200,qword_568200
0x568208,qword_568208
0x568210,qword_568210
0x568218,qword_568218
0x568220,qword_568220
0x568228,qword_568228
0x568230,qword_568230
0x568238,qword_568238
0x568240,qword_568240
0x568248,qword_568248
0x568250,qword_568250
0x568258,qword_568258
0x568260,qword_568260
0x568268,qword_568268
0x568270,qword_568270
0x568278,qword_568278
0x568280,qword_568280
0x568288,qword_568288
0x568290,qword_568290
0x568298,qword_568298
0x5682A0,qword_5682A0
0x5682A8,qword_5682A8
0x5682B0,qword_5682B0
0x5682B8,qword_5682B8
0x5682C0,qword_5682C0
0x5682C8,qword_5682C8
0x5682D0,qword_5682D0
0x5682D8,qword_5682D8
0x5682E0,qword_5682E0
0x5682E8,qword_5682E8
0x5682F0,qword_5682F0
0x5682F8,qword_5682F8
0x568300,qword_568300
0x568308,qword_568308
0x568310,qword_568310
0x568318,qword_568318
0x568320,qword_568320
0x568328,qword_568328
0x568330,qword_568330
0x568338,qword_568338
0x568340,qword_568340
0x568348,qword_568348
0x568350,qword_568350
0x568358,qword_568358
0x568360,qword_568360
0x568368,qword_568368
0x568370,qword_568370
0x568378,qword_568378
0x568380,qword_568380
0x568388,qword_568388
0x568390,qword_568390
0x568398,qword_568398
0x5683A0,qword_5683A0
0x5683A8,qword_5683A8
0x5683B0,qword_5683B0
0x5683B8,qword_5683B8
0x5683C0,qword_5683C0
0x5683C8,qword_5683C8
0x5683D0,qword_5683D0
0x5683D8,qword_5683D8
0x5683E0,qword_5683E0
0x5683E8,qword_5683E8
0x5683F0,qword_5683F0
0x5683F8,qword_5683F8
0x568400,qword_568400
0x568408,qword_568408
0x568410,qword_568410
0x568418,qword_568418
0x568420,qword_568420
0x568428,qword_568428
0x568430,qword_568430
0x568438,qword_568438
0x568440,qword_568440
0x568448,qword_568448
0x568450,qword_568450
0x568458,qword_568458
0x568460,qword_568460
0x568468,qword_568468
0x568470,qword_568470
0x568478,qword_568478
0x568480,qword_568480
0x568488,qword_568488
0x568490,qword_568490
0x568498,qword_568498
0x5684A0,qword_5684A0
0x5684A8,qword_5684A8
0x5684B0,qword_5684B0
0x5684B8,qword_5684B8
0x5684C0,qword_5684C0
0x5684C8,qword_5684C8
0x5684D0,qword_5684D0
0x5684D8,qword_5684D8
0x5684E0,qword_5684E0
0x5684E8,qword_5684E8
0x5684F0,qword_5684F0
0x5684F8,qword_5684F8
0x568500,qword_568500
0x568508,qword_568508
0x568510,qword_568510
0x568518,qword_568518
0x568520,qword_568520
0x568528,qword_568528
0x568530,qword_568530
0x568538,qword_568538
0x568540,qword_568540
0x568548,qword_568548
0x568550,qword_568550
0x568558,qword_568558
0x568560,qword_568560
0x568568,qword_568568
0x568570,qword_568570
0x568578,qword_568578
0x568580,qword_568580
0x568588,qword_568588
0x568590,qword_568590
0x568598,qword_568598
0x5685A0,qword_5685A0
0x5685A8,qword_5685A8
0x5685B0,qword_5685B0
0x5685B8,qword_5685B8
0x5685C0,qword_5685C0
0x5685C8,qword_5685C8
0x5685D0,qword_5685D0
0x5685D8,qword_5685D8
0x5685E0,qword_5685E0
0x5685E8,qword_5685E8
0x5685F0,qword_5685F0
0x5685F8,qword_5685F8
0x568600,qword_568600
0x568608,qword_568608
0x568610,qword_568610
0x568618,qword_568618
0x568620,qword_568620
0x568628,qword_568628
0x568630,qword_568630
0x568638,qword_568638
0x568640,qword_568640
0x568648,qword_568648
0x568650,qword_568650
0x568658,qword_568658
0x568660,qword_568660
0x568668,qword_568668
0x568670,qword_568670
0x568678,qword_568678
0x568680,qword_568680
0x568688,stru_568688
0x5686AC,stru_5686AC
0x5686B4,stru_5686B4
0x5686D8,stru_5686D8
0x5686E0,qword_5686E0
0x5686E8,qword_5686E8
0x5686F0,qword_5686F0
0x5686F8,qword_5686F8
0x568700,qword_568700
0x568708,stru_568708
0x56872C,dword_56872C
0x568730,stru_568730
0x568738,qword_568738
0x568740,qword_568740
0x568748,qword_568748
0x568750,qword_568750
0x568758,qword_568758
0x568760,qword_568760
0x568768,qword_568768
0x568770,qword_568770
0x568778,qword_568778
0x568780,qword_568780
0x568788,qword_568788
0x568790,qword_568790
0x568798,qword_568798
0x5687A0,qword_5687A0
0x5687A8,qword_5687A8
0x5687B0,qword_5687B0
0x5687B8,qword_5687B8
0x5687C0,qword_5687C0
0x5687C8,qword_5687C8
0x5687D0,stru_5687D0
0x5687F4,stru_5687F4
0x5687FC,stru_5687FC
0x568820,stru_568820
0x568828,stru_568828
0x56884C,stru_56884C
0x568854,qword_568854
0x56885C,qword_56885C
0x568864,stru_568864
0x568888,stru_568888
0x568890,qword_568890
0x568898,qword_568898
0x5688A0,qword_5688A0
0x5688A8,stru_5688A8
0x5688CC,stru_5688CC
0x5688D4,stru_5688D4
0x5688F8,stru_5688F8
0x568900,qword_568900
0x568908,qword_568908
0x568910,stru_568910
0x568934,stru_568934
0x56893C,qword_56893C
0x568944,qword_568944
0x56894C,qword_56894C
0x568954,stru_568954
0x568978,stru_568978
0x568980,qword_568980
0x568988,stru_568988
0x5689AC,stru_5689AC
0x5689B4,qword_5689B4
0x5689BC,qword_5689BC
0x5689C4,qword_5689C4
0x5689CC,stru_5689CC
0x5689F0,stru_5689F0
0x5689F8,qword_5689F8
0x568A00,qword_568A00
0x568A08,qword_568A08
0x568A10,qword_568A10
0x568A18,qword_568A18
0x568A20,qword_568A20
0x568A28,qword_568A28
0x568A30,qword_568A30
0x568A38,qword_568A38
0x568A40,qword_568A40
0x568A48,qword_568A48
0x568A50,qword_568A50
0x568A58,qword_568A58
0x568A60,qword_568A60
0x568A68,qword_568A68
0x568A70,qword_568A70
0x568A78,qword_568A78
0x568A80,qword_568A80
0x568A88,qword_568A88
0x568A90,qword_568A90
0x568A98,qword_568A98
0x568AA0,qword_568AA0
0x568AA8,qword_568AA8
0x568AB0,qword_568AB0
0x568AB8,qword_568AB8
0x568AC0,qword_568AC0
0x568AC8,qword_568AC8
0x568AD0,qword_568AD0
0x568AD8,qword_568AD8
0x568AE0,qword_568AE0
0x568AE8,qword_568AE8
0x568AF0,qword_568AF0
0x568AF8,qword_568AF8
0x568B00,qword_568B00
0x568B08,qword_568B08
0x568B10,stru_568B10
0x568B34,dword_568B34
0x568B38,stru_568B38
0x568B40,qword_568B40
0x568B48,qword_568B48
0x568B50,qword_568B50
0x568B58,qword_568B58
0x568B60,qword_568B60
0x568B68,qword_568B68
0x568B70,qword_568B70
0x568B78,qword_568B78
0x568B80,qword_568B80
0x568B88,qword_568B88
0x568B90,qword_568B90
0x568B98,qword_568B98
0x568BA0,qword_568BA0
0x568BA8,qword_568BA8
0x568BB0,qword_568BB0
0x568BB8,qword_568BB8
0x568BC0,qword_568BC0
0x568BC8,qword_568BC8
0x568BD0,qword_568BD0
0x568BD8,qword_568BD8
0x568BE0,qword_568BE0
0x568BE8,qword_568BE8
0x568BF0,qword_568BF0
0x568BF8,qword_568BF8
0x568C00,qword_568C00
0x568C08,qword_568C08
0x568C10,qword_568C10
0x568C18,qword_568C18
0x568C20,qword_568C20
0x568C28,qword_568C28
0x568C30,qword_568C30
0x568C38,qword_568C38
0x568C40,qword_568C40
0x568C48,qword_568C48
0x568C50,qword_568C50
0x568C58,qword_568C58
0x568C60,qword_568C60
0x568C68,qword_568C68
0x568C70,qword_568C70
0x568C78,qword_568C78
0x568C80,qword_568C80
0x568C88,qword_568C88
0x568C90,qword_568C90
0x568C98,qword_568C98
0x568CA0,stru_568CA0
0x568CC4,dword_568CC4
0x568CC8,stru_568CC8
0x568CD0,qword_568CD0
0x568CD8,qword_568CD8
0x568CE0,qword_568CE0
0x568CE8,qword_568CE8
0x568CF0,qword_568CF0
0x568CF8,qword_568CF8
0x568D00,qword_568D00
0x568D08,qword_568D08
0x568D10,qword_568D10
0x568D18,qword_568D18
0x568D20,qword_568D20
0x568D28,qword_568D28
0x568D30,qword_568D30
0x568D38,qword_568D38
0x568D40,qword_568D40
0x568D48,qword_568D48
0x568D50,qword_568D50
0x568D58,qword_568D58
0x568D60,qword_568D60
0x568D68,qword_568D68
0x568D70,qword_568D70
0x568D78,qword_568D78
0x568D80,qword_568D80
0x568D88,qword_568D88
0x568D90,qword_568D90
0x568D98,qword_568D98
0x568DA0,qword_568DA0
0x568DA8,qword_568DA8
0x568DB0,qword_568DB0
0x568DB8,qword_568DB8
0x568DC0,qword_568DC0
0x568DC8,qword_568DC8
0x568DD0,qword_568DD0
0x568DD8,qword_568DD8
0x568DE0,qword_568DE0
0x568DE8,qword_568DE8
0x568DF0,qword_568DF0
0x568DF8,qword_568DF8
0x568E00,qword_568E00
0x568E08,qword_568E08
0x568E10,qword_568E10
0x568E18,qword_568E18
0x568E20,qword_568E20
0x568E28,qword_568E28
0x568E30,qword_568E30
0x568E38,qword_568E38
0x568E40,qword_568E40
0x568E48,qword_568E48
0x568E50,qword_568E50
0x568E58,qword_568E58
0x568E60,qword_568E60
0x568E68,qword_568E68
0x568E70,qword_568E70
0x568E78,qword_568E78
0x568E80,qword_568E80
0x568E88,qword_568E88
0x568E90,qword_568E90
0x568E98,qword_568E98
0x568EA0,qword_568EA0
0x568EA8,qword_568EA8
0x568EB0,qword_568EB0
0x568EB8,qword_568EB8
0x568EC0,qword_568EC0
0x568EC8,qword_568EC8
0x568ED0,qword_568ED0
0x568ED8,qword_568ED8
0x568EE0,qword_568EE0
0x568EE8,qword_568EE8
0x568EF0,qword_568EF0
0x568EF8,qword_568EF8
0x568F00,qword_568F00
0x568F08,qword_568F08
0x568F10,qword_568F10
0x568F18,qword_568F18
0x568F20,qword_568F20
0x568F28,qword_568F28
0x568F30,qword_568F30
0x568F38,qword_568F38
0x568F40,qword_568F40
0x568F48,qword_568F48
0x568F50,qword_568F50
0x568F58,stru_568F58
0x568F7C,dword_568F7C
0x568F80,stru_568F80
0x568F88,qword_568F88
0x568F90,qword_568F90
0x568F98,qword_568F98
0x568FA0,qword_568FA0
0x568FA8,qword_568FA8
0x568FB0,qword_568FB0
0x568FB8,qword_568FB8
0x568FC0,qword_568FC0
0x568FC8,qword_568FC8
0x568FD0,qword_568FD0
0x568FD8,stru_568FD8
0x568FFC,dword_568FFC
0x569000,stru_569000
0x569008,qword_569008
0x569010,qword_569010
0x569018,qword_569018
0x569020,qword_569020
0x569028,qword_569028
0x569030,qword_569030
0x569038,qword_569038
0x569040,qword_569040
0x569048,qword_569048
0x569050,qword_569050
0x569058,qword_569058
0x569060,qword_569060
0x569068,qword_569068
0x569070,qword_569070
0x569078,qword_569078
0x569080,qword_569080
0x569088,qword_569088
0x569090,stru_569090
0x5690B4,stru_5690B4
0x5690BC,qword_5690BC
0x5690C4,qword_5690C4
0x5690CC,qword_5690CC
0x5690D4,stru_5690D4
0x5690F8,stru_5690F8
0x569100,qword_569100
0x569108,qword_569108
0x569110,qword_569110
0x569118,qword_569118
0x569120,qword_569120
0x569128,qword_569128
0x569130,qword_569130
0x569138,stru_569138
0x56915C,dword_56915C
0x569160,stru_569160
0x569168,qword_569168
0x569170,qword_569170
0x569178,qword_569178
0x569180,qword_569180
0x569188,qword_569188
0x569190,qword_569190
0x569198,qword_569198
0x5691A0,qword_5691A0
0x5691A8,qword_5691A8
0x5691B0,qword_5691B0
0x5691B8,qword_5691B8
0x5691C0,qword_5691C0
0x5691C8,qword_5691C8
0x5691D0,qword_5691D0
0x5691D8,qword_5691D8
0x5691E0,qword_5691E0
0x5691E8,qword_5691E8
0x5691F0,qword_5691F0
0x5691F8,stru_5691F8
0x56921C,dword_56921C
0x569220,stru_569220
0x569228,qword_569228
0x569230,qword_569230
0x569238,qword_569238
0x569240,qword_569240
0x569248,qword_569248
0x569250,qword_569250
0x569258,qword_569258
0x569260,qword_569260
0x569268,qword_569268
0x569270,qword_569270
0x569278,qword_569278
0x569280,qword_569280
0x569288,qword_569288
0x569290,qword_569290
0x569298,qword_569298
0x5692A0,qword_5692A0
0x5692A8,qword_5692A8
0x5692B0,qword_5692B0
0x5692B8,qword_5692B8
0x5692C0,qword_5692C0
0x5692C8,qword_5692C8
0x5692D0,qword_5692D0
0x5692D8,qword_5692D8
0x5692E0,qword_5692E0
0x5692E8,qword_5692E8
0x5692F0,stru_5692F0
0x569314,stru_569314
0x56931C,qword_56931C
0x569324,qword_569324
0x56932C,qword_56932C
0x569334,qword_569334
0x56933C,qword_56933C
0x569344,stru_569344
0x569368,stru_569368
0x569370,qword_569370
0x569378,qword_569378
0x569380,qword_569380
0x569388,qword_569388
0x569390,qword_569390
0x569398,qword_569398
0x5693A0,qword_5693A0
0x5693A8,qword_5693A8
0x5693B0,qword_5693B0
0x5693B8,qword_5693B8
0x5693C0,qword_5693C0
0x5693C8,qword_5693C8
0x5693D0,qword_5693D0
0x5693D8,qword_5693D8
0x5693E0,qword_5693E0
0x5693E8,qword_5693E8
0x5693F0,qword_5693F0
0x5693F8,qword_5693F8
0x569400,qword_569400
0x569408,qword_569408
0x569410,qword_569410
0x569418,qword_569418
0x569420,qword_569420
0x569428,qword_569428
0x569430,qword_569430
0x569438,qword_569438
0x569440,qword_569440
0x569448,qword_569448
0x569450,qword_569450
0x569458,qword_569458
0x569460,qword_569460
0x569468,qword_569468
0x569470,qword_569470
0x569478,qword_569478
0x569480,qword_569480
0x569488,qword_569488
0x569490,qword_569490
0x569498,qword_569498
0x5694A0,qword_5694A0
0x5694A8,qword_5694A8
0x5694B0,qword_5694B0
0x5694B8,qword_5694B8
0x5694C0,qword_5694C0
0x5694C8,qword_5694C8
0x5694D0,qword_5694D0
0x5694D8,qword_5694D8
0x5694E0,qword_5694E0
0x5694E8,qword_5694E8
0x5694F0,qword_5694F0
0x5694F8,qword_5694F8
0x569500,qword_569500
0x569508,qword_569508
0x569510,qword_569510
0x569518,qword_569518
0x569520,qword_569520
0x569528,qword_569528
0x569530,qword_569530
0x569538,qword_569538
0x569540,qword_569540
0x569548,qword_569548
0x569550,qword_569550
0x569558,qword_569558
0x569560,qword_569560
0x569568,qword_569568
0x569570,qword_569570
0x569578,qword_569578
0x569580,qword_569580
0x569588,qword_569588
0x569590,qword_569590
0x569598,qword_569598
0x5695A0,qword_5695A0
0x5695A8,qword_5695A8
0x5695B0,qword_5695B0
0x5695B8,qword_5695B8
0x5695C0,qword_5695C0
0x5695C8,qword_5695C8
0x5695D0,qword_5695D0
0x5695D8,qword_5695D8
0x5695E0,qword_5695E0
0x5695E8,qword_5695E8
0x5695F0,qword_5695F0
0x5695F8,qword_5695F8
0x569600,qword_569600
0x569608,qword_569608
0x569610,qword_569610
0x569618,qword_569618
0x569620,qword_569620
0x569628,qword_569628
0x569630,qword_569630
0x569638,qword_569638
0x569640,qword_569640
0x569648,qword_569648
0x569650,qword_569650
0x569658,qword_569658
0x569660,qword_569660
0x569668,qword_569668
0x569670,qword_569670
0x569678,qword_569678
0x569680,qword_569680
0x569688,qword_569688
0x569690,qword_569690
0x569698,qword_569698
0x5696A0,qword_5696A0
0x5696A8,qword_5696A8
0x5696B0,qword_5696B0
0x5696B8,qword_5696B8
0x5696C0,qword_5696C0
0x5696C8,qword_5696C8
0x5696D0,qword_5696D0
0x5696D8,qword_5696D8
0x5696E0,qword_5696E0
0x5696E8,qword_5696E8
0x5696F0,qword_5696F0
0x5696F8,qword_5696F8
0x569700,qword_569700
0x569708,qword_569708
0x569710,qword_569710
0x569718,qword_569718
0x569720,qword_569720
0x569728,qword_569728
0x569730,qword_569730
0x569738,qword_569738
0x569740,qword_569740
0x569748,qword_569748
0x569750,qword_569750
0x569758,qword_569758
0x569760,qword_569760
0x569768,qword_569768
0x569770,qword_569770
0x569778,qword_569778
0x569780,qword_569780
0x569788,qword_569788
0x569790,qword_569790
0x569798,qword_569798
0x5697A0,qword_5697A0
0x5697A8,qword_5697A8
0x5697B0,qword_5697B0
0x5697B8,qword_5697B8
0x5697C0,qword_5697C0
0x5697C8,qword_5697C8
0x5697D0,qword_5697D0
0x5697D8,qword_5697D8
0x5697E0,qword_5697E0
0x5697E8,qword_5697E8
0x5697F0,qword_5697F0
0x5697F8,qword_5697F8
0x569800,qword_569800
0x569808,qword_569808
0x569810,qword_569810
0x569818,qword_569818
0x569820,qword_569820
0x569828,qword_569828
0x569830,qword_569830
0x569838,qword_569838
0x569840,qword_569840
0x569848,qword_569848
0x569850,qword_569850
0x569858,qword_569858
0x569860,qword_569860
0x569868,stru_569868
0x56988C,stru_56988C
0x569894,qword_569894
0x56989C,stru_56989C
0x5698C0,stru_5698C0
0x5698C8,qword_5698C8
0x5698D0,qword_5698D0
0x5698D8,stru_5698D8
0x5698FC,dword_5698FC
0x569900,stru_569900
0x569908,qword_569908
0x569910,qword_569910
0x569918,qword_569918
0x569920,qword_569920
0x569928,qword_569928
0x569930,qword_569930
0x569938,qword_569938
0x569940,qword_569940
0x569948,qword_569948
0x569950,qword_569950
0x569958,qword_569958
0x569960,qword_569960
0x569968,qword_569968
0x569970,qword_569970
0x569978,qword_569978
0x569980,qword_569980
0x569988,qword_569988
0x569990,qword_569990
0x569998,qword_569998
0x5699A0,qword_5699A0
0x5699A8,qword_5699A8
0x5699B0,qword_5699B0
0x5699B8,qword_5699B8
0x5699C0,qword_5699C0
0x5699C8,stru_5699C8
0x5699EC,dword_5699EC
0x5699F0,stru_5699F0
0x5699F8,qword_5699F8
0x569A00,qword_569A00
0x569A08,qword_569A08
0x569A10,qword_569A10
0x569A18,qword_569A18
0x569A20,qword_569A20
0x569A28,qword_569A28
0x569A30,qword_569A30
0x569A38,qword_569A38
0x569A40,qword_569A40
0x569A48,qword_569A48
0x569A50,qword_569A50
0x569A58,qword_569A58
0x569A60,qword_569A60
0x569A68,qword_569A68
0x569A70,qword_569A70
0x569A78,qword_569A78
0x569A80,qword_569A80
0x569A88,qword_569A88
0x569A90,qword_569A90
0x569A98,qword_569A98
0x569AA0,qword_569AA0
0x569AA8,qword_569AA8
0x569AB0,stru_569AB0
0x569AD4,dword_569AD4
0x569AD8,stru_569AD8
0x569AE0,qword_569AE0
0x569AE8,qword_569AE8
0x569AF0,qword_569AF0
0x569AF8,qword_569AF8
0x569B00,qword_569B00
0x569B08,qword_569B08
0x569B10,qword_569B10
0x569B18,qword_569B18
0x569B20,qword_569B20
0x569B28,qword_569B28
0x569B30,stru_569B30
0x569B54,stru_569B54
0x569B5C,qword_569B5C
0x569B64,qword_569B64
0x569B6C,stru_569B6C
0x569B90,stru_569B90
0x569B98,qword_569B98
0x569BA0,qword_569BA0
0x569BA8,qword_569BA8
0x569BB0,stru_569BB0
0x569BD4,stru_569BD4
0x569BDC,qword_569BDC
0x569BE4,qword_569BE4
0x569BEC,qword_569BEC
0x569BF4,qword_569BF4
0x569BFC,qword_569BFC
0x569C04,stru_569C04
0x569C28,stru_569C28
0x569C30,qword_569C30
0x569C38,qword_569C38
0x569C40,qword_569C40
0x569C48,qword_569C48
0x569C50,qword_569C50
0x569C58,qword_569C58
0x569C60,qword_569C60
0x569C68,qword_569C68
0x569C70,qword_569C70
0x569C78,qword_569C78
0x569C80,qword_569C80
0x569C88,qword_569C88
0x569C90,qword_569C90
0x569C98,qword_569C98
0x569CA0,qword_569CA0
0x569CA8,qword_569CA8
0x569CB0,qword_569CB0
0x569CB8,qword_569CB8
0x569CC0,qword_569CC0
0x569CC8,qword_569CC8
0x569CD0,qword_569CD0
0x569CD8,qword_569CD8
0x569CE0,qword_569CE0
0x569CE8,qword_569CE8
0x569CF0,qword_569CF0
0x569CF8,qword_569CF8
0x569D00,qword_569D00
0x569D08,qword_569D08
0x569D10,qword_569D10
0x569D18,qword_569D18
0x569D20,qword_569D20
0x569D28,qword_569D28
0x569D30,qword_569D30
0x569D38,qword_569D38
0x569D40,qword_569D40
0x569D48,qword_569D48
0x569D50,qword_569D50
0x569D58,qword_569D58
0x569D60,qword_569D60
0x569D68,qword_569D68
0x569D70,qword_569D70
0x569D78,qword_569D78
0x569D80,qword_569D80
0x569D88,qword_569D88
0x569D90,qword_569D90
0x569D98,qword_569D98
0x569DA0,qword_569DA0
0x569DA8,qword_569DA8
0x569DB0,qword_569DB0
0x569DB8,qword_569DB8
0x569DC0,qword_569DC0
0x569DC8,qword_569DC8
0x569DD0,qword_569DD0
0x569DD8,qword_569DD8
0x569DE0,qword_569DE0
0x569DE8,qword_569DE8
0x569DF0,qword_569DF0
0x569DF8,qword_569DF8
0x569E00,qword_569E00
0x569E08,qword_569E08
0x569E10,stru_569E10
0x569E34,dword_569E34
0x569E38,stru_569E38
0x569E40,qword_569E40
0x569E48,qword_569E48
0x569E50,qword_569E50
0x569E58,qword_569E58
0x569E60,qword_569E60
0x569E68,qword_569E68
0x569E70,qword_569E70
0x569E78,qword_569E78
0x569E80,qword_569E80
0x569E88,qword_569E88
0x569E90,qword_569E90
0x569E98,qword_569E98
0x569EA0,qword_569EA0
0x569EA8,qword_569EA8
0x569EB0,qword_569EB0
0x569EB8,qword_569EB8
0x569EC0,qword_569EC0
0x569EC8,qword_569EC8
0x569ED0,qword_569ED0
0x569ED8,qword_569ED8
0x569EE0,qword_569EE0
0x569EE8,qword_569EE8
0x569EF0,qword_569EF0
0x569EF8,qword_569EF8
0x569F00,qword_569F00
0x569F08,qword_569F08
0x569F10,qword_569F10
0x569F18,qword_569F18
0x569F20,qword_569F20
0x569F28,stru_569F28
0x569F4C,stru_569F4C
0x569F54,stru_569F54
0x569F78,stru_569F78
0x569F80,qword_569F80
0x569F88,qword_569F88
0x569F90,qword_569F90
0x569F98,qword_569F98
0x569FA0,stru_569FA0
0x569FC4,dword_569FC4
0x569FC8,stru_569FC8
0x569FD0,qword_569FD0
0x569FD8,qword_569FD8
0x569FE0,qword_569FE0
0x569FE8,qword_569FE8
0x569FF0,qword_569FF0
0x569FF8,qword_569FF8
0x56A000,qword_56A000
0x56A008,qword_56A008
0x56A010,qword_56A010
0x56A018,qword_56A018
0x56A020,qword_56A020
0x56A028,qword_56A028
0x56A030,qword_56A030
0x56A038,qword_56A038
0x56A040,qword_56A040
0x56A048,qword_56A048
0x56A050,stru_56A050
0x56A074,stru_56A074
0x56A07C,qword_56A07C
0x56A084,qword_56A084
0x56A08C,qword_56A08C
0x56A094,qword_56A094
0x56A09C,qword_56A09C
0x56A0A4,stru_56A0A4
0x56A0C8,stru_56A0C8
0x56A0D0,qword_56A0D0
0x56A0D8,qword_56A0D8
0x56A0E0,qword_56A0E0
0x56A0E8,qword_56A0E8
0x56A0F0,qword_56A0F0
0x56A0F8,qword_56A0F8
0x56A100,qword_56A100
0x56A108,qword_56A108
0x56A110,qword_56A110
0x56A118,qword_56A118
0x56A120,qword_56A120
0x56A128,qword_56A128
0x56A130,qword_56A130
0x56A138,qword_56A138
0x56A140,qword_56A140
0x56A148,qword_56A148
0x56A150,qword_56A150
0x56A158,stru_56A158
0x56A17C,dword_56A17C
0x56A180,stru_56A180
0x56A188,qword_56A188
0x56A190,qword_56A190
0x56A198,qword_56A198
0x56A1A0,qword_56A1A0
0x56A1A8,qword_56A1A8
0x56A1B0,qword_56A1B0
0x56A1B8,qword_56A1B8
0x56A1C0,qword_56A1C0
0x56A1C8,qword_56A1C8
0x56A1D0,stru_56A1D0
0x56A1F4,stru_56A1F4
0x56A1FC,qword_56A1FC
0x56A204,qword_56A204
0x56A20C,qword_56A20C
0x56A214,stru_56A214
0x56A238,stru_56A238
0x56A240,stru_56A240
0x56A264,dword_56A264
0x56A268,stru_56A268
0x56A270,qword_56A270
0x56A278,qword_56A278
0x56A280,qword_56A280
0x56A288,qword_56A288
0x56A290,qword_56A290
0x56A298,qword_56A298
0x56A2A0,qword_56A2A0
0x56A2A8,qword_56A2A8
0x56A2B0,qword_56A2B0
0x56A2B8,qword_56A2B8
0x56A2C0,qword_56A2C0
0x56A2C8,qword_56A2C8
0x56A2D0,qword_56A2D0
0x56A2D8,qword_56A2D8
0x56A2E0,qword_56A2E0
0x56A2E8,qword_56A2E8
0x56A2F0,qword_56A2F0
0x56A2F8,qword_56A2F8
0x56A300,qword_56A300
0x56A308,qword_56A308
0x56A310,qword_56A310
0x56A318,stru_56A318
0x56A33C,dword_56A33C
0x56A340,stru_56A340
0x56A348,qword_56A348
0x56A350,qword_56A350
0x56A358,qword_56A358
0x56A360,qword_56A360
0x56A368,qword_56A368
0x56A370,qword_56A370
0x56A378,qword_56A378
0x56A380,qword_56A380
0x56A388,qword_56A388
0x56A390,qword_56A390
0x56A398,qword_56A398
0x56A3A0,stru_56A3A0
0x56A3C4,dword_56A3C4
0x56A3C8,stru_56A3C8
0x56A3D0,qword_56A3D0
0x56A3D8,qword_56A3D8
0x56A3E0,qword_56A3E0
0x56A3E8,qword_56A3E8
0x56A3F0,qword_56A3F0
0x56A3F8,qword_56A3F8
0x56A400,qword_56A400
0x56A408,qword_56A408
0x56A410,qword_56A410
0x56A418,qword_56A418
0x56A420,qword_56A420
0x56A428,qword_56A428
0x56A430,qword_56A430
0x56A438,qword_56A438
0x56A440,qword_56A440
0x56A448,qword_56A448
0x56A450,qword_56A450
0x56A458,qword_56A458
0x56A460,qword_56A460
0x56A468,qword_56A468
0x56A470,qword_56A470
0x56A478,qword_56A478
0x56A480,qword_56A480
0x56A488,qword_56A488
0x56A490,qword_56A490
0x56A498,qword_56A498
0x56A4A0,stru_56A4A0
0x56A4C4,stru_56A4C4
0x56A4CC,stru_56A4CC
0x56A4F0,stru_56A4F0
0x56A4F8,qword_56A4F8
0x56A500,qword_56A500
0x56A508,qword_56A508
0x56A510,qword_56A510
0x56A518,qword_56A518
0x56A520,qword_56A520
0x56A528,qword_56A528
0x56A530,qword_56A530
0x56A538,qword_56A538
0x56A540,qword_56A540
0x56A548,qword_56A548
0x56A550,qword_56A550
0x56A558,qword_56A558
0x56A560,qword_56A560
0x56A568,qword_56A568
0x56A570,qword_56A570
0x56A578,qword_56A578
0x56A580,qword_56A580
0x56A588,qword_56A588
0x56A590,qword_56A590
0x56A598,qword_56A598
0x56A5A0,qword_56A5A0
0x56A5A8,qword_56A5A8
0x56A5B0,stru_56A5B0
0x56A5D4,__IMPORT_DESCRIPTOR_fmod_event
0x56A5D8,dword_56A5D8
0x56A5DC,dword_56A5DC
0x56A5E0,dword_56A5E0
0x56A5E4,dword_56A5E4
0x56A5E8,__IMPORT_DESCRIPTOR_steam_api
0x56A5EC,dword_56A5EC
0x56A5F0,dword_56A5F0
0x56A5F4,dword_56A5F4
0x56A5F8,dword_56A5F8
0x56A5FC,__IMPORT_DESCRIPTOR_KERNEL32
0x56A600,dword_56A600
0x56A604,dword_56A604
0x56A608,dword_56A608
0x56A60C,dword_56A60C
0x56A610,__IMPORT_DESCRIPTOR_USER32
0x56A614,dword_56A614
0x56A618,dword_56A618
0x56A61C,dword_56A61C
0x56A620,dword_56A620
0x56A624,__IMPORT_DESCRIPTOR_GDI32
0x56A628,dword_56A628
0x56A62C,dword_56A62C
0x56A630,dword_56A630
0x56A634,dword_56A634
0x56A638,__IMPORT_DESCRIPTOR_COMDLG32
0x56A63C,dword_56A63C
0x56A640,dword_56A640
0x56A644,dword_56A644
0x56A648,dword_56A648
0x56A64C,__IMPORT_DESCRIPTOR_SHELL32
0x56A650,dword_56A650
0x56A654,dword_56A654
0x56A658,dword_56A658
0x56A65C,dword_56A65C
0x56A660,__IMPORT_DESCRIPTOR_MSVCR100
0x56A664,dword_56A664
0x56A668,dword_56A668
0x56A66C,dword_56A66C
0x56A670,dword_56A670
0x56A674,__IMPORT_DESCRIPTOR_MSVCP100
0x56A678,dword_56A678
0x56A67C,dword_56A67C
0x56A680,dword_56A680
0x56A684,dword_56A684
0x56A688,__IMPORT_DESCRIPTOR_DINPUT8
0x56A68C,dword_56A68C
0x56A690,dword_56A690
0x56A694,dword_56A694
0x56A698,dword_56A698
0x56A69C,__IMPORT_DESCRIPTOR_d3d9
0x56A6A0,dword_56A6A0
0x56A6A4,dword_56A6A4
0x56A6A8,dword_56A6A8
0x56A6AC,dword_56A6AC
0x56A6B0,__IMPORT_DESCRIPTOR_d3dx9_43
0x56A6B4,dword_56A6B4
0x56A6B8,dword_56A6B8
0x56A6BC,dword_56A6BC
0x56A6C0,dword_56A6C0
0x56A6D8,off_56A6D8
0x56A6DC,dword_56A6DC
0x56A6E0,dword_56A6E0
0x56A6E4,off_56A6E4
0x56A6E8,dword_56A6E8
0x56A6EC,off_56A6EC
0x56A6F0,dword_56A6F0
0x56A6F4,off_56A6F4
0x56A6F8,dword_56A6F8
0x56A6FC,dword_56A6FC
0x56A700,dword_56A700
0x56A704,dword_56A704
0x56A708,dword_56A708
0x56A70C,dword_56A70C
0x56A710,dword_56A710
0x56A714,dword_56A714
0x56A718,dword_56A718
0x56A71C,dword_56A71C
0x56A720,dword_56A720
0x56A724,dword_56A724
0x56A728,dword_56A728
0x56A72C,dword_56A72C
0x56A730,dword_56A730
0x56A734,dword_56A734
0x56A738,dword_56A738
0x56A73C,dword_56A73C
0x56A740,dword_56A740
0x56A744,dword_56A744
0x56A748,dword_56A748
0x56A74C,dword_56A74C
0x56A750,dword_56A750
0x56A754,dword_56A754
0x56A758,dword_56A758
0x56A75C,off_56A75C
0x56A760,dword_56A760
0x56A764,dword_56A764
0x56A768,off_56A768
0x56A76C,dword_56A76C
0x56A770,dword_56A770
0x56A774,dword_56A774
0x56A778,dword_56A778
0x56A77C,dword_56A77C
0x56A780,dword_56A780
0x56A784,dword_56A784
0x56A788,dword_56A788
0x56A78C,dword_56A78C
0x56A790,dword_56A790
0x56A794,dword_56A794
0x56A798,dword_56A798
0x56A79C,dword_56A79C
0x56A7A0,dword_56A7A0
0x56A7A4,dword_56A7A4
0x56A7A8,dword_56A7A8
0x56A7AC,dword_56A7AC
0x56A7B0,dword_56A7B0
0x56A7B4,dword_56A7B4
0x56A7B8,dword_56A7B8
0x56A7BC,dword_56A7BC
0x56A7C0,dword_56A7C0
0x56A7C4,dword_56A7C4
0x56A7C8,dword_56A7C8
0x56A7CC,dword_56A7CC
0x56A7D0,dword_56A7D0
0x56A7D4,dword_56A7D4
0x56A7D8,dword_56A7D8
0x56A7DC,dword_56A7DC
0x56A7E0,dword_56A7E0
0x56A7E4,dword_56A7E4
0x56A7E8,dword_56A7E8
0x56A7EC,dword_56A7EC
0x56A7F0,dword_56A7F0
0x56A7F4,dword_56A7F4
0x56A7F8,dword_56A7F8
0x56A7FC,dword_56A7FC
0x56A800,dword_56A800
0x56A804,dword_56A804
0x56A808,dword_56A808
0x56A80C,dword_56A80C
0x56A810,dword_56A810
0x56A814,dword_56A814
0x56A818,dword_56A818
0x56A81C,dword_56A81C
0x56A820,dword_56A820
0x56A824,dword_56A824
0x56A828,dword_56A828
0x56A82C,dword_56A82C
0x56A830,dword_56A830
0x56A834,dword_56A834
0x56A838,dword_56A838
0x56A83C,dword_56A83C
0x56A840,dword_56A840
0x56A844,dword_56A844
0x56A848,dword_56A848
0x56A84C,dword_56A84C
0x56A850,dword_56A850
0x56A854,dword_56A854
0x56A858,dword_56A858
0x56A85C,dword_56A85C
0x56A860,dword_56A860
0x56A864,dword_56A864
0x56A868,dword_56A868
0x56A86C,dword_56A86C
0x56A870,dword_56A870
0x56A874,dword_56A874
0x56A878,dword_56A878
0x56A87C,dword_56A87C
0x56A880,off_56A880
0x56A884,dword_56A884
0x56A888,dword_56A888
0x56A88C,dword_56A88C
0x56A890,off_56A890
0x56A894,dword_56A894
0x56A898,dword_56A898
0x56A89C,dword_56A89C
0x56A8A0,dword_56A8A0
0x56A8A4,dword_56A8A4
0x56A8A8,dword_56A8A8
0x56A8AC,dword_56A8AC
0x56A8B0,dword_56A8B0
0x56A8B4,dword_56A8B4
0x56A8B8,dword_56A8B8
0x56A8BC,dword_56A8BC
0x56A8C0,dword_56A8C0
0x56A8C4,dword_56A8C4
0x56A8C8,dword_56A8C8
0x56A8CC,dword_56A8CC
0x56A8D0,dword_56A8D0
0x56A8D4,dword_56A8D4
0x56A8D8,dword_56A8D8
0x56A8DC,dword_56A8DC
0x56A8E0,dword_56A8E0
0x56A8E4,dword_56A8E4
0x56A8E8,dword_56A8E8
0x56A8EC,dword_56A8EC
0x56A8F0,dword_56A8F0
0x56A8F4,dword_56A8F4
0x56A8F8,dword_56A8F8
0x56A8FC,dword_56A8FC
0x56A900,off_56A900
0x56A904,dword_56A904
0x56A908,off_56A908
0x56A90C,dword_56A90C
0x56A910,dword_56A910
0x56A914,dword_56A914
0x56A918,off_56A918
0x56A91C,dword_56A91C
0x56A920,dword_56A920
0x56A924,dword_56A924
0x56A928,dword_56A928
0x56A92C,dword_56A92C
0x56A930,dword_56A930
0x56A934,dword_56A934
0x56A938,dword_56A938
0x56A93C,dword_56A93C
0x56A940,dword_56A940
0x56A944,dword_56A944
0x56A948,dword_56A948
0x56A94C,dword_56A94C
0x56A950,dword_56A950
0x56A954,dword_56A954
0x56A958,dword_56A958
0x56A95C,dword_56A95C
0x56A960,dword_56A960
0x56A964,dword_56A964
0x56A968,dword_56A968
0x56A96C,dword_56A96C
0x56A970,dword_56A970
0x56A974,dword_56A974
0x56A978,dword_56A978
0x56A97C,dword_56A97C
0x56A980,dword_56A980
0x56A984,dword_56A984
0x56A988,dword_56A988
0x56A98C,off_56A98C
0x56A990,dword_56A990
0x56A994,dword_56A994
0x56A998,dword_56A998
0x56A99C,dword_56A99C
0x56A9A0,dword_56A9A0
0x56A9A4,dword_56A9A4
0x56A9A8,dword_56A9A8
0x56A9AC,dword_56A9AC
0x56A9B0,dword_56A9B0
0x56A9B4,dword_56A9B4
0x56A9B8,word_56A9B8
0x56A9BA,unk_56A9BA
0x56A9D2,word_56A9D2
0x56A9D4,unk_56A9D4
0x56AA2A,word_56AA2A
0x56AA2C,unk_56AA2C
0x56AA6D,byte_56AA6D
0x56AA6E,word_56AA6E
0x56AA70,unk_56AA70
0x56AAD2,word_56AAD2
0x56AAD4,unk_56AAD4
0x56AB2D,byte_56AB2D
0x56AB2E,word_56AB2E
0x56AB30,unk_56AB30
0x56AB7C,word_56AB7C
0x56AB7E,unk_56AB7E
0x56ABCC,word_56ABCC
0x56ABCE,unk_56ABCE
0x56AC1F,byte_56AC1F
0x56AC20,word_56AC20
0x56AC22,unk_56AC22
0x56AC6E,word_56AC6E
0x56AC70,unk_56AC70
0x56ACA1,byte_56ACA1
0x56ACA2,word_56ACA2
0x56ACA4,unk_56ACA4
0x56AD02,word_56AD02
0x56AD04,unk_56AD04
0x56AD3D,byte_56AD3D
0x56AD3E,word_56AD3E
0x56AD40,unk_56AD40
0x56AD78,word_56AD78
0x56AD7A,unk_56AD7A
0x56ADAB,byte_56ADAB
0x56ADAC,word_56ADAC
0x56ADAE,unk_56ADAE
0x56ADE0,word_56ADE0
0x56ADE2,unk_56ADE2
0x56AE17,byte_56AE17
0x56AE18,word_56AE18
0x56AE1A,unk_56AE1A
0x56AE60,word_56AE60
0x56AE62,unk_56AE62
0x56AE92,word_56AE92
0x56AE94,unk_56AE94
0x56AEDB,byte_56AEDB
0x56AEDC,word_56AEDC
0x56AEDE,unk_56AEDE
0x56AF23,byte_56AF23
0x56AF24,word_56AF24
0x56AF26,unk_56AF26
0x56AF5E,word_56AF5E
0x56AF60,unk_56AF60
0x56AFAF,byte_56AFAF
0x56AFB0,word_56AFB0
0x56AFB2,unk_56AFB2
0x56AFF7,byte_56AFF7
0x56AFF8,word_56AFF8
0x56AFFA,unk_56AFFA
0x56B02A,word_56B02A
0x56B02C,unk_56B02C
0x56B074,word_56B074
0x56B076,unk_56B076
0x56B0A1,byte_56B0A1
0x56B0A2,word_56B0A2
0x56B0A4,unk_56B0A4
0x56B0CE,word_56B0CE
0x56B0D0,unk_56B0D0
0x56B107,byte_56B107
0x56B108,aFmodEventDll
0x56B117,byte_56B117
0x56B118,word_56B118
0x56B11A,unk_56B11A
0x56B129,byte_56B129
0x56B12A,word_56B12A
0x56B12C,unk_56B12C
0x56B146,word_56B146
0x56B148,unk_56B148
0x56B152,word_56B152
0x56B154,unk_56B154
0x56B170,word_56B170
0x56B172,unk_56B172
0x56B17D,byte_56B17D
0x56B17E,word_56B17E
0x56B180,unk_56B180
0x56B192,word_56B192
0x56B194,unk_56B194
0x56B1B3,byte_56B1B3
0x56B1B4,word_56B1B4
0x56B1B6,unk_56B1B6
0x56B1CC,word_56B1CC
0x56B1CE,unk_56B1CE
0x56B1D8,word_56B1D8
0x56B1DA,unk_56B1DA
0x56B1E8,aSteamApiDll
0x56B1F6,word_56B1F6
0x56B1F8,unk_56B1F8
0x56B208,word_56B208
0x56B20A,unk_56B20A
0x56B21B,byte_56B21B
0x56B21C,word_56B21C
0x56B21E,unk_56B21E
0x56B236,word_56B236
0x56B238,unk_56B238
0x56B23E,word_56B23E
0x56B240,unk_56B240
0x56B253,byte_56B253
0x56B254,word_56B254
0x56B256,unk_56B256
0x56B269,byte_56B269
0x56B26A,aKernel32Dll
0x56B277,byte_56B277
0x56B278,word_56B278
0x56B27A,unk_56B27A
0x56B287,byte_56B287
0x56B288,word_56B288
0x56B28A,unk_56B28A
0x56B299,byte_56B299
0x56B29A,word_56B29A
0x56B29C,unk_56B29C
0x56B2A7,byte_56B2A7
0x56B2A8,word_56B2A8
0x56B2AA,unk_56B2AA
0x56B2B7,byte_56B2B7
0x56B2B8,word_56B2B8
0x56B2BA,unk_56B2BA
0x56B2C5,byte_56B2C5
0x56B2C6,word_56B2C6
0x56B2C8,unk_56B2C8
0x56B2D6,word_56B2D6
0x56B2D8,unk_56B2D8
0x56B2E7,byte_56B2E7
0x56B2E8,word_56B2E8
0x56B2EA,unk_56B2EA
0x56B2FB,byte_56B2FB
0x56B2FC,word_56B2FC
0x56B2FE,unk_56B2FE
0x56B313,byte_56B313
0x56B314,word_56B314
0x56B316,unk_56B316
0x56B322,word_56B322
0x56B324,unk_56B324
0x56B333,byte_56B333
0x56B334,word_56B334
0x56B336,unk_56B336
0x56B346,word_56B346
0x56B348,unk_56B348
0x56B353,byte_56B353
0x56B354,word_56B354
0x56B356,unk_56B356
0x56B363,byte_56B363
0x56B364,word_56B364
0x56B366,unk_56B366
0x56B375,byte_56B375
0x56B376,word_56B376
0x56B378,unk_56B378
0x56B385,byte_56B385
0x56B386,word_56B386
0x56B388,unk_56B388
0x56B397,byte_56B397
0x56B398,word_56B398
0x56B39A,unk_56B39A
0x56B3A4,word_56B3A4
0x56B3A6,unk_56B3A6
0x56B3B7,byte_56B3B7
0x56B3B8,word_56B3B8
0x56B3BA,unk_56B3BA
0x56B3CB,byte_56B3CB
0x56B3CC,word_56B3CC
0x56B3CE,unk_56B3CE
0x56B3DA,word_56B3DA
0x56B3DC,unk_56B3DC
0x56B3E5,byte_56B3E5
0x56B3E6,word_56B3E6
0x56B3E8,unk_56B3E8
0x56B3F9,byte_56B3F9
0x56B3FA,word_56B3FA
0x56B3FC,unk_56B3FC
0x56B413,byte_56B413
0x56B414,word_56B414
0x56B416,unk_56B416
0x56B426,word_56B426
0x56B428,unk_56B428
0x56B434,word_56B434
0x56B436,unk_56B436
0x56B43C,aUser32Dll
0x56B447,byte_56B447
0x56B448,word_56B448
0x56B44A,unk_56B44A
0x56B459,byte_56B459
0x56B45A,aGdi32Dll
0x56B464,word_56B464
0x56B466,unk_56B466
0x56B477,byte_56B477
0x56B478,word_56B478
0x56B47A,unk_56B47A
0x56B48B,byte_56B48B
0x56B48C,aComdlg32Dll
0x56B499,byte_56B499
0x56B49A,word_56B49A
0x56B49C,unk_56B49C
0x56B4AD,byte_56B4AD
0x56B4AE,word_56B4AE
0x56B4B0,unk_56B4B0
0x56B4C0,word_56B4C0
0x56B4C2,unk_56B4C2
0x56B4D5,byte_56B4D5
0x56B4D6,aShell32Dll
0x56B4E2,word_56B4E2
0x56B4E4,unk_56B4E4
0x56B4EE,word_56B4EE
0x56B4F0,unk_56B4F0
0x56B4FA,word_56B4FA
0x56B4FC,unk_56B4FC
0x56B509,byte_56B509
0x56B50A,word_56B50A
0x56B50C,unk_56B50C
0x56B519,byte_56B519
0x56B51A,word_56B51A
0x56B51C,qword_56B51C
0x56B524,word_56B524
0x56B526,unk_56B526
0x56B52D,byte_56B52D
0x56B52E,word_56B52E
0x56B530,unk_56B530
0x56B54E,word_56B54E
0x56B550,unk_56B550
0x56B569,byte_56B569
0x56B56A,word_56B56A
0x56B56C,unk_56B56C
0x56B58A,word_56B58A
0x56B58C,unk_56B58C
0x56B5AB,byte_56B5AB
0x56B5AC,word_56B5AC
0x56B5AE,unk_56B5AE
0x56B5BC,word_56B5BC
0x56B5BE,unk_56B5BE
0x56B5C8,word_56B5C8
0x56B5CA,unk_56B5CA
0x56B5D8,word_56B5D8
0x56B5DA,unk_56B5DA
0x56B5E3,byte_56B5E3
0x56B5E4,word_56B5E4
0x56B5E6,qword_56B5E6
0x56B5EE,word_56B5EE
0x56B5F0,unk_56B5F0
0x56B5F5,byte_56B5F5
0x56B5F6,word_56B5F6
0x56B5F8,qword_56B5F8
0x56B600,word_56B600
0x56B602,qword_56B602
0x56B60A,word_56B60A
0x56B60C,unk_56B60C
0x56B615,byte_56B615
0x56B616,word_56B616
0x56B618,unk_56B618
0x56B621,byte_56B621
0x56B622,word_56B622
0x56B624,unk_56B624
0x56B629,byte_56B629
0x56B62A,word_56B62A
0x56B62C,qword_56B62C
0x56B634,word_56B634
0x56B636,qword_56B636
0x56B63E,word_56B63E
0x56B640,unk_56B640
0x56B646,word_56B646
0x56B648,unk_56B648
0x56B64F,byte_56B64F
0x56B650,word_56B650
0x56B652,unk_56B652
0x56B658,word_56B658
0x56B65A,unk_56B65A
0x56B660,word_56B660
0x56B662,unk_56B662
0x56B669,byte_56B669
0x56B66A,word_56B66A
0x56B66C,unk_56B66C
0x56B678,word_56B678
0x56B67A,unk_56B67A
0x56B685,byte_56B685
0x56B686,word_56B686
0x56B688,unk_56B688
0x56B691,byte_56B691
0x56B692,word_56B692
0x56B694,qword_56B694
0x56B69C,word_56B69C
0x56B69E,unk_56B69E
0x56B6A7,byte_56B6A7
0x56B6A8,word_56B6A8
0x56B6AA,qword_56B6AA
0x56B6B2,word_56B6B2
0x56B6B4,unk_56B6B4
0x56B6B9,byte_56B6B9
0x56B6BA,aMsvcr100Dll
0x56B6C7,byte_56B6C7
0x56B6C8,word_56B6C8
0x56B6CA,unk_56B6CA
0x56B6DC,word_56B6DC
0x56B6DE,qword_56B6DE
0x56B6E6,word_56B6E6
0x56B6E8,unk_56B6E8
0x56B6F4,word_56B6F4
0x56B6F6,unk_56B6F6
0x56B6FC,word_56B6FC
0x56B6FE,qword_56B6FE
0x56B706,word_56B706
0x56B708,unk_56B708
0x56B713,byte_56B713
0x56B714,word_56B714
0x56B716,unk_56B716
0x56B724,word_56B724
0x56B726,unk_56B726
0x56B72D,byte_56B72D
0x56B72E,word_56B72E
0x56B730,unk_56B730
0x56B736,word_56B736
0x56B738,unk_56B738
0x56B744,word_56B744
0x56B746,unk_56B746
0x56B751,byte_56B751
0x56B752,word_56B752
0x56B754,qword_56B754
0x56B75C,word_56B75C
0x56B75E,unk_56B75E
0x56B768,word_56B768
0x56B76A,unk_56B76A
0x56B776,word_56B776
0x56B778,unk_56B778
0x56B78C,word_56B78C
0x56B78E,unk_56B78E
0x56B79F,byte_56B79F
0x56B7A0,word_56B7A0
0x56B7A2,unk_56B7A2
0x56B7AB,byte_56B7AB
0x56B7AC,word_56B7AC
0x56B7AE,unk_56B7AE
0x56B7B5,byte_56B7B5
0x56B7B6,word_56B7B6
0x56B7B8,unk_56B7B8
0x56B7C7,byte_56B7C7
0x56B7C8,word_56B7C8
0x56B7CA,unk_56B7CA
0x56B7DD,byte_56B7DD
0x56B7DE,word_56B7DE
0x56B7E0,unk_56B7E0
0x56B813,byte_56B813
0x56B814,word_56B814
0x56B816,unk_56B816
0x56B82E,word_56B82E
0x56B830,unk_56B830
0x56B83F,byte_56B83F
0x56B840,word_56B840
0x56B842,unk_56B842
0x56B84F,byte_56B84F
0x56B850,word_56B850
0x56B852,unk_56B852
0x56B870,word_56B870
0x56B872,unk_56B872
0x56B890,aMsvcp100Dll
0x56B89D,byte_56B89D
0x56B89E,word_56B89E
0x56B8A0,unk_56B8A0
0x56B8B3,byte_56B8B3
0x56B8B4,aDinput8Dll
0x56B8C0,word_56B8C0
0x56B8C2,unk_56B8C2
0x56B8D2,aD3d9Dll
0x56B8DB,byte_56B8DB
0x56B8DC,word_56B8DC
0x56B8DE,unk_56B8DE
0x56B8F4,word_56B8F4
0x56B8F6,unk_56B8F6
0x56B908,word_56B908
0x56B90A,unk_56B90A
0x56B924,aD3dx943Dll
0x56B931,byte_56B931
0x56B932,word_56B932
0x56B934,unk_56B934
0x56B94F,byte_56B94F
0x56B950,word_56B950
0x56B952,unk_56B952
0x56B965,byte_56B965
0x56B966,word_56B966
0x56B968,unk_56B968
0x56B976,word_56B976
0x56B978,unk_56B978
0x56B986,word_56B986
0x56B988,unk_56B988
0x56B99C,word_56B99C
0x56B99E,unk_56B99E
0x56B9B9,byte_56B9B9
0x56B9BA,word_56B9BA
0x56B9BC,unk_56B9BC
0x56B9CF,byte_56B9CF
0x56B9D0,word_56B9D0
0x56B9D2,unk_56B9D2
0x56B9E2,word_56B9E2
0x56B9E4,unk_56B9E4
0x56B9F5,byte_56B9F5
0x56B9F6,word_56B9F6
0x56B9F8,unk_56B9F8
0x56BA0A,word_56BA0A
0x56BA0C,unk_56BA0C
0x56BA25,byte_56BA25
0x56BA26,word_56BA26
0x56BA28,unk_56BA28
0x56BA44,word_56BA44
0x56BA46,unk_56BA46
0x56BA58,word_56BA58
0x56BA5A,unk_56BA5A
0x56BA72,word_56BA72
0x56BA74,unk_56BA74
0x56BA81,byte_56BA81
0x56BA82,word_56BA82
0x56BA84,unk_56BA84
0x56BA97,byte_56BA97
0x56BA98,word_56BA98
0x56BA9A,unk_56BA9A
0x56BAAE,word_56BAAE
0x56BAB0,unk_56BAB0
0x56BAC8,word_56BAC8
0x56BACA,unk_56BACA
0x56BAD1,byte_56BAD1
0x56BAD2,word_56BAD2
0x56BAD4,unk_56BAD4
0x56BADB,byte_56BADB
0x56BADC,word_56BADC
0x56BADE,unk_56BADE
0x56BAF1,byte_56BAF1
0x56BAF2,word_56BAF2
0x56BAF4,unk_56BAF4
0x56BAFB,byte_56BAFB
0x56BAFC,word_56BAFC
0x56BAFE,qword_56BAFE
0x56BB06,word_56BB06
0x56BB08,qword_56BB08
0x56BB10,word_56BB10
0x56BB12,qword_56BB12
0x56BB1A,word_56BB1A
0x56BB1C,unk_56BB1C
0x56BB23,byte_56BB23
0x56BB24,word_56BB24
0x56BB26,unk_56BB26
0x56BB2D,byte_56BB2D
0x56BB2E,word_56BB2E
0x56BB30,unk_56BB30
0x56BB43,byte_56BB43
0x56BB44,word_56BB44
0x56BB46,unk_56BB46
0x56BB60,unk_56BB60
0x56C000,??_R0?AVtype_info@@@8
0x56C004,dword_56C004
0x56C008,aAvtypeInfo
0x56C018,___security_cookie
0x56C01C,dword_56C01C
0x56C028,dword_56C028
0x56C02C,dword_56C02C
0x56C030,off_56C030
0x56C034,dword_56C034
0x56C040,dword_56C040
0x56C050,dword_56C050
0x56C060,dword_56C060
0x56C070,dword_56C070
0x56C080,dword_56C080
0x56C090,dword_56C090
0x56C0A0,dword_56C0A0
0x56C0B0,dword_56C0B0
0x56C0C0,dword_56C0C0
0x56C0D0,dword_56C0D0
0x56C0E0,dword_56C0E0
0x56C0F0,dword_56C0F0
0x56C100,dword_56C100
0x56C110,dword_56C110
0x56C120,dword_56C120
0x56C130,dword_56C130
0x56C140,dword_56C140
0x56C150,dword_56C150
0x56C160,dword_56C160
0x56C170,dword_56C170
0x56C180,dword_56C180
0x56C190,dword_56C190
0x56C1A0,dword_56C1A0
0x56C1B0,dword_56C1B0
0x56C1C0,dword_56C1C0
0x56C1D0,dword_56C1D0
0x56C1E0,dword_56C1E0
0x56C1F0,dword_56C1F0
0x56C200,dword_56C200
0x56C210,dword_56C210
0x56C220,dword_56C220
0x56C230,dword_56C230
0x56C240,dword_56C240
0x56C250,dword_56C250
0x56C260,dword_56C260
0x56C270,dword_56C270
0x56C280,dword_56C280
0x56C290,dword_56C290
0x56C2A0,dword_56C2A0
0x56C2B0,dword_56C2B0
0x56C2C0,dword_56C2C0
0x56C2D0,dword_56C2D0
0x56C2E0,dword_56C2E0
0x56C2F0,dword_56C2F0
0x56C300,dword_56C300
0x56C310,dword_56C310
0x56C320,dword_56C320
0x56C330,dword_56C330
0x56C340,dword_56C340
0x56C350,dword_56C350
0x56C360,dword_56C360
0x56C370,dword_56C370
0x56C380,dword_56C380
0x56C390,dword_56C390
0x56C3A0,dword_56C3A0
0x56C3B0,dword_56C3B0
0x56C3C0,dword_56C3C0
0x56C3D0,dword_56C3D0
0x56C3E0,dword_56C3E0
0x56C3F0,dword_56C3F0
0x56C400,dword_56C400
0x56C410,dword_56C410
0x56C420,dword_56C420
0x56C430,dword_56C430
0x56C440,dword_56C440
0x56C450,dword_56C450
0x56C460,dword_56C460
0x56C470,dword_56C470
0x56C480,dword_56C480
0x56C490,dword_56C490
0x56C4A0,dword_56C4A0
0x56C4B0,dword_56C4B0
0x56C4C0,dword_56C4C0
0x56C4D0,dword_56C4D0
0x56C4E0,dword_56C4E0
0x56C4F0,dword_56C4F0
0x56C500,dword_56C500
0x56C510,dword_56C510
0x56C520,dword_56C520
0x56C530,dword_56C530
0x56C540,dword_56C540
0x56C550,dword_56C550
0x56C560,dword_56C560
0x56C570,dword_56C570
0x56C580,dword_56C580
0x56C590,dword_56C590
0x56C5A0,dword_56C5A0
0x56C5B0,dword_56C5B0
0x56C5C0,dword_56C5C0
0x56C5D0,dword_56C5D0
0x56C5E0,dword_56C5E0
0x56C5F0,dword_56C5F0
0x56C600,dword_56C600
0x56C610,dword_56C610
0x56C620,dword_56C620
0x56C630,dword_56C630
0x56C640,dword_56C640
0x56C650,dword_56C650
0x56C660,dword_56C660
0x56C670,dword_56C670
0x56C680,dword_56C680
0x56C690,dword_56C690
0x56C6A0,dword_56C6A0
0x56C6B0,dword_56C6B0
0x56C6C0,dword_56C6C0
0x56C6D0,dword_56C6D0
0x56C6E0,dword_56C6E0
0x56C6F0,dword_56C6F0
0x56C700,dword_56C700
0x56C710,dword_56C710
0x56C720,dword_56C720
0x56C730,dword_56C730
0x56C740,dword_56C740
0x56C750,dword_56C750
0x56C760,dword_56C760
0x56C770,dword_56C770
0x56C780,dword_56C780
0x56C790,dword_56C790
0x56C7A0,dword_56C7A0
0x56C7B0,dword_56C7B0
0x56C7C0,dword_56C7C0
0x56C7D0,dword_56C7D0
0x56C7E0,dword_56C7E0
0x56C7F0,dword_56C7F0
0x56C800,dword_56C800
0x56C810,dword_56C810
0x56C820,dword_56C820
0x56C830,dword_56C830
0x56C840,dword_56C840
0x56C850,dword_56C850
0x56C860,dword_56C860
0x56C870,dword_56C870
0x56C880,dword_56C880
0x56C890,dword_56C890
0x56C8A0,dword_56C8A0
0x56C8B0,dword_56C8B0
0x56C8C0,dword_56C8C0
0x56C8D0,dword_56C8D0
0x56C8E0,dword_56C8E0
0x56C8F0,dword_56C8F0
0x56C900,dword_56C900
0x56C910,dword_56C910
0x56C920,dword_56C920
0x56C930,dword_56C930
0x56C940,dword_56C940
0x56C950,dword_56C950
0x56C960,dword_56C960
0x56C970,dword_56C970
0x56C980,dword_56C980
0x56C990,dword_56C990
0x56C9A0,dword_56C9A0
0x56C9B0,dword_56C9B0
0x56C9C0,dword_56C9C0
0x56C9D0,dword_56C9D0
0x56C9E0,dword_56C9E0
0x56C9F0,dword_56C9F0
0x56CA00,dword_56CA00
0x56CA10,dword_56CA10
0x56CA20,dword_56CA20
0x56CA30,dword_56CA30
0x56CA40,dword_56CA40
0x56CA50,dword_56CA50
0x56CA60,dword_56CA60
0x56CA70,dword_56CA70
0x56CA80,dword_56CA80
0x56CA90,dword_56CA90
0x56CAA0,dword_56CAA0
0x56CAB0,dword_56CAB0
0x56CAC0,dword_56CAC0
0x56CAD0,dword_56CAD0
0x56CAE0,dword_56CAE0
0x56CAF0,dword_56CAF0
0x56CB00,dword_56CB00
0x56CB10,dword_56CB10
0x56CB20,dword_56CB20
0x56CB30,dword_56CB30
0x56CB40,dword_56CB40
0x56CB50,dword_56CB50
0x56CB60,dword_56CB60
0x56CB70,dword_56CB70
0x56CB80,dword_56CB80
0x56CB90,dword_56CB90
0x56CBA0,dword_56CBA0
0x56CBB0,dword_56CBB0
0x56CBC0,dword_56CBC0
0x56CBD0,dword_56CBD0
0x56CBE0,dword_56CBE0
0x56CBF0,dword_56CBF0
0x56CC00,dword_56CC00
0x56CC10,dword_56CC10
0x56CC20,dword_56CC20
0x56CC30,dword_56CC30
0x56CC40,dword_56CC40
0x56CC50,dword_56CC50
0x56CC60,dword_56CC60
0x56CC70,dword_56CC70
0x56CC80,dword_56CC80
0x56CC90,dword_56CC90
0x56CCA0,dword_56CCA0
0x56CCB0,dword_56CCB0
0x56CCC0,dword_56CCC0
0x56CCD0,dword_56CCD0
0x56CCE0,dword_56CCE0
0x56CCF0,dword_56CCF0
0x56CD00,dword_56CD00
0x56CD10,dword_56CD10
0x56CD20,dword_56CD20
0x56CD30,dword_56CD30
0x56CD40,dword_56CD40
0x56CD50,dword_56CD50
0x56CD60,dword_56CD60
0x56CD70,dword_56CD70
0x56CD80,dword_56CD80
0x56CD90,dword_56CD90
0x56CDA0,dword_56CDA0
0x56CDB0,dword_56CDB0
0x56CDC0,dword_56CDC0
0x56CDD0,dword_56CDD0
0x56CDE0,dword_56CDE0
0x56CDF0,dword_56CDF0
0x56CE00,dword_56CE00
0x56CE10,dword_56CE10
0x56CE20,dword_56CE20
0x56CE30,dword_56CE30
0x56CE40,dword_56CE40
0x56CE50,dword_56CE50
0x56CE60,dword_56CE60
0x56CE70,dword_56CE70
0x56CE80,dword_56CE80
0x56CE90,dword_56CE90
0x56CEA0,dword_56CEA0
0x56CEB0,dword_56CEB0
0x56CEC0,dword_56CEC0
0x56CED0,dword_56CED0
0x56CEE0,dword_56CEE0
0x56CEF0,dword_56CEF0
0x56CF00,dword_56CF00
0x56CF10,dword_56CF10
0x56CF20,dword_56CF20
0x56CF30,dword_56CF30
0x56CF40,dword_56CF40
0x56CF50,dword_56CF50
0x56CF60,dword_56CF60
0x56CF70,dword_56CF70
0x56CF80,dword_56CF80
0x56CF90,dword_56CF90
0x56CFA0,dword_56CFA0
0x56CFB0,dword_56CFB0
0x56CFC0,dword_56CFC0
0x56CFD0,dword_56CFD0
0x56CFE0,dword_56CFE0
0x56CFF0,dword_56CFF0
0x56D000,dword_56D000
0x56D010,dword_56D010
0x56D020,dword_56D020
0x56D030,off_56D030
0x56D034,dword_56D034
0x56D040,dword_56D040
0x56D050,dword_56D050
0x56D060,dword_56D060
0x56D070,dword_56D070
0x56D080,dword_56D080
0x56D090,dword_56D090
0x56D0A0,dword_56D0A0
0x56D0B0,dword_56D0B0
0x56D0C0,dword_56D0C0
0x56D0D0,dword_56D0D0
0x56D0E0,dword_56D0E0
0x56D8F0,dword_56D8F0
0x56D900,dword_56D900
0x56D910,dword_56D910
0x56D920,dword_56D920
0x56D930,dword_56D930
0x56D940,dword_56D940
0x56D950,dword_56D950
0x56D960,dword_56D960
0x56D970,dword_56D970
0x56D980,dword_56D980
0x56D990,dword_56D990
0x56D9A0,dword_56D9A0
0x56D9B0,dword_56D9B0
0x56D9C0,dword_56D9C0
0x56D9D0,dword_56D9D0
0x56D9E0,dword_56D9E0
0x56D9F0,dword_56D9F0
0x56DA00,dword_56DA00
0x56DA10,dword_56DA10
0x56DA20,dword_56DA20
0x56DA30,dword_56DA30
0x56DA40,dword_56DA40
0x56DA50,dword_56DA50
0x56DA60,dword_56DA60
0x56DA70,off_56DA70
0x56DA74,dword_56DA74
0x56DA80,dword_56DA80
0x56DA90,dword_56DA90
0x56DAE0,??_R0?AV?$CCallback@VAchievements@@UUserAchievementStored_t@@$0A@@@@8
0x56DAE4,dword_56DAE4
0x56DAE8,aAvCcallbackVac
0x56DB28,??_R0?AV?$CCallback@VAchievements@@UUserStatsStored_t@@$0A@@@@8
0x56DB2C,dword_56DB2C
0x56DB30,aAvCcallbackVac_0
0x56DB6A,unk_56DB6A
0x56DB70,??_R0?AV?$CCallback@VAchievements@@UUserStatsReceived_t@@$0A@@@@8
0x56DB74,dword_56DB74
0x56DB78,aAvCcallbackVac_1
0x56DBB4,??_R0?AVCCallbackBase@@@8
0x56DBB8,dword_56DBB8
0x56DBBC,aAvccallbackbas
0x56DBD0,dword_56DBD0
0x56DBD4,dword_56DBD4
0x56DBD8,dword_56DBD8
0x56DBDC,dword_56DBDC
0x56DBE0,dword_56DBE0
0x56DBE4,dword_56DBE4
0x56DBE8,dword_56DBE8
0x56DBEC,dword_56DBEC
0x56DBF0,dword_56DBF0
0x56DBF4,dword_56DBF4
0x56DBF8,dword_56DBF8
0x56DBFC,dword_56DBFC
0x56DC00,flt_56DC00
0x56DC2C,word_56DC2C
0x56DC2E,byte_56DC2E
0x56DC2F,byte_56DC2F
0x56DC32,word_56DC32
0x56DC38,word_56DC38
0x56DDCB,byte_56DDCB
0x56DDCC,flt_56DDCC
0x56DDD4,byte_56DDD4
0x56DDD5,byte_56DDD5
0x56DDD6,byte_56DDD6
0x56DDD7,byte_56DDD7
0x56DDD8,dword_56DDD8
0x56DDDC,flt_56DDDC
0x56DDE0,off_56DDE0
0x56DDE4,dword_56DDE4
0x56E0C8,dword_56E0C8
0x56E0CC,dword_56E0CC
0x56E0D0,dword_56E0D0
0x56E0D4,dword_56E0D4
0x56E0D8,dword_56E0D8
0x56E0DC,dword_56E0DC
0x56E0E0,dword_56E0E0
0x56E0E4,dword_56E0E4
0x56E0E8,dword_56E0E8
0x56E0EC,dword_56E0EC
0x56E0F0,dword_56E0F0
0x56E0F4,dword_56E0F4
0x56E0F8,dword_56E0F8
0x56E0FC,dword_56E0FC
0x56E100,dword_56E100
0x56E104,dword_56E104
0x56E108,dword_56E108
0x56E10C,dword_56E10C
0x56E110,dword_56E110
0x56E114,dword_56E114
0x56E118,dword_56E118
0x56E11C,dword_56E11C
0x56E120,dword_56E120
0x56E124,dword_56E124
0x56E128,dword_56E128
0x56E12C,dword_56E12C
0x56E130,dword_56E130
0x56E134,dword_56E134
0x56E138,dword_56E138
0x56E13C,dword_56E13C
0x56E140,dword_56E140
0x56E144,dword_56E144
0x56E148,dword_56E148
0x56E14C,dword_56E14C
0x56E150,dword_56E150
0x56E154,dword_56E154
0x56E158,dword_56E158
0x56E15C,dword_56E15C
0x56FAD0,dword_56FAD0
0x56FAD4,off_56FAD4
0x56FAD8,dword_56FAD8
0x56FADC,dword_56FADC
0x56FAE0,dword_56FAE0
0x56FAE4,off_56FAE4
0x56FAE8,dword_56FAE8
0x56FDE0,dword_56FDE0
0x56FDE4,dword_56FDE4
0x56FDE8,dword_56FDE8
0x56FDEC,dword_56FDEC
0x56FDF0,dword_56FDF0
0x56FDF4,dword_56FDF4
0x56FDF8,dword_56FDF8
0x56FDFC,dword_56FDFC
0x56FE00,dword_56FE00
0x56FE04,dword_56FE04
0x56FE08,dword_56FE08
0x56FE0C,dword_56FE0C
0x56FE10,dword_56FE10
0x56FE14,dword_56FE14
0x56FE18,dword_56FE18
0x56FE1C,dword_56FE1C
0x56FE20,dword_56FE20
0x56FE24,dword_56FE24
0x56FE28,dword_56FE28
0x56FE2C,dword_56FE2C
0x56FE30,dword_56FE30
0x56FE34,dword_56FE34
0x56FE38,dword_56FE38
0x56FE3C,dword_56FE3C
0x56FE40,dword_56FE40
0x56FE44,dword_56FE44
0x56FE48,dword_56FE48
0x56FE4C,dword_56FE4C
0x56FE50,dword_56FE50
0x56FE54,dword_56FE54
0x56FE58,dword_56FE58
0x56FE5C,dword_56FE5C
0x56FE60,dword_56FE60
0x56FE64,dword_56FE64
0x56FE68,dword_56FE68
0x56FE6C,dword_56FE6C
0x56FE70,dword_56FE70
0x5717F8,dword_5717F8
0x5717FC,dword_5717FC
0x571AB8,dword_571AB8
0x571ABC,dword_571ABC
0x571AC0,dword_571AC0
0x571AC4,dword_571AC4
0x571AC8,dword_571AC8
0x571ACC,dword_571ACC
0x571AD0,dword_571AD0
0x571AD4,dword_571AD4
0x571AD8,dword_571AD8
0x571ADC,dword_571ADC
0x571AE0,dword_571AE0
0x571AE4,dword_571AE4
0x571AE8,dword_571AE8
0x571AEC,dword_571AEC
0x571AF0,dword_571AF0
0x571AF4,dword_571AF4
0x571AF8,dword_571AF8
0x571AFC,dword_571AFC
0x571B00,dword_571B00
0x571B04,dword_571B04
0x571B08,dword_571B08
0x571B0C,dword_571B0C
0x571B10,dword_571B10
0x571B14,dword_571B14
0x571B18,dword_571B18
0x571B1C,dword_571B1C
0x571B20,dword_571B20
0x571B24,dword_571B24
0x571B28,dword_571B28
0x571B2C,dword_571B2C
0x571B30,dword_571B30
0x571B34,dword_571B34
0x571B38,dword_571B38
0x571B3C,dword_571B3C
0x571B40,dword_571B40
0x571B44,dword_571B44
0x571B48,dword_571B48
0x571B4C,dword_571B4C
0x5734C0,dword_5734C0
0x5734C4,dword_5734C4
0x5737A8,dword_5737A8
0x5737AC,dword_5737AC
0x5737B0,dword_5737B0
0x5737B4,dword_5737B4
0x5737B8,dword_5737B8
0x5737BC,dword_5737BC
0x5737C0,dword_5737C0
0x5737C4,dword_5737C4
0x5737C8,dword_5737C8
0x5737CC,dword_5737CC
0x5737D0,dword_5737D0
0x5737D4,dword_5737D4
0x5737D8,dword_5737D8
0x5737DC,dword_5737DC
0x5737E0,dword_5737E0
0x5737E4,dword_5737E4
0x5737E8,dword_5737E8
0x5737EC,dword_5737EC
0x5737F0,dword_5737F0
0x5737F4,dword_5737F4
0x5737F8,dword_5737F8
0x5737FC,dword_5737FC
0x573800,dword_573800
0x573804,dword_573804
0x573808,dword_573808
0x57380C,dword_57380C
0x573810,dword_573810
0x573814,dword_573814
0x573818,dword_573818
0x57381C,dword_57381C
0x573820,dword_573820
0x573824,dword_573824
0x573828,dword_573828
0x57382C,dword_57382C
0x573830,dword_573830
0x573834,dword_573834
0x573838,dword_573838
0x57383C,flt_57383C
0x5751B0,flt_5751B0
0x5751B4,flt_5751B4
0x5751B8,flt_5751B8
0x5751BC,flt_5751BC
0x5751C0,flt_5751C0
0x5751C4,dword_5751C4
0x5751C8,aLeft_1
0x5751DC,dword_5751DC
0x5751E0,dword_5751E0
0x5751E4,dword_5751E4
0x5751E8,dword_5751E8
0x5751EC,dword_5751EC
0x5751F0,dword_5751F0
0x5751F4,dword_5751F4
0x5751F8,dword_5751F8
0x5751FC,dword_5751FC
0x575200,dword_575200
0x575204,dword_575204
0x575208,dword_575208
0x57520C,dword_57520C
0x575210,dword_575210
0x575218,dword_575218
0x57521C,off_57521C
0x575220,aRight_1
0x575234,dword_575234
0x575274,dword_575274
0x575278,aDown_1
0x57528C,dword_57528C
0x5752CC,dword_5752CC
0x5752E4,dword_5752E4
0x575324,dword_575324
0x575328,aSwipeleft_0
0x575332,unk_575332
0x575340,aY_0
0x575342,unk_575342
0x57549C,dword_57549C
0x5754F4,dword_5754F4
0x57558C,dword_57558C
0x575590,aLeft_2
0x5755A4,dword_5755A4
0x5755FC,dword_5755FC
0x575654,dword_575654
0x5756AC,dword_5756AC
0x575704,dword_575704
0x57575C,dword_57575C
0x5757B4,dword_5757B4
0x57580C,dword_57580C
0x5758D0,dword_5758D0
0x5758D4,dword_5758D4
0x575928,dword_575928
0x57592C,dword_57592C
0x575954,dword_575954
0x575958,aDock_0
0x575980,dword_575980
0x575984,dword_575984
0x5759AC,dword_5759AC
0x5759B0,aDock_1
0x5759D8,dword_5759D8
0x5759DC,dword_5759DC
0x575A04,dword_575A04
0x575A08,aFire_0
0x575A0D,unk_575A0D
0x575A20,a1_0
0x575A22,word_575A22
0x575A24,word_575A24
0x575A26,word_575A26
0x575A30,dword_575A30
0x575A34,dword_575A34
0x575A5C,dword_575A5C
0x575A60,aFire_1
0x575A88,dword_575A88
0x575A8C,dword_575A8C
0x575AB4,dword_575AB4
0x575AB8,aFire_2
0x575AE0,dword_575AE0
0x575AE4,dword_575AE4
0x575B0C,dword_575B0C
0x575B10,aFire_3
0x575B38,dword_575B38
0x575B3C,dword_575B3C
0x575B64,dword_575B64
0x575B68,aFire_4
0x575B6D,unk_575B6D
0x575B80,a1_1
0x575B82,word_575B82
0x575B84,word_575B84
0x575B86,word_575B86
0x575B90,dword_575B90
0x575B94,dword_575B94
0x575BBC,dword_575BBC
0x575BC0,aFire_5
0x575BE8,dword_575BE8
0x575BEC,dword_575BEC
0x575C14,dword_575C14
0x575C18,aFire_6
0x575C40,dword_575C40
0x575C44,dword_575C44
0x575C6C,dword_575C6C
0x575C70,aSecondaryfire_0
0x575C98,dword_575C98
0x575C9C,dword_575C9C
0x575CC4,dword_575CC4
0x575CC8,aSecondaryfire_1
0x575CD6,unk_575CD6
0x575CE0,aR_0
0x575CE2,word_575CE2
0x575CE4,aV_1
0x575CE6,unk_575CE6
0x575CF0,dword_575CF0
0x575CF4,dword_575CF4
0x575D1C,dword_575D1C
0x575D20,aSecondaryfire_2
0x575D48,dword_575D48
0x575D4C,dword_575D4C
0x575D74,dword_575D74
0x575D78,aSecondaryfire_3
0x575D86,unk_575D86
0x575D90,aR_1
0x575D92,word_575D92
0x575D94,aV_2
0x575D96,unk_575D96
0x575DA0,dword_575DA0
0x575DA4,dword_575DA4
0x575DCC,dword_575DCC
0x575DD0,aSecondaryfire_4
0x575DF8,dword_575DF8
0x575DFC,dword_575DFC
0x575E50,dword_575E50
0x575E54,dword_575E54
0x575EA8,dword_575EA8
0x575EAC,dword_575EAC
0x575EB0,unk_575EB0
0x575F00,dword_575F00
0x575F04,dword_575F04
0x575F2C,dword_575F2C
0x575F30,aPause_1
0x575F58,dword_575F58
0x575F5C,dword_575F5C
0x575F84,dword_575F84
0x575F88,aPause_2
0x575FB0,dword_575FB0
0x575FB4,dword_575FB4
0x575FDC,dword_575FDC
0x575FE0,aPause_3
0x575FE6,unk_575FE6
0x576008,dword_576008
0x57600C,dword_57600C
0x576010,unk_576010
0x576034,dword_576034
0x576038,aAutopilot_0
0x576042,unk_576042
0x576050,aQ_1
0x576052,word_576052
0x576054,aN_1
0x576056,word_576056
0x576060,dword_576060
0x576064,dword_576064
0x5760B8,dword_5760B8
0x5760BC,dword_5760BC
0x576110,dword_576110
0x576114,dword_576114
0x57613C,dword_57613C
0x576140,aBack_1
0x576168,dword_576168
0x57616C,dword_57616C
0x576170,unk_576170
0x576194,dword_576194
0x576198,aBack_2
0x5761C0,dword_5761C0
0x5761C4,dword_5761C4
0x5761EC,dword_5761EC
0x5761F0,aBack_3
0x576218,dword_576218
0x57621C,dword_57621C
0x576244,dword_576244
0x576248,aBack_4
0x57624D,unk_57624D
0x576260,a5_0
0x576262,unk_576262
0x576270,dword_576270
0x576274,dword_576274
0x57629C,dword_57629C
0x5762A0,aKhadordrive_0
0x5762F4,dword_5762F4
0x5762F8,aCloak_0
0x576320,dword_576320
0x576324,dword_576324
0x57634C,dword_57634C
0x576350,aCloak_1
0x5763A4,dword_5763A4
0x5763A8,aRocketmenu_0
0x5763B3,unk_5763B3
0x5763C0,aU_0
0x5763FC,dword_5763FC
0x576428,dword_576428
0x57642C,dword_57642C
0x576454,dword_576454
0x576480,dword_576480
0x576484,dword_576484
0x5764AC,dword_5764AC
0x5764D8,dword_5764D8
0x5764DC,dword_5764DC
0x576504,dword_576504
0x576530,dword_576530
0x576534,dword_576534
0x57655C,dword_57655C
0x576588,dword_576588
0x57658C,dword_57658C
0x5765B4,dword_5765B4
0x5765E0,dword_5765E0
0x5765E4,dword_5765E4
0x57660C,dword_57660C
0x576638,dword_576638
0x57663C,dword_57663C
0x576664,dword_576664
0x576690,dword_576690
0x576694,dword_576694
0x5766BC,dword_5766BC
0x5766E8,dword_5766E8
0x5766EC,dword_5766EC
0x576714,dword_576714
0x576740,dword_576740
0x576744,dword_576744
0x57676C,dword_57676C
0x576770,flt_576770
0x576774,flt_576774
0x576778,flt_576778
0x57677C,dword_57677C
0x576780,dword_576780
0x576784,off_576784
0x576788,off_576788
0x576A80,dword_576A80
0x576A84,dword_576A84
0x576A88,dword_576A88
0x576A8C,dword_576A8C
0x576A90,dword_576A90
0x576A94,dword_576A94
0x576A98,dword_576A98
0x576A9C,dword_576A9C
0x576AA0,dword_576AA0
0x576AA4,dword_576AA4
0x576AA8,dword_576AA8
0x576AAC,dword_576AAC
0x576AB0,dword_576AB0
0x576AB4,dword_576AB4
0x576AB8,dword_576AB8
0x576ABC,dword_576ABC
0x576AC0,dword_576AC0
0x576AC4,dword_576AC4
0x576AC8,dword_576AC8
0x576ACC,dword_576ACC
0x576AD0,dword_576AD0
0x576AD4,dword_576AD4
0x576AD8,dword_576AD8
0x576ADC,dword_576ADC
0x576AE0,dword_576AE0
0x576AE4,dword_576AE4
0x576AE8,dword_576AE8
0x576AEC,dword_576AEC
0x576AF0,dword_576AF0
0x576AF4,dword_576AF4
0x576AF8,dword_576AF8
0x576AFC,dword_576AFC
0x576B00,dword_576B00
0x576B04,dword_576B04
0x576B08,dword_576B08
0x576B0C,dword_576B0C
0x576B10,dword_576B10
0x578498,dword_578498
0x57849C,dword_57849C
0x578758,dword_578758
0x57875C,dword_57875C
0x578760,dword_578760
0x578764,dword_578764
0x578768,dword_578768
0x57876C,dword_57876C
0x578770,dword_578770
0x578774,dword_578774
0x578778,dword_578778
0x57877C,dword_57877C
0x578780,dword_578780
0x578784,dword_578784
0x578788,dword_578788
0x57878C,dword_57878C
0x578790,dword_578790
0x578794,dword_578794
0x578798,dword_578798
0x57879C,dword_57879C
0x5787A0,dword_5787A0
0x5787A4,dword_5787A4
0x5787A8,dword_5787A8
0x5787AC,dword_5787AC
0x5787B0,dword_5787B0
0x5787B4,dword_5787B4
0x5787B8,dword_5787B8
0x5787BC,dword_5787BC
0x5787C0,dword_5787C0
0x5787C4,dword_5787C4
0x5787C8,dword_5787C8
0x5787CC,dword_5787CC
0x5787D0,dword_5787D0
0x5787D4,dword_5787D4
0x5787D8,dword_5787D8
0x5787DC,dword_5787DC
0x5787E0,dword_5787E0
0x5787E4,dword_5787E4
0x5787E8,dword_5787E8
0x57A170,dword_57A170
0x57A174,dword_57A174
0x57A458,dword_57A458
0x57A45C,dword_57A45C
0x57A460,dword_57A460
0x57A464,dword_57A464
0x57A468,dword_57A468
0x57A46C,dword_57A46C
0x57A470,dword_57A470
0x57A474,dword_57A474
0x57A478,dword_57A478
0x57A47C,dword_57A47C
0x57A480,dword_57A480
0x57A484,dword_57A484
0x57A488,dword_57A488
0x57A48C,dword_57A48C
0x57A490,dword_57A490
0x57A494,dword_57A494
0x57A498,dword_57A498
0x57A49C,dword_57A49C
0x57A4A0,dword_57A4A0
0x57A4A4,dword_57A4A4
0x57A4A8,dword_57A4A8
0x57A4AC,dword_57A4AC
0x57A4B0,dword_57A4B0
0x57A4B4,dword_57A4B4
0x57A4B8,dword_57A4B8
0x57A4BC,dword_57A4BC
0x57A4C0,dword_57A4C0
0x57A4C4,dword_57A4C4
0x57A4C8,dword_57A4C8
0x57A4CC,dword_57A4CC
0x57A4D0,dword_57A4D0
0x57A4D4,dword_57A4D4
0x57A4D8,dword_57A4D8
0x57A4DC,dword_57A4DC
0x57A4E0,dword_57A4E0
0x57A4E4,dword_57A4E4
0x57A4E8,dword_57A4E8
0x57BE70,dword_57BE70
0x57BE74,dword_57BE74
0x57BE78,word_57BE78
0x57BE7A,word_57BE7A
0x57C130,dword_57C130
0x57C134,dword_57C134
0x57C138,dword_57C138
0x57C13C,dword_57C13C
0x57C140,dword_57C140
0x57C144,dword_57C144
0x57C148,dword_57C148
0x57C14C,dword_57C14C
0x57C150,dword_57C150
0x57C154,dword_57C154
0x57C158,dword_57C158
0x57C15C,dword_57C15C
0x57C160,dword_57C160
0x57C164,dword_57C164
0x57C168,dword_57C168
0x57C16C,dword_57C16C
0x57C170,dword_57C170
0x57C174,dword_57C174
0x57C178,dword_57C178
0x57C17C,dword_57C17C
0x57C180,dword_57C180
0x57C184,dword_57C184
0x57C188,dword_57C188
0x57C18C,dword_57C18C
0x57C190,dword_57C190
0x57C194,dword_57C194
0x57C198,dword_57C198
0x57C19C,dword_57C19C
0x57C1A0,dword_57C1A0
0x57C1A4,dword_57C1A4
0x57C1A8,dword_57C1A8
0x57C1AC,dword_57C1AC
0x57C1B0,dword_57C1B0
0x57C1B4,dword_57C1B4
0x57C1B8,dword_57C1B8
0x57C1BC,dword_57C1BC
0x57C1C0,dword_57C1C0
0x57DB48,word_57DB48
0x57DB4A,word_57DB4A
0x57DB4C,word_57DB4C
0x57DB4E,word_57DB4E
0x57DB50,word_57DB50
0x57DB52,word_57DB52
0x57DB54,word_57DB54
0x57DB56,word_57DB56
0x57DB58,word_57DB58
0x57DB5A,word_57DB5A
0x57DB5C,word_57DB5C
0x57DB5E,word_57DB5E
0x57DB60,word_57DB60
0x57DB62,word_57DB62
0x57DB64,word_57DB64
0x57DB66,word_57DB66
0x57DB68,word_57DB68
0x57DB6A,word_57DB6A
0x57DD40,word_57DD40
0x57DD42,word_57DD42
0x57DD44,word_57DD44
0x57DD46,word_57DD46
0x57DD48,word_57DD48
0x57DD4A,word_57DD4A
0x57DD4C,word_57DD4C
0x57DD4E,word_57DD4E
0x57DD50,word_57DD50
0x57DD52,word_57DD52
0x57DD54,word_57DD54
0x57DD56,word_57DD56
0x57DD58,word_57DD58
0x57DD5A,word_57DD5A
0x57DD5C,word_57DD5C
0x57DD5E,word_57DD5E
0x57DD60,word_57DD60
0x57DD62,word_57DD62
0x57DF38,dword_57DF38
0x57DF3C,dword_57DF3C
0x57E220,dword_57E220
0x57E224,dword_57E224
0x57E228,dword_57E228
0x57E22C,dword_57E22C
0x57E230,dword_57E230
0x57E234,dword_57E234
0x57E238,dword_57E238
0x57E23C,dword_57E23C
0x57E240,dword_57E240
0x57E244,dword_57E244
0x57E248,dword_57E248
0x57E24C,dword_57E24C
0x57E250,dword_57E250
0x57E254,dword_57E254
0x57E258,dword_57E258
0x57E25C,dword_57E25C
0x57E260,dword_57E260
0x57E264,dword_57E264
0x57E268,dword_57E268
0x57E26C,dword_57E26C
0x57E270,dword_57E270
0x57E274,dword_57E274
0x57E278,dword_57E278
0x57E27C,dword_57E27C
0x57E280,dword_57E280
0x57E284,dword_57E284
0x57E288,dword_57E288
0x57E28C,dword_57E28C
0x57E290,dword_57E290
0x57E294,dword_57E294
0x57E298,dword_57E298
0x57E29C,dword_57E29C
0x57E2A0,dword_57E2A0
0x57E2A4,dword_57E2A4
0x57E2A8,dword_57E2A8
0x57E2AC,dword_57E2AC
0x57E2B0,dword_57E2B0
0x57FC38,dword_57FC38
0x57FC3C,dword_57FC3C
0x57FEF8,dword_57FEF8
0x57FEFC,dword_57FEFC
0x57FF00,dword_57FF00
0x57FF04,dword_57FF04
0x57FF08,dword_57FF08
0x57FF0C,dword_57FF0C
0x57FF10,dword_57FF10
0x57FF14,dword_57FF14
0x57FF18,dword_57FF18
0x57FF1C,dword_57FF1C
0x57FF20,dword_57FF20
0x57FF24,dword_57FF24
0x57FF28,dword_57FF28
0x57FF2C,dword_57FF2C
0x57FF30,dword_57FF30
0x57FF34,dword_57FF34
0x57FF38,dword_57FF38
0x57FF3C,dword_57FF3C
0x57FF40,dword_57FF40
0x57FF44,dword_57FF44
0x57FF48,dword_57FF48
0x57FF4C,dword_57FF4C
0x57FF50,dword_57FF50
0x57FF54,dword_57FF54
0x57FF58,dword_57FF58
0x57FF5C,dword_57FF5C
0x57FF60,dword_57FF60
0x57FF64,dword_57FF64
0x57FF68,dword_57FF68
0x57FF6C,dword_57FF6C
0x57FF70,dword_57FF70
0x57FF74,dword_57FF74
0x57FF78,dword_57FF78
0x57FF7C,dword_57FF7C
0x57FF80,dword_57FF80
0x57FF84,dword_57FF84
0x57FF88,dword_57FF88
0x581910,dword_581910
0x581914,dword_581914
0x581BF8,dword_581BF8
0x581BFC,dword_581BFC
0x581C00,dword_581C00
0x581C04,dword_581C04
0x581C08,dword_581C08
0x581C0C,dword_581C0C
0x581C10,dword_581C10
0x581C14,dword_581C14
0x581C18,dword_581C18
0x581C1C,dword_581C1C
0x581C20,dword_581C20
0x581C24,dword_581C24
0x581C28,dword_581C28
0x581C2C,dword_581C2C
0x581C30,dword_581C30
0x581C34,dword_581C34
0x581C38,dword_581C38
0x581C3C,dword_581C3C
0x581C40,dword_581C40
0x581C44,dword_581C44
0x581C48,dword_581C48
0x581C4C,dword_581C4C
0x581C50,dword_581C50
0x581C54,dword_581C54
0x581C58,dword_581C58
0x581C5C,dword_581C5C
0x581C60,dword_581C60
0x581C64,dword_581C64
0x581C68,dword_581C68
0x581C6C,dword_581C6C
0x581C70,dword_581C70
0x581C74,dword_581C74
0x581C78,dword_581C78
0x581C7C,dword_581C7C
0x581C80,dword_581C80
0x581C84,dword_581C84
0x581C88,dword_581C88
0x583610,dword_583610
0x583614,dword_583614
0x5838D0,dword_5838D0
0x5838D4,dword_5838D4
0x5838D8,dword_5838D8
0x5838DC,dword_5838DC
0x5838E0,dword_5838E0
0x5838E4,dword_5838E4
0x5838E8,dword_5838E8
0x5838EC,dword_5838EC
0x5838F0,dword_5838F0
0x5838F4,dword_5838F4
0x5838F8,dword_5838F8
0x5838FC,dword_5838FC
0x583900,dword_583900
0x583904,dword_583904
0x583908,dword_583908
0x58390C,dword_58390C
0x583910,dword_583910
0x583914,dword_583914
0x583918,dword_583918
0x58391C,dword_58391C
0x583920,dword_583920
0x583924,dword_583924
0x583928,dword_583928
0x58392C,dword_58392C
0x583930,dword_583930
0x583934,dword_583934
0x583938,dword_583938
0x58393C,dword_58393C
0x583940,dword_583940
0x583944,dword_583944
0x583948,dword_583948
0x58394C,dword_58394C
0x583950,dword_583950
0x583954,dword_583954
0x583958,dword_583958
0x58395C,dword_58395C
0x583960,dword_583960
0x5852E8,dword_5852E8
0x5852EC,dword_5852EC
0x5855D0,dword_5855D0
0x5855D4,dword_5855D4
0x5855D8,dword_5855D8
0x5855DC,dword_5855DC
0x5855E0,dword_5855E0
0x5855E4,dword_5855E4
0x5855E8,dword_5855E8
0x5855EC,dword_5855EC
0x5855F0,dword_5855F0
0x5855F4,dword_5855F4
0x5855F8,dword_5855F8
0x5855FC,dword_5855FC
0x585600,dword_585600
0x585604,dword_585604
0x585608,dword_585608
0x58560C,dword_58560C
0x585610,dword_585610
0x585614,dword_585614
0x585618,dword_585618
0x58561C,dword_58561C
0x585620,dword_585620
0x585624,dword_585624
0x585628,dword_585628
0x58562C,dword_58562C
0x585630,dword_585630
0x585634,dword_585634
0x585638,dword_585638
0x58563C,dword_58563C
0x585640,dword_585640
0x585644,dword_585644
0x585648,dword_585648
0x58564C,dword_58564C
0x585650,dword_585650
0x585654,dword_585654
0x585658,dword_585658
0x58565C,dword_58565C
0x585660,dword_585660
0x586FE8,dword_586FE8
0x586FEC,dword_586FEC
0x5872A8,dword_5872A8
0x5872AC,dword_5872AC
0x5872B0,dword_5872B0
0x5872B4,dword_5872B4
0x5872B8,dword_5872B8
0x5872BC,dword_5872BC
0x5872C0,dword_5872C0
0x5872C4,dword_5872C4
0x5872C8,dword_5872C8
0x5872CC,dword_5872CC
0x5872D0,dword_5872D0
0x5872D4,dword_5872D4
0x5872D8,dword_5872D8
0x5872DC,dword_5872DC
0x5872E0,dword_5872E0
0x5872E4,dword_5872E4
0x5872E8,dword_5872E8
0x5872EC,dword_5872EC
0x5872F0,dword_5872F0
0x5872F4,dword_5872F4
0x5872F8,dword_5872F8
0x5872FC,dword_5872FC
0x587300,dword_587300
0x587304,dword_587304
0x587308,dword_587308
0x58730C,dword_58730C
0x587310,dword_587310
0x587314,dword_587314
0x587318,dword_587318
0x58731C,dword_58731C
0x587320,dword_587320
0x587324,dword_587324
0x587328,dword_587328
0x58732C,dword_58732C
0x587330,dword_587330
0x587334,dword_587334
0x587338,dword_587338
0x588CC0,dword_588CC0
0x588CC4,dword_588CC4
0x588FA8,dword_588FA8
0x588FAC,dword_588FAC
0x588FB0,dword_588FB0
0x588FB4,dword_588FB4
0x588FB8,dword_588FB8
0x588FBC,dword_588FBC
0x588FC0,dword_588FC0
0x588FC4,dword_588FC4
0x588FC8,dword_588FC8
0x588FCC,dword_588FCC
0x588FD0,dword_588FD0
0x588FD4,dword_588FD4
0x588FD8,dword_588FD8
0x588FDC,dword_588FDC
0x588FE0,dword_588FE0
0x588FE4,dword_588FE4
0x588FE8,dword_588FE8
0x588FEC,dword_588FEC
0x588FF0,dword_588FF0
0x588FF4,dword_588FF4
0x588FF8,dword_588FF8
0x588FFC,dword_588FFC
0x589000,dword_589000
0x589004,dword_589004
0x589008,dword_589008
0x58900C,dword_58900C
0x589010,dword_589010
0x589014,dword_589014
0x589018,dword_589018
0x58901C,dword_58901C
0x589020,dword_589020
0x589024,dword_589024
0x589028,dword_589028
0x58902C,dword_58902C
0x589030,dword_589030
0x589034,dword_589034
0x589038,dword_589038
0x58A9C0,dword_58A9C0
0x58A9C4,dword_58A9C4
0x58AC80,dword_58AC80
0x58AC84,dword_58AC84
0x58AC88,dword_58AC88
0x58AC8C,dword_58AC8C
0x58AC90,dword_58AC90
0x58AC94,dword_58AC94
0x58AC98,dword_58AC98
0x58AC9C,dword_58AC9C
0x58ACA0,dword_58ACA0
0x58ACA4,dword_58ACA4
0x58ACA8,dword_58ACA8
0x58ACAC,dword_58ACAC
0x58ACB0,dword_58ACB0
0x58ACB4,dword_58ACB4
0x58ACB8,dword_58ACB8
0x58ACBC,dword_58ACBC
0x58ACC0,dword_58ACC0
0x58ACC4,dword_58ACC4
0x58ACC8,dword_58ACC8
0x58ACCC,dword_58ACCC
0x58ACD0,dword_58ACD0
0x58ACD4,dword_58ACD4
0x58ACD8,dword_58ACD8
0x58ACDC,dword_58ACDC
0x58ACE0,dword_58ACE0
0x58ACE4,dword_58ACE4
0x58ACE8,dword_58ACE8
0x58ACEC,dword_58ACEC
0x58ACF0,dword_58ACF0
0x58ACF4,dword_58ACF4
0x58ACF8,dword_58ACF8
0x58ACFC,dword_58ACFC
0x58AD00,dword_58AD00
0x58AD04,dword_58AD04
0x58AD08,dword_58AD08
0x58AD0C,dword_58AD0C
0x58AD10,dword_58AD10
0x58C698,dword_58C698
0x58C69C,dword_58C69C
0x58C6A0,dword_58C6A0
0x58C6A4,dword_58C6A4
0x58C988,dword_58C988
0x58C98C,dword_58C98C
0x58C990,dword_58C990
0x58C994,dword_58C994
0x58C998,dword_58C998
0x58C99C,dword_58C99C
0x58C9A0,dword_58C9A0
0x58C9A4,dword_58C9A4
0x58C9A8,dword_58C9A8
0x58C9AC,dword_58C9AC
0x58C9B0,dword_58C9B0
0x58C9B4,dword_58C9B4
0x58C9B8,dword_58C9B8
0x58C9BC,dword_58C9BC
0x58C9C0,dword_58C9C0
0x58C9C4,dword_58C9C4
0x58C9C8,dword_58C9C8
0x58C9CC,dword_58C9CC
0x58C9D0,dword_58C9D0
0x58C9D4,dword_58C9D4
0x58C9D8,dword_58C9D8
0x58C9DC,dword_58C9DC
0x58C9E0,dword_58C9E0
0x58C9E4,dword_58C9E4
0x58C9E8,dword_58C9E8
0x58C9EC,dword_58C9EC
0x58C9F0,dword_58C9F0
0x58C9F4,dword_58C9F4
0x58C9F8,dword_58C9F8
0x58C9FC,dword_58C9FC
0x58CA00,dword_58CA00
0x58CA04,dword_58CA04
0x58CA08,dword_58CA08
0x58CA0C,dword_58CA0C
0x58CA10,dword_58CA10
0x58CA14,dword_58CA14
0x58CA18,dword_58CA18
0x58E3A0,dword_58E3A0
0x58E3A4,dword_58E3A4
0x58E660,dword_58E660
0x58E664,dword_58E664
0x58E668,dword_58E668
0x58E66C,dword_58E66C
0x58E670,dword_58E670
0x58E674,dword_58E674
0x58E678,dword_58E678
0x58E67C,dword_58E67C
0x58E680,dword_58E680
0x58E684,dword_58E684
0x58E688,dword_58E688
0x58E68C,dword_58E68C
0x58E690,dword_58E690
0x58E694,dword_58E694
0x58E698,dword_58E698
0x58E69C,dword_58E69C
0x58E6A0,dword_58E6A0
0x58E6A4,dword_58E6A4
0x58E6A8,dword_58E6A8
0x58E6AC,dword_58E6AC
0x58E6B0,dword_58E6B0
0x58E6B4,dword_58E6B4
0x58E6B8,dword_58E6B8
0x58E6BC,dword_58E6BC
0x58E6C0,dword_58E6C0
0x58E6C4,dword_58E6C4
0x58E6C8,dword_58E6C8
0x58E6CC,dword_58E6CC
0x58E6D0,dword_58E6D0
0x58E6D4,dword_58E6D4
0x58E6D8,dword_58E6D8
0x58E6DC,dword_58E6DC
0x58E6E0,dword_58E6E0
0x58E6E4,dword_58E6E4
0x58E6E8,dword_58E6E8
0x58E6EC,dword_58E6EC
0x58E6F0,dword_58E6F0
0x590078,dword_590078
0x59007C,dword_59007C
0x590360,dword_590360
0x590364,dword_590364
0x590368,dword_590368
0x59036C,dword_59036C
0x590370,dword_590370
0x590374,dword_590374
0x590378,dword_590378
0x59037C,dword_59037C
0x590380,dword_590380
0x590384,dword_590384
0x590388,dword_590388
0x59038C,dword_59038C
0x590390,dword_590390
0x590394,dword_590394
0x590398,dword_590398
0x59039C,dword_59039C
0x5903A0,dword_5903A0
0x5903A4,dword_5903A4
0x5903A8,dword_5903A8
0x5903AC,dword_5903AC
0x5903B0,dword_5903B0
0x5903B4,dword_5903B4
0x5903B8,dword_5903B8
0x5903BC,dword_5903BC
0x5903C0,dword_5903C0
0x5903C4,dword_5903C4
0x5903C8,dword_5903C8
0x5903CC,dword_5903CC
0x5903D0,dword_5903D0
0x5903D4,dword_5903D4
0x5903D8,dword_5903D8
0x5903DC,dword_5903DC
0x5903E0,dword_5903E0
0x5903E4,dword_5903E4
0x5903E8,dword_5903E8
0x5903EC,dword_5903EC
0x5903F0,dword_5903F0
0x591D78,dword_591D78
0x591D7C,dword_591D7C
0x592038,dword_592038
0x59203C,dword_59203C
0x592040,dword_592040
0x592044,dword_592044
0x592048,dword_592048
0x59204C,dword_59204C
0x592050,dword_592050
0x592054,dword_592054
0x592058,dword_592058
0x59205C,dword_59205C
0x592060,dword_592060
0x592064,dword_592064
0x592068,dword_592068
0x59206C,dword_59206C
0x592070,dword_592070
0x592074,dword_592074
0x592078,dword_592078
0x59207C,dword_59207C
0x592080,dword_592080
0x592084,dword_592084
0x592088,dword_592088
0x59208C,dword_59208C
0x592090,dword_592090
0x592094,dword_592094
0x592098,dword_592098
0x59209C,dword_59209C
0x5920A0,dword_5920A0
0x5920A4,dword_5920A4
0x5920A8,dword_5920A8
0x5920AC,dword_5920AC
0x5920B0,dword_5920B0
0x5920B4,dword_5920B4
0x5920B8,dword_5920B8
0x5920BC,dword_5920BC
0x5920C0,dword_5920C0
0x5920C4,dword_5920C4
0x5920C8,dword_5920C8
0x593A50,dword_593A50
0x593A54,dword_593A54
0x593D38,dword_593D38
0x593D3C,dword_593D3C
0x593D40,dword_593D40
0x593D44,dword_593D44
0x593D48,dword_593D48
0x593D4C,dword_593D4C
0x593D50,dword_593D50
0x593D54,dword_593D54
0x593D58,dword_593D58
0x593D5C,dword_593D5C
0x593D60,dword_593D60
0x593D64,dword_593D64
0x593D68,dword_593D68
0x593D6C,dword_593D6C
0x593D70,dword_593D70
0x593D74,dword_593D74
0x593D78,dword_593D78
0x593D7C,dword_593D7C
0x593D80,dword_593D80
0x593D84,dword_593D84
0x593D88,dword_593D88
0x593D8C,dword_593D8C
0x593D90,dword_593D90
0x593D94,dword_593D94
0x593D98,dword_593D98
0x593D9C,dword_593D9C
0x593DA0,dword_593DA0
0x593DA4,dword_593DA4
0x593DA8,dword_593DA8
0x593DAC,dword_593DAC
0x593DB0,dword_593DB0
0x593DB4,dword_593DB4
0x593DB8,dword_593DB8
0x593DBC,dword_593DBC
0x593DC0,dword_593DC0
0x593DC4,dword_593DC4
0x593DC8,dword_593DC8
0x595750,dword_595750
0x595754,dword_595754
0x595A10,dword_595A10
0x595A14,dword_595A14
0x595A18,dword_595A18
0x595A1C,dword_595A1C
0x595A20,dword_595A20
0x595A24,dword_595A24
0x595A28,dword_595A28
0x595A2C,dword_595A2C
0x595A30,dword_595A30
0x595A34,dword_595A34
0x595A38,dword_595A38
0x595A3C,dword_595A3C
0x595A40,dword_595A40
0x595A44,dword_595A44
0x595A48,dword_595A48
0x595A4C,dword_595A4C
0x595A50,dword_595A50
0x595A54,dword_595A54
0x595A58,dword_595A58
0x595A5C,dword_595A5C
0x595A60,dword_595A60
0x595A64,dword_595A64
0x595A68,dword_595A68
0x595A6C,dword_595A6C
0x595A70,dword_595A70
0x595A74,dword_595A74
0x595A78,dword_595A78
0x595A7C,dword_595A7C
0x595A80,dword_595A80
0x595A84,dword_595A84
0x595A88,dword_595A88
0x595A8C,dword_595A8C
0x595A90,dword_595A90
0x595A94,dword_595A94
0x595A98,dword_595A98
0x595A9C,dword_595A9C
0x595AA0,dword_595AA0
0x597428,dword_597428
0x59742C,dword_59742C
0x597710,dword_597710
0x597714,dword_597714
0x597718,dword_597718
0x59771C,dword_59771C
0x597720,dword_597720
0x597724,dword_597724
0x597728,dword_597728
0x59772C,dword_59772C
0x597730,dword_597730
0x597734,dword_597734
0x597738,dword_597738
0x59773C,dword_59773C
0x597740,dword_597740
0x597744,dword_597744
0x597748,dword_597748
0x59774C,dword_59774C
0x597750,dword_597750
0x597754,dword_597754
0x597758,dword_597758
0x59775C,dword_59775C
0x597760,dword_597760
0x597764,dword_597764
0x597768,dword_597768
0x59776C,dword_59776C
0x597770,dword_597770
0x597774,dword_597774
0x597778,dword_597778
0x59777C,dword_59777C
0x597780,dword_597780
0x597784,dword_597784
0x597788,dword_597788
0x59778C,dword_59778C
0x597790,dword_597790
0x597794,dword_597794
0x597798,dword_597798
0x59779C,dword_59779C
0x5977A0,dword_5977A0
0x599128,dword_599128
0x59912C,dword_59912C
0x5993E8,dword_5993E8
0x5993EC,dword_5993EC
0x5993F0,dword_5993F0
0x5993F4,dword_5993F4
0x5993F8,dword_5993F8
0x5993FC,dword_5993FC
0x599400,dword_599400
0x599404,dword_599404
0x599408,dword_599408
0x59940C,dword_59940C
0x599410,dword_599410
0x599414,dword_599414
0x599418,dword_599418
0x59941C,dword_59941C
0x599420,dword_599420
0x599424,dword_599424
0x599428,dword_599428
0x59942C,dword_59942C
0x599430,dword_599430
0x599434,dword_599434
0x599438,dword_599438
0x59943C,dword_59943C
0x599440,dword_599440
0x599444,dword_599444
0x599448,dword_599448
0x59944C,dword_59944C
0x599450,dword_599450
0x599454,dword_599454
0x599458,dword_599458
0x59945C,dword_59945C
0x599460,dword_599460
0x599464,dword_599464
0x599468,dword_599468
0x59946C,dword_59946C
0x599470,dword_599470
0x599474,dword_599474
0x599478,dword_599478
0x59AE00,dword_59AE00
0x59AE04,dword_59AE04
0x59B0E8,dword_59B0E8
0x59B0EC,dword_59B0EC
0x59B0F0,dword_59B0F0
0x59B0F4,dword_59B0F4
0x59B0F8,dword_59B0F8
0x59B0FC,dword_59B0FC
0x59B100,dword_59B100
0x59B104,dword_59B104
0x59B108,dword_59B108
0x59B10C,dword_59B10C
0x59B110,dword_59B110
0x59B114,dword_59B114
0x59B118,dword_59B118
0x59B11C,dword_59B11C
0x59B120,dword_59B120
0x59B124,dword_59B124
0x59B128,dword_59B128
0x59B12C,dword_59B12C
0x59B130,dword_59B130
0x59B134,dword_59B134
0x59B138,dword_59B138
0x59B13C,dword_59B13C
0x59B140,dword_59B140
0x59B144,dword_59B144
0x59B148,dword_59B148
0x59B14C,dword_59B14C
0x59B150,dword_59B150
0x59B154,dword_59B154
0x59B158,dword_59B158
0x59B15C,dword_59B15C
0x59B160,dword_59B160
0x59B164,dword_59B164
0x59B168,dword_59B168
0x59B16C,dword_59B16C
0x59B170,dword_59B170
0x59B174,dword_59B174
0x59B178,dword_59B178
0x59CB00,dword_59CB00
0x59CB04,dword_59CB04
0x59CDC0,dword_59CDC0
0x59CDC4,dword_59CDC4
0x59CDC8,dword_59CDC8
0x59CDCC,dword_59CDCC
0x59CDD0,dword_59CDD0
0x59CDD4,dword_59CDD4
0x59CDD8,dword_59CDD8
0x59CDDC,dword_59CDDC
0x59CDE0,dword_59CDE0
0x59CDE4,dword_59CDE4
0x59CDE8,dword_59CDE8
0x59CDEC,dword_59CDEC
0x59CDF0,dword_59CDF0
0x59CDF4,dword_59CDF4
0x59CDF8,dword_59CDF8
0x59CDFC,dword_59CDFC
0x59CE00,dword_59CE00
0x59CE04,dword_59CE04
0x59CE08,dword_59CE08
0x59CE0C,dword_59CE0C
0x59CE10,dword_59CE10
0x59CE14,dword_59CE14
0x59CE18,dword_59CE18
0x59CE1C,dword_59CE1C
0x59CE20,dword_59CE20
0x59CE24,dword_59CE24
0x59CE28,dword_59CE28
0x59CE2C,dword_59CE2C
0x59CE30,dword_59CE30
0x59CE34,dword_59CE34
0x59CE38,dword_59CE38
0x59CE3C,dword_59CE3C
0x59CE40,dword_59CE40
0x59CE44,dword_59CE44
0x59CE48,dword_59CE48
0x59CE4C,dword_59CE4C
0x59CE50,dword_59CE50
0x59E7D8,dword_59E7D8
0x59E7DC,dword_59E7DC
0x59EAC0,dword_59EAC0
0x59EAC4,dword_59EAC4
0x59EAC8,dword_59EAC8
0x59EACC,dword_59EACC
0x59EAD0,dword_59EAD0
0x59EAD4,dword_59EAD4
0x59EAD8,dword_59EAD8
0x59EADC,dword_59EADC
0x59EAE0,dword_59EAE0
0x59EAE4,dword_59EAE4
0x59EAE8,dword_59EAE8
0x59EAEC,dword_59EAEC
0x59EAF0,dword_59EAF0
0x59EAF4,dword_59EAF4
0x59EAF8,dword_59EAF8
0x59EAFC,dword_59EAFC
0x59EB00,dword_59EB00
0x59EB04,dword_59EB04
0x59EB08,dword_59EB08
0x59EB0C,dword_59EB0C
0x59EB10,dword_59EB10
0x59EB14,dword_59EB14
0x59EB18,dword_59EB18
0x59EB1C,dword_59EB1C
0x59EB20,dword_59EB20
0x59EB24,dword_59EB24
0x59EB28,dword_59EB28
0x59EB2C,dword_59EB2C
0x59EB30,dword_59EB30
0x59EB34,dword_59EB34
0x59EB38,dword_59EB38
0x59EB3C,dword_59EB3C
0x59EB40,dword_59EB40
0x59EB44,dword_59EB44
0x59EB48,dword_59EB48
0x59EB4C,dword_59EB4C
0x59EB50,dword_59EB50
0x5A04D8,dword_5A04D8
0x5A04DC,dword_5A04DC
0x5A0798,off_5A0798
0x5A079C,dword_5A079C
0x5A07A0,dword_5A07A0
0x5A07A4,dword_5A07A4
0x5A07A8,dword_5A07A8
0x5A07AC,dword_5A07AC
0x5A07B0,dword_5A07B0
0x5A07B4,dword_5A07B4
0x5A07B8,dword_5A07B8
0x5A07BC,dword_5A07BC
0x5A07C0,dword_5A07C0
0x5A07C4,dword_5A07C4
0x5A07C8,dword_5A07C8
0x5A07CC,dword_5A07CC
0x5A07D0,dword_5A07D0
0x5A07D4,dword_5A07D4
0x5A07D8,dword_5A07D8
0x5A07DC,dword_5A07DC
0x5A07E0,dword_5A07E0
0x5A07E4,dword_5A07E4
0x5A07E8,dword_5A07E8
0x5A07EC,dword_5A07EC
0x5A07F0,dword_5A07F0
0x5A07F4,dword_5A07F4
0x5A07F8,dword_5A07F8
0x5A07FC,dword_5A07FC
0x5A0800,dword_5A0800
0x5A0804,dword_5A0804
0x5A0808,dword_5A0808
0x5A080C,dword_5A080C
0x5A0810,dword_5A0810
0x5A0814,dword_5A0814
0x5A0818,dword_5A0818
0x5A081C,dword_5A081C
0x5A0820,dword_5A0820
0x5A0824,dword_5A0824
0x5A0828,dword_5A0828
0x5A21B0,dword_5A21B0
0x5A21B4,dword_5A21B4
0x5A2498,dword_5A2498
0x5A249C,dword_5A249C
0x5A24A0,dword_5A24A0
0x5A24A4,dword_5A24A4
0x5A24A8,dword_5A24A8
0x5A24AC,dword_5A24AC
0x5A24B0,dword_5A24B0
0x5A24B4,dword_5A24B4
0x5A24B8,dword_5A24B8
0x5A24BC,dword_5A24BC
0x5A24C0,dword_5A24C0
0x5A24C4,dword_5A24C4
0x5A24C8,dword_5A24C8
0x5A24CC,dword_5A24CC
0x5A24D0,dword_5A24D0
0x5A24D4,dword_5A24D4
0x5A24D8,dword_5A24D8
0x5A24DC,dword_5A24DC
0x5A24E0,dword_5A24E0
0x5A24E4,dword_5A24E4
0x5A24E8,dword_5A24E8
0x5A24EC,dword_5A24EC
0x5A24F0,dword_5A24F0
0x5A24F4,dword_5A24F4
0x5A24F8,dword_5A24F8
0x5A24FC,dword_5A24FC
0x5A2500,dword_5A2500
0x5A2504,dword_5A2504
0x5A2508,dword_5A2508
0x5A250C,dword_5A250C
0x5A2510,dword_5A2510
0x5A2514,dword_5A2514
0x5A2518,dword_5A2518
0x5A251C,dword_5A251C
0x5A2520,dword_5A2520
0x5A2524,dword_5A2524
0x5A2528,dword_5A2528
0x5A3EB0,dword_5A3EB0
0x5A3EB4,dword_5A3EB4
0x5A4170,dword_5A4170
0x5A4174,dword_5A4174
0x5A4178,dword_5A4178
0x5A417C,dword_5A417C
0x5A4180,dword_5A4180
0x5A4184,dword_5A4184
0x5A4188,dword_5A4188
0x5A418C,dword_5A418C
0x5A4190,dword_5A4190
0x5A4194,dword_5A4194
0x5A4198,dword_5A4198
0x5A419C,dword_5A419C
0x5A41A0,dword_5A41A0
0x5A41A4,dword_5A41A4
0x5A41A8,dword_5A41A8
0x5A41AC,dword_5A41AC
0x5A41B0,dword_5A41B0
0x5A41B4,dword_5A41B4
0x5A41B8,dword_5A41B8
0x5A41BC,dword_5A41BC
0x5A41C0,dword_5A41C0
0x5A41C4,dword_5A41C4
0x5A41C8,dword_5A41C8
0x5A41CC,dword_5A41CC
0x5A41D0,dword_5A41D0
0x5A41D4,dword_5A41D4
0x5A41D8,dword_5A41D8
0x5A41DC,dword_5A41DC
0x5A41E0,dword_5A41E0
0x5A41E4,dword_5A41E4
0x5A41E8,dword_5A41E8
0x5A41EC,dword_5A41EC
0x5A41F0,dword_5A41F0
0x5A41F4,dword_5A41F4
0x5A41F8,dword_5A41F8
0x5A41FC,dword_5A41FC
0x5A4200,dword_5A4200
0x5A5B88,dword_5A5B88
0x5A5B8C,dword_5A5B8C
0x5A5E70,dword_5A5E70
0x5A5E74,dword_5A5E74
0x5A5E78,dword_5A5E78
0x5A5E7C,dword_5A5E7C
0x5A5E80,dword_5A5E80
0x5A5E84,dword_5A5E84
0x5A5E88,dword_5A5E88
0x5A5E8C,dword_5A5E8C
0x5A5E90,dword_5A5E90
0x5A5E94,dword_5A5E94
0x5A5E98,dword_5A5E98
0x5A5E9C,dword_5A5E9C
0x5A5EA0,dword_5A5EA0
0x5A5EA4,dword_5A5EA4
0x5A5EA8,dword_5A5EA8
0x5A5EAC,dword_5A5EAC
0x5A5EB0,dword_5A5EB0
0x5A5EB4,dword_5A5EB4
0x5A5EB8,dword_5A5EB8
0x5A5EBC,dword_5A5EBC
0x5A5EC0,dword_5A5EC0
0x5A5EC4,dword_5A5EC4
0x5A5EC8,dword_5A5EC8
0x5A5ECC,dword_5A5ECC
0x5A5ED0,dword_5A5ED0
0x5A5ED4,dword_5A5ED4
0x5A5ED8,dword_5A5ED8
0x5A5EDC,dword_5A5EDC
0x5A5EE0,dword_5A5EE0
0x5A5EE4,dword_5A5EE4
0x5A5EE8,dword_5A5EE8
0x5A5EEC,dword_5A5EEC
0x5A5EF0,dword_5A5EF0
0x5A5EF4,dword_5A5EF4
0x5A5EF8,dword_5A5EF8
0x5A5EFC,dword_5A5EFC
0x5A5F00,dword_5A5F00
0x5A7888,dword_5A7888
0x5A788C,dword_5A788C
0x5A7B48,dword_5A7B48
0x5A7B4C,dword_5A7B4C
0x5A7B50,dword_5A7B50
0x5A7B54,dword_5A7B54
0x5A7B58,dword_5A7B58
0x5A7B5C,dword_5A7B5C
0x5A7B60,dword_5A7B60
0x5A7B64,dword_5A7B64
0x5A7B68,dword_5A7B68
0x5A7B6C,dword_5A7B6C
0x5A7B70,dword_5A7B70
0x5A7B74,dword_5A7B74
0x5A7B78,dword_5A7B78
0x5A7B7C,dword_5A7B7C
0x5A7B80,dword_5A7B80
0x5A7B84,dword_5A7B84
0x5A7B88,dword_5A7B88
0x5A7B8C,dword_5A7B8C
0x5A7B90,dword_5A7B90
0x5A7B94,dword_5A7B94
0x5A7B98,dword_5A7B98
0x5A7B9C,dword_5A7B9C
0x5A7BA0,dword_5A7BA0
0x5A7BA4,dword_5A7BA4
0x5A7BA8,dword_5A7BA8
0x5A7BAC,dword_5A7BAC
0x5A7BB0,dword_5A7BB0
0x5A7BB4,dword_5A7BB4
0x5A7BB8,dword_5A7BB8
0x5A7BBC,dword_5A7BBC
0x5A7BC0,dword_5A7BC0
0x5A7BC4,dword_5A7BC4
0x5A7BC8,dword_5A7BC8
0x5A7BCC,dword_5A7BCC
0x5A7BD0,dword_5A7BD0
0x5A7BD4,dword_5A7BD4
0x5A7BD8,dword_5A7BD8
0x5A9560,dword_5A9560
0x5A9564,dword_5A9564
0x5A9848,dword_5A9848
0x5A984C,dword_5A984C
0x5A9850,dword_5A9850
0x5A9854,dword_5A9854
0x5A9858,dword_5A9858
0x5A985C,dword_5A985C
0x5A9860,dword_5A9860
0x5A9864,dword_5A9864
0x5A9868,dword_5A9868
0x5A986C,dword_5A986C
0x5A9870,dword_5A9870
0x5A9874,dword_5A9874
0x5A9878,dword_5A9878
0x5A987C,dword_5A987C
0x5A9880,dword_5A9880
0x5A9884,dword_5A9884
0x5A9888,dword_5A9888
0x5A988C,dword_5A988C
0x5A9890,dword_5A9890
0x5A9894,dword_5A9894
0x5A9898,dword_5A9898
0x5A989C,dword_5A989C
0x5A98A0,dword_5A98A0
0x5A98A4,dword_5A98A4
0x5A98A8,dword_5A98A8
0x5A98AC,dword_5A98AC
0x5A98B0,dword_5A98B0
0x5A98B4,dword_5A98B4
0x5A98B8,dword_5A98B8
0x5A98BC,dword_5A98BC
0x5A98C0,dword_5A98C0
0x5A98C4,dword_5A98C4
0x5A98C8,dword_5A98C8
0x5A98CC,dword_5A98CC
0x5A98D0,dword_5A98D0
0x5A98D4,dword_5A98D4
0x5A98D8,dword_5A98D8
0x5AB260,dword_5AB260
0x5AB264,dword_5AB264
0x5AB268,dword_5AB268
0x5AB26C,dword_5AB26C
0x5AB528,dword_5AB528
0x5AB52C,dword_5AB52C
0x5AB530,dword_5AB530
0x5AB534,dword_5AB534
0x5AB538,dword_5AB538
0x5AB53C,dword_5AB53C
0x5AB540,dword_5AB540
0x5AB544,dword_5AB544
0x5AB548,dword_5AB548
0x5AB54C,dword_5AB54C
0x5AB550,dword_5AB550
0x5AB554,dword_5AB554
0x5AB558,dword_5AB558
0x5AB55C,dword_5AB55C
0x5AB560,dword_5AB560
0x5AB564,dword_5AB564
0x5AB568,dword_5AB568
0x5AB56C,dword_5AB56C
0x5AB570,dword_5AB570
0x5AB574,dword_5AB574
0x5AB578,dword_5AB578
0x5AB57C,dword_5AB57C
0x5AB580,dword_5AB580
0x5AB584,dword_5AB584
0x5AB588,dword_5AB588
0x5AB58C,dword_5AB58C
0x5AB590,dword_5AB590
0x5AB594,dword_5AB594
0x5AB598,dword_5AB598
0x5AB59C,dword_5AB59C
0x5AB5A0,dword_5AB5A0
0x5AB5A4,dword_5AB5A4
0x5AB5A8,dword_5AB5A8
0x5AB5AC,dword_5AB5AC
0x5AB5B0,dword_5AB5B0
0x5AB5B4,dword_5AB5B4
0x5AB5B8,dword_5AB5B8
0x5ACF40,dword_5ACF40
0x5ACF44,dword_5ACF44
0x5AD228,dword_5AD228
0x5AD22C,dword_5AD22C
0x5AD230,dword_5AD230
0x5AD234,dword_5AD234
0x5AD238,dword_5AD238
0x5AD23C,dword_5AD23C
0x5AD240,dword_5AD240
0x5AD244,dword_5AD244
0x5AD248,dword_5AD248
0x5AD24C,dword_5AD24C
0x5AD250,dword_5AD250
0x5AD254,dword_5AD254
0x5AD258,dword_5AD258
0x5AD25C,dword_5AD25C
0x5AD260,dword_5AD260
0x5AD264,dword_5AD264
0x5AD268,dword_5AD268
0x5AD26C,dword_5AD26C
0x5AD270,dword_5AD270
0x5AD274,dword_5AD274
0x5AD278,dword_5AD278
0x5AD27C,dword_5AD27C
0x5AD280,dword_5AD280
0x5AD284,dword_5AD284
0x5AD288,dword_5AD288
0x5AD28C,dword_5AD28C
0x5AD290,dword_5AD290
0x5AD294,dword_5AD294
0x5AD298,dword_5AD298
0x5AD29C,dword_5AD29C
0x5AD2A0,dword_5AD2A0
0x5AD2A4,dword_5AD2A4
0x5AD2A8,dword_5AD2A8
0x5AD2AC,dword_5AD2AC
0x5AD2B0,dword_5AD2B0
0x5AD2B4,dword_5AD2B4
0x5AD2B8,dword_5AD2B8
0x5AEC40,dword_5AEC40
0x5AEC44,dword_5AEC44
0x5AEF00,dword_5AEF00
0x5AEF04,dword_5AEF04
0x5AEF08,dword_5AEF08
0x5AEF0C,dword_5AEF0C
0x5AEF10,dword_5AEF10
0x5AEF14,dword_5AEF14
0x5AEF18,dword_5AEF18
0x5AEF1C,dword_5AEF1C
0x5AEF20,dword_5AEF20
0x5AEF24,dword_5AEF24
0x5AEF28,dword_5AEF28
0x5AEF2C,dword_5AEF2C
0x5AEF30,dword_5AEF30
0x5AEF34,dword_5AEF34
0x5AEF38,dword_5AEF38
0x5AEF3C,dword_5AEF3C
0x5AEF40,dword_5AEF40
0x5AEF44,dword_5AEF44
0x5AEF48,dword_5AEF48
0x5AEF4C,dword_5AEF4C
0x5AEF50,dword_5AEF50
0x5AEF54,dword_5AEF54
0x5AEF58,dword_5AEF58
0x5AEF5C,dword_5AEF5C
0x5AEF60,dword_5AEF60
0x5AEF64,dword_5AEF64
0x5AEF68,dword_5AEF68
0x5AEF6C,dword_5AEF6C
0x5AEF70,dword_5AEF70
0x5AEF74,dword_5AEF74
0x5AEF78,dword_5AEF78
0x5AEF7C,dword_5AEF7C
0x5AEF80,dword_5AEF80
0x5AEF84,dword_5AEF84
0x5AEF88,dword_5AEF88
0x5AEF8C,dword_5AEF8C
0x5AEF90,dword_5AEF90
0x5B0918,dword_5B0918
0x5B091C,dword_5B091C
0x5B0C00,dword_5B0C00
0x5B0C04,dword_5B0C04
0x5B0C08,dword_5B0C08
0x5B0C0C,dword_5B0C0C
0x5B0C10,dword_5B0C10
0x5B0C14,dword_5B0C14
0x5B0C18,dword_5B0C18
0x5B0C1C,dword_5B0C1C
0x5B0C20,dword_5B0C20
0x5B0C24,dword_5B0C24
0x5B0C28,dword_5B0C28
0x5B0C2C,dword_5B0C2C
0x5B0C30,dword_5B0C30
0x5B0C34,dword_5B0C34
0x5B0C38,dword_5B0C38
0x5B0C3C,dword_5B0C3C
0x5B0C40,dword_5B0C40
0x5B0C44,dword_5B0C44
0x5B0C48,dword_5B0C48
0x5B0C4C,dword_5B0C4C
0x5B0C50,dword_5B0C50
0x5B0C54,dword_5B0C54
0x5B0C58,dword_5B0C58
0x5B0C5C,dword_5B0C5C
0x5B0C60,dword_5B0C60
0x5B0C64,dword_5B0C64
0x5B0C68,dword_5B0C68
0x5B0C6C,dword_5B0C6C
0x5B0C70,dword_5B0C70
0x5B0C74,dword_5B0C74
0x5B0C78,dword_5B0C78
0x5B0C7C,dword_5B0C7C
0x5B0C80,dword_5B0C80
0x5B0C84,dword_5B0C84
0x5B0C88,dword_5B0C88
0x5B0C8C,dword_5B0C8C
0x5B0C90,dword_5B0C90
0x5B2618,dword_5B2618
0x5B261C,dword_5B261C
0x5B28D8,dword_5B28D8
0x5B28DC,dword_5B28DC
0x5B28E0,dword_5B28E0
0x5B28E4,dword_5B28E4
0x5B28E8,dword_5B28E8
0x5B28EC,dword_5B28EC
0x5B28F0,dword_5B28F0
0x5B28F4,dword_5B28F4
0x5B28F8,dword_5B28F8
0x5B28FC,dword_5B28FC
0x5B2900,dword_5B2900
0x5B2904,dword_5B2904
0x5B2908,dword_5B2908
0x5B290C,dword_5B290C
0x5B2910,dword_5B2910
0x5B2914,dword_5B2914
0x5B2918,dword_5B2918
0x5B291C,dword_5B291C
0x5B2920,dword_5B2920
0x5B2924,dword_5B2924
0x5B2928,dword_5B2928
0x5B292C,dword_5B292C
0x5B2930,dword_5B2930
0x5B2934,dword_5B2934
0x5B2938,dword_5B2938
0x5B293C,dword_5B293C
0x5B2940,dword_5B2940
0x5B2944,dword_5B2944
0x5B2948,dword_5B2948
0x5B294C,dword_5B294C
0x5B2950,dword_5B2950
0x5B2954,dword_5B2954
0x5B2958,dword_5B2958
0x5B295C,dword_5B295C
0x5B2960,dword_5B2960
0x5B2964,dword_5B2964
0x5B2968,dword_5B2968
0x5B42F0,dword_5B42F0
0x5B42F4,dword_5B42F4
0x5B45D8,dword_5B45D8
0x5B45DC,dword_5B45DC
0x5B45E0,dword_5B45E0
0x5B45E4,dword_5B45E4
0x5B45E8,dword_5B45E8
0x5B45EC,dword_5B45EC
0x5B45F0,dword_5B45F0
0x5B45F4,dword_5B45F4
0x5B45F8,dword_5B45F8
0x5B45FC,dword_5B45FC
0x5B4600,dword_5B4600
0x5B4604,dword_5B4604
0x5B4608,dword_5B4608
0x5B460C,dword_5B460C
0x5B4610,dword_5B4610
0x5B4614,dword_5B4614
0x5B4618,dword_5B4618
0x5B461C,dword_5B461C
0x5B4620,dword_5B4620
0x5B4624,dword_5B4624
0x5B4628,dword_5B4628
0x5B462C,dword_5B462C
0x5B4630,dword_5B4630
0x5B4634,dword_5B4634
0x5B4638,dword_5B4638
0x5B463C,dword_5B463C
0x5B4640,dword_5B4640
0x5B4644,dword_5B4644
0x5B4648,dword_5B4648
0x5B464C,dword_5B464C
0x5B4650,dword_5B4650
0x5B4654,dword_5B4654
0x5B4658,dword_5B4658
0x5B465C,dword_5B465C
0x5B4660,dword_5B4660
0x5B4664,dword_5B4664
0x5B4668,dword_5B4668
0x5B5FF0,dword_5B5FF0
0x5B5FF4,dword_5B5FF4
0x5B62B0,dword_5B62B0
0x5B62B4,dword_5B62B4
0x5B62B8,dword_5B62B8
0x5B62BC,dword_5B62BC
0x5B62C0,dword_5B62C0
0x5B62C4,dword_5B62C4
0x5B62C8,dword_5B62C8
0x5B62CC,dword_5B62CC
0x5B62D0,dword_5B62D0
0x5B62D4,dword_5B62D4
0x5B62D8,dword_5B62D8
0x5B62DC,dword_5B62DC
0x5B62E0,dword_5B62E0
0x5B62E4,dword_5B62E4
0x5B62E8,dword_5B62E8
0x5B62EC,dword_5B62EC
0x5B62F0,dword_5B62F0
0x5B62F4,dword_5B62F4
0x5B62F8,dword_5B62F8
0x5B62FC,dword_5B62FC
0x5B6300,dword_5B6300
0x5B6304,dword_5B6304
0x5B6308,dword_5B6308
0x5B630C,dword_5B630C
0x5B6310,dword_5B6310
0x5B6314,dword_5B6314
0x5B6318,dword_5B6318
0x5B631C,dword_5B631C
0x5B6320,dword_5B6320
0x5B6324,dword_5B6324
0x5B6328,dword_5B6328
0x5B632C,dword_5B632C
0x5B6330,dword_5B6330
0x5B6334,dword_5B6334
0x5B6338,dword_5B6338
0x5B633C,dword_5B633C
0x5B6340,dword_5B6340
0x5B7CB8,dword_5B7CB8
0x5B7CBC,dword_5B7CBC
0x5B7FA0,dword_5B7FA0
0x5B7FA4,dword_5B7FA4
0x5B7FA8,dword_5B7FA8
0x5B7FAC,dword_5B7FAC
0x5B7FB0,dword_5B7FB0
0x5B7FB4,dword_5B7FB4
0x5B7FB8,dword_5B7FB8
0x5B7FBC,dword_5B7FBC
0x5B7FC0,dword_5B7FC0
0x5B7FC4,dword_5B7FC4
0x5B7FC8,dword_5B7FC8
0x5B7FCC,dword_5B7FCC
0x5B7FD0,dword_5B7FD0
0x5B7FD4,dword_5B7FD4
0x5B7FD8,dword_5B7FD8
0x5B7FDC,dword_5B7FDC
0x5B7FE0,dword_5B7FE0
0x5B7FE4,dword_5B7FE4
0x5B7FE8,dword_5B7FE8
0x5B7FEC,dword_5B7FEC
0x5B7FF0,dword_5B7FF0
0x5B7FF4,dword_5B7FF4
0x5B7FF8,dword_5B7FF8
0x5B7FFC,dword_5B7FFC
0x5B8000,dword_5B8000
0x5B8004,dword_5B8004
0x5B8008,dword_5B8008
0x5B800C,dword_5B800C
0x5B8010,dword_5B8010
0x5B8014,dword_5B8014
0x5B8018,dword_5B8018
0x5B801C,dword_5B801C
0x5B8020,dword_5B8020
0x5B8024,dword_5B8024
0x5B8028,dword_5B8028
0x5B802C,dword_5B802C
0x5B8030,dword_5B8030
0x5B99B8,dword_5B99B8
0x5B99BC,dword_5B99BC
0x5B99C0,dword_5B99C0
0x5B99C4,dword_5B99C4
0x5B9CA8,dword_5B9CA8
0x5B9CAC,dword_5B9CAC
0x5B9CB0,dword_5B9CB0
0x5B9CB4,dword_5B9CB4
0x5B9CB8,dword_5B9CB8
0x5B9CBC,dword_5B9CBC
0x5B9CC0,dword_5B9CC0
0x5B9CC4,dword_5B9CC4
0x5B9CC8,dword_5B9CC8
0x5B9CCC,dword_5B9CCC
0x5B9CD0,dword_5B9CD0
0x5B9CD4,dword_5B9CD4
0x5B9CD8,dword_5B9CD8
0x5B9CDC,dword_5B9CDC
0x5B9CE0,dword_5B9CE0
0x5B9CE4,dword_5B9CE4
0x5B9CE8,dword_5B9CE8
0x5B9CEC,dword_5B9CEC
0x5B9CF0,dword_5B9CF0
0x5B9CF4,dword_5B9CF4
0x5B9CF8,dword_5B9CF8
0x5B9CFC,dword_5B9CFC
0x5B9D00,dword_5B9D00
0x5B9D04,dword_5B9D04
0x5B9D08,dword_5B9D08
0x5B9D0C,dword_5B9D0C
0x5B9D10,dword_5B9D10
0x5B9D14,dword_5B9D14
0x5B9D18,dword_5B9D18
0x5B9D1C,dword_5B9D1C
0x5B9D20,dword_5B9D20
0x5B9D24,dword_5B9D24
0x5B9D28,dword_5B9D28
0x5B9D2C,dword_5B9D2C
0x5B9D30,dword_5B9D30
0x5B9D34,dword_5B9D34
0x5B9D38,dword_5B9D38
0x5BB6C0,dword_5BB6C0
0x5BB6C4,dword_5BB6C4
0x5BB980,dword_5BB980
0x5BB984,dword_5BB984
0x5BB988,dword_5BB988
0x5BB98C,dword_5BB98C
0x5BB990,dword_5BB990
0x5BB994,dword_5BB994
0x5BB998,dword_5BB998
0x5BB99C,dword_5BB99C
0x5BB9A0,dword_5BB9A0
0x5BB9A4,dword_5BB9A4
0x5BB9A8,dword_5BB9A8
0x5BB9AC,dword_5BB9AC
0x5BB9B0,dword_5BB9B0
0x5BB9B4,dword_5BB9B4
0x5BB9B8,dword_5BB9B8
0x5BB9BC,dword_5BB9BC
0x5BB9C0,dword_5BB9C0
0x5BB9C4,dword_5BB9C4
0x5BB9C8,dword_5BB9C8
0x5BB9CC,dword_5BB9CC
0x5BB9D0,dword_5BB9D0
0x5BB9D4,dword_5BB9D4
0x5BB9D8,dword_5BB9D8
0x5BB9DC,dword_5BB9DC
0x5BB9E0,dword_5BB9E0
0x5BB9E4,dword_5BB9E4
0x5BB9E8,dword_5BB9E8
0x5BB9EC,dword_5BB9EC
0x5BB9F0,dword_5BB9F0
0x5BB9F4,dword_5BB9F4
0x5BB9F8,dword_5BB9F8
0x5BB9FC,dword_5BB9FC
0x5BBA00,dword_5BBA00
0x5BBA04,dword_5BBA04
0x5BBA08,dword_5BBA08
0x5BBA0C,dword_5BBA0C
0x5BBA10,dword_5BBA10
0x5BD398,dword_5BD398
0x5BD39C,dword_5BD39C
0x5BD680,dword_5BD680
0x5BD684,dword_5BD684
0x5BD688,dword_5BD688
0x5BD68C,dword_5BD68C
0x5BD690,dword_5BD690
0x5BD694,dword_5BD694
0x5BD698,dword_5BD698
0x5BD69C,dword_5BD69C
0x5BD6A0,dword_5BD6A0
0x5BD6A4,dword_5BD6A4
0x5BD6A8,dword_5BD6A8
0x5BD6AC,dword_5BD6AC
0x5BD6B0,dword_5BD6B0
0x5BD6B4,dword_5BD6B4
0x5BD6B8,dword_5BD6B8
0x5BD6BC,dword_5BD6BC
0x5BD6C0,dword_5BD6C0
0x5BD6C4,dword_5BD6C4
0x5BD6C8,dword_5BD6C8
0x5BD6CC,dword_5BD6CC
0x5BD6D0,dword_5BD6D0
0x5BD6D4,dword_5BD6D4
0x5BD6D8,dword_5BD6D8
0x5BD6DC,dword_5BD6DC
0x5BD6E0,dword_5BD6E0
0x5BD6E4,dword_5BD6E4
0x5BD6E8,dword_5BD6E8
0x5BD6EC,dword_5BD6EC
0x5BD6F0,dword_5BD6F0
0x5BD6F4,dword_5BD6F4
0x5BD6F8,dword_5BD6F8
0x5BD6FC,dword_5BD6FC
0x5BD700,dword_5BD700
0x5BD704,dword_5BD704
0x5BD708,dword_5BD708
0x5BD70C,dword_5BD70C
0x5BD710,dword_5BD710
0x5BF098,dword_5BF098
0x5BF09C,dword_5BF09C
0x5BF358,dword_5BF358
0x5BF35C,dword_5BF35C
0x5BF360,dword_5BF360
0x5BF364,dword_5BF364
0x5BF368,dword_5BF368
0x5BF36C,dword_5BF36C
0x5BF370,dword_5BF370
0x5BF374,dword_5BF374
0x5BF378,dword_5BF378
0x5BF37C,dword_5BF37C
0x5BF380,dword_5BF380
0x5BF384,dword_5BF384
0x5BF388,dword_5BF388
0x5BF38C,dword_5BF38C
0x5BF390,dword_5BF390
0x5BF394,dword_5BF394
0x5BF398,dword_5BF398
0x5BF39C,dword_5BF39C
0x5BF3A0,dword_5BF3A0
0x5BF3A4,dword_5BF3A4
0x5BF3A8,dword_5BF3A8
0x5BF3AC,dword_5BF3AC
0x5BF3B0,dword_5BF3B0
0x5BF3B4,dword_5BF3B4
0x5BF3B8,dword_5BF3B8
0x5BF3BC,dword_5BF3BC
0x5BF3C0,dword_5BF3C0
0x5BF3C4,dword_5BF3C4
0x5BF3C8,dword_5BF3C8
0x5BF3CC,dword_5BF3CC
0x5BF3D0,dword_5BF3D0
0x5BF3D4,dword_5BF3D4
0x5BF3D8,dword_5BF3D8
0x5BF3DC,dword_5BF3DC
0x5BF3E0,dword_5BF3E0
0x5BF3E4,dword_5BF3E4
0x5BF3E8,dword_5BF3E8
0x5C0D70,dword_5C0D70
0x5C0D74,dword_5C0D74
0x5C1058,off_5C1058
0x5C105C,dword_5C105C
0x5C1060,dword_5C1060
0x5C1064,dword_5C1064
0x5C1068,off_5C1068
0x5C106C,dword_5C106C
0x5C1070,dword_5C1070
0x5C1074,dword_5C1074
0x5C1078,dword_5C1078
0x5C107C,dword_5C107C
0x5C1080,dword_5C1080
0x5C1084,dword_5C1084
0x5C1088,dword_5C1088
0x5C108C,dword_5C108C
0x5C1090,dword_5C1090
0x5C1094,dword_5C1094
0x5C1098,dword_5C1098
0x5C109C,dword_5C109C
0x5C10A0,dword_5C10A0
0x5C10A4,dword_5C10A4
0x5C10A8,dword_5C10A8
0x5C10AC,dword_5C10AC
0x5C10B0,dword_5C10B0
0x5C10B4,dword_5C10B4
0x5C10B8,dword_5C10B8
0x5C10BC,dword_5C10BC
0x5C10C0,dword_5C10C0
0x5C10C4,dword_5C10C4
0x5C10C8,dword_5C10C8
0x5C10CC,dword_5C10CC
0x5C10D0,dword_5C10D0
0x5C10D4,dword_5C10D4
0x5C10D8,dword_5C10D8
0x5C10DC,dword_5C10DC
0x5C10E0,dword_5C10E0
0x5C10E4,dword_5C10E4
0x5C10E8,dword_5C10E8
0x5C2A70,dword_5C2A70
0x5C2A74,dword_5C2A74
0x5C2D30,dword_5C2D30
0x5C2D34,dword_5C2D34
0x5C2D38,dword_5C2D38
0x5C2D3C,dword_5C2D3C
0x5C2D40,dword_5C2D40
0x5C2D44,dword_5C2D44
0x5C2D48,dword_5C2D48
0x5C2D4C,dword_5C2D4C
0x5C2D50,dword_5C2D50
0x5C2D54,dword_5C2D54
0x5C2D58,dword_5C2D58
0x5C2D5C,dword_5C2D5C
0x5C2D60,dword_5C2D60
0x5C2D64,dword_5C2D64
0x5C2D68,dword_5C2D68
0x5C2D6C,dword_5C2D6C
0x5C2D70,dword_5C2D70
0x5C2D74,dword_5C2D74
0x5C2D78,dword_5C2D78
0x5C2D7C,dword_5C2D7C
0x5C2D80,dword_5C2D80
0x5C2D84,dword_5C2D84
0x5C2D88,dword_5C2D88
0x5C2D8C,dword_5C2D8C
0x5C2D90,dword_5C2D90
0x5C2D94,dword_5C2D94
0x5C2D98,dword_5C2D98
0x5C2D9C,dword_5C2D9C
0x5C2DA0,dword_5C2DA0
0x5C2DA4,dword_5C2DA4
0x5C2DA8,dword_5C2DA8
0x5C2DAC,dword_5C2DAC
0x5C2DB0,dword_5C2DB0
0x5C2DB4,dword_5C2DB4
0x5C2DB8,dword_5C2DB8
0x5C2DBC,dword_5C2DBC
0x5C2DC0,dword_5C2DC0
0x5C4748,dword_5C4748
0x5C474C,dword_5C474C
0x5C4A30,dword_5C4A30
0x5C4A34,dword_5C4A34
0x5C4A38,dword_5C4A38
0x5C4A3C,dword_5C4A3C
0x5C4A40,dword_5C4A40
0x5C4A44,dword_5C4A44
0x5C4A48,dword_5C4A48
0x5C4A4C,dword_5C4A4C
0x5C4A50,dword_5C4A50
0x5C4A54,dword_5C4A54
0x5C4A58,dword_5C4A58
0x5C4A5C,dword_5C4A5C
0x5C4A60,dword_5C4A60
0x5C4A64,dword_5C4A64
0x5C4A68,dword_5C4A68
0x5C4A6C,dword_5C4A6C
0x5C4A70,dword_5C4A70
0x5C4A74,dword_5C4A74
0x5C4A78,dword_5C4A78
0x5C4A7C,dword_5C4A7C
0x5C4A80,dword_5C4A80
0x5C4A84,dword_5C4A84
0x5C4A88,dword_5C4A88
0x5C4A8C,dword_5C4A8C
0x5C4A90,dword_5C4A90
0x5C4A94,dword_5C4A94
0x5C4A98,dword_5C4A98
0x5C4A9C,dword_5C4A9C
0x5C4AA0,dword_5C4AA0
0x5C4AA4,dword_5C4AA4
0x5C4AA8,dword_5C4AA8
0x5C4AAC,dword_5C4AAC
0x5C4AB0,dword_5C4AB0
0x5C4AB4,dword_5C4AB4
0x5C4AB8,dword_5C4AB8
0x5C4ABC,dword_5C4ABC
0x5C4AC0,dword_5C4AC0
0x5C6448,dword_5C6448
0x5C644C,dword_5C644C
0x5C6708,dword_5C6708
0x5C670C,dword_5C670C
0x5C6710,dword_5C6710
0x5C6714,dword_5C6714
0x5C6718,dword_5C6718
0x5C671C,dword_5C671C
0x5C6720,dword_5C6720
0x5C6724,dword_5C6724
0x5C6728,dword_5C6728
0x5C672C,dword_5C672C
0x5C6730,dword_5C6730
0x5C6734,dword_5C6734
0x5C6738,dword_5C6738
0x5C673C,dword_5C673C
0x5C6740,dword_5C6740
0x5C6744,dword_5C6744
0x5C6748,dword_5C6748
0x5C674C,dword_5C674C
0x5C6750,dword_5C6750
0x5C6754,dword_5C6754
0x5C6758,dword_5C6758
0x5C675C,dword_5C675C
0x5C6760,dword_5C6760
0x5C6764,dword_5C6764
0x5C6768,dword_5C6768
0x5C676C,dword_5C676C
0x5C6770,dword_5C6770
0x5C6774,dword_5C6774
0x5C6778,dword_5C6778
0x5C677C,dword_5C677C
0x5C6780,dword_5C6780
0x5C6784,dword_5C6784
0x5C6788,dword_5C6788
0x5C678C,dword_5C678C
0x5C6790,dword_5C6790
0x5C6794,dword_5C6794
0x5C6798,dword_5C6798
0x5C8120,dword_5C8120
0x5C8124,dword_5C8124
0x5C83F4,flt_5C83F4
0x5C8410,dword_5C8410
0x5C8414,dword_5C8414
0x5C8418,dword_5C8418
0x5C841C,dword_5C841C
0x5C8420,dword_5C8420
0x5C8424,dword_5C8424
0x5C8428,dword_5C8428
0x5C842C,dword_5C842C
0x5C8430,dword_5C8430
0x5C8434,dword_5C8434
0x5C8438,dword_5C8438
0x5C843C,dword_5C843C
0x5C8440,dword_5C8440
0x5C8444,dword_5C8444
0x5C8448,dword_5C8448
0x5C844C,dword_5C844C
0x5C8450,dword_5C8450
0x5C8454,dword_5C8454
0x5C8458,dword_5C8458
0x5C845C,dword_5C845C
0x5C8460,dword_5C8460
0x5C8464,dword_5C8464
0x5C8468,dword_5C8468
0x5C846C,dword_5C846C
0x5C8470,dword_5C8470
0x5C8474,dword_5C8474
0x5C8478,dword_5C8478
0x5C847C,dword_5C847C
0x5C8480,dword_5C8480
0x5C8484,dword_5C8484
0x5C8488,dword_5C8488
0x5C848C,dword_5C848C
0x5C8490,dword_5C8490
0x5C8494,dword_5C8494
0x5C8498,dword_5C8498
0x5C849C,dword_5C849C
0x5C84A0,dword_5C84A0
0x5C9EEC,off_5C9EEC
0x5C9EF0,dword_5C9EF0
0x5CA1C0,dword_5CA1C0
0x5CA1C4,dword_5CA1C4
0x5CA1C8,dword_5CA1C8
0x5CA1CC,dword_5CA1CC
0x5CA1D0,dword_5CA1D0
0x5CA1D4,dword_5CA1D4
0x5CA1D8,dword_5CA1D8
0x5CA1DC,dword_5CA1DC
0x5CA1E0,dword_5CA1E0
0x5CA1E4,dword_5CA1E4
0x5CA1E8,dword_5CA1E8
0x5CA1EC,dword_5CA1EC
0x5CA1F0,dword_5CA1F0
0x5CA1F4,dword_5CA1F4
0x5CA1F8,dword_5CA1F8
0x5CA1FC,dword_5CA1FC
0x5CA200,dword_5CA200
0x5CA204,dword_5CA204
0x5CA208,dword_5CA208
0x5CA20C,dword_5CA20C
0x5CA210,dword_5CA210
0x5CA214,dword_5CA214
0x5CA218,dword_5CA218
0x5CA21C,dword_5CA21C
0x5CA220,dword_5CA220
0x5CA224,dword_5CA224
0x5CA228,dword_5CA228
0x5CA22C,dword_5CA22C
0x5CA230,dword_5CA230
0x5CA234,dword_5CA234
0x5CA238,dword_5CA238
0x5CA23C,dword_5CA23C
0x5CA240,dword_5CA240
0x5CA244,dword_5CA244
0x5CA248,dword_5CA248
0x5CA24C,dword_5CA24C
0x5CA250,dword_5CA250
0x5CBBD8,dword_5CBBD8
0x5CBBDC,dword_5CBBDC
0x5CBEC0,dword_5CBEC0
0x5CBEC4,dword_5CBEC4
0x5CBEC8,dword_5CBEC8
0x5CBECC,dword_5CBECC
0x5CBED0,off_5CBED0
0x5CBED4,off_5CBED4
0x5CBED8,off_5CBED8
0x5CBEDC,dword_5CBEDC
0x5CBEE0,dword_5CBEE0
0x5CBEE4,dword_5CBEE4
0x5CBEE8,dword_5CBEE8
0x5CBEEC,dword_5CBEEC
0x5CBEF0,dword_5CBEF0
0x5CBEF4,dword_5CBEF4
0x5CBEF8,dword_5CBEF8
0x5CBEFC,dword_5CBEFC
0x5CBF00,dword_5CBF00
0x5CBF04,dword_5CBF04
0x5CBF08,dword_5CBF08
0x5CBF0C,dword_5CBF0C
0x5CBF10,dword_5CBF10
0x5CBF14,dword_5CBF14
0x5CBF18,dword_5CBF18
0x5CBF1C,dword_5CBF1C
0x5CBF20,dword_5CBF20
0x5CBF24,dword_5CBF24
0x5CBF28,dword_5CBF28
0x5CBF2C,dword_5CBF2C
0x5CBF30,dword_5CBF30
0x5CBF34,dword_5CBF34
0x5CBF38,dword_5CBF38
0x5CBF3C,dword_5CBF3C
0x5CBF40,dword_5CBF40
0x5CBF44,dword_5CBF44
0x5CBF48,dword_5CBF48
0x5CBF4C,dword_5CBF4C
0x5CBF50,dword_5CBF50
0x5CD8D8,dword_5CD8D8
0x5CD8DC,dword_5CD8DC
0x5CDB98,dword_5CDB98
0x5CDB9C,dword_5CDB9C
0x5CDBA0,dword_5CDBA0
0x5CDBA4,dword_5CDBA4
0x5CDBA8,dword_5CDBA8
0x5CDBAC,dword_5CDBAC
0x5CDBB0,dword_5CDBB0
0x5CDBB4,dword_5CDBB4
0x5CDBB8,dword_5CDBB8
0x5CDBBC,dword_5CDBBC
0x5CDBC0,dword_5CDBC0
0x5CDBC4,dword_5CDBC4
0x5CDBC8,dword_5CDBC8
0x5CDBCC,dword_5CDBCC
0x5CDBD0,dword_5CDBD0
0x5CDBD4,dword_5CDBD4
0x5CDBD8,dword_5CDBD8
0x5CDBDC,dword_5CDBDC
0x5CDBE0,dword_5CDBE0
0x5CDBE4,dword_5CDBE4
0x5CDBE8,dword_5CDBE8
0x5CDBEC,dword_5CDBEC
0x5CDBF0,dword_5CDBF0
0x5CDBF4,dword_5CDBF4
0x5CDBF8,dword_5CDBF8
0x5CDBFC,dword_5CDBFC
0x5CDC00,dword_5CDC00
0x5CDC04,dword_5CDC04
0x5CDC08,dword_5CDC08
0x5CDC0C,dword_5CDC0C
0x5CDC10,dword_5CDC10
0x5CDC14,dword_5CDC14
0x5CDC18,dword_5CDC18
0x5CDC1C,dword_5CDC1C
0x5CDC20,dword_5CDC20
0x5CDC24,dword_5CDC24
0x5CDC28,dword_5CDC28
0x5CF5B0,dword_5CF5B0
0x5CF5B4,dword_5CF5B4
0x5CF898,dword_5CF898
0x5CF89C,dword_5CF89C
0x5CF8A0,dword_5CF8A0
0x5CF8A4,dword_5CF8A4
0x5CF8A8,dword_5CF8A8
0x5CF8AC,dword_5CF8AC
0x5CF8B0,dword_5CF8B0
0x5CF8B4,dword_5CF8B4
0x5CF8B8,dword_5CF8B8
0x5CF8BC,dword_5CF8BC
0x5CF8C0,dword_5CF8C0
0x5CF8C4,dword_5CF8C4
0x5CF8C8,dword_5CF8C8
0x5CF8CC,dword_5CF8CC
0x5CF8D0,dword_5CF8D0
0x5CF8D4,dword_5CF8D4
0x5CF8D8,dword_5CF8D8
0x5CF8DC,dword_5CF8DC
0x5CF8E0,dword_5CF8E0
0x5CF8E4,dword_5CF8E4
0x5CF8E8,dword_5CF8E8
0x5CF8EC,dword_5CF8EC
0x5CF8F0,dword_5CF8F0
0x5CF8F4,dword_5CF8F4
0x5CF8F8,dword_5CF8F8
0x5CF8FC,dword_5CF8FC
0x5CF900,dword_5CF900
0x5CF904,dword_5CF904
0x5CF908,dword_5CF908
0x5CF90C,dword_5CF90C
0x5CF910,dword_5CF910
0x5CF914,dword_5CF914
0x5CF918,dword_5CF918
0x5CF91C,dword_5CF91C
0x5CF920,dword_5CF920
0x5CF924,dword_5CF924
0x5CF928,dword_5CF928
0x5D12B0,dword_5D12B0
0x5D12B4,dword_5D12B4
0x5D1570,dword_5D1570
0x5D1574,dword_5D1574
0x5D1578,dword_5D1578
0x5D157C,dword_5D157C
0x5D1580,dword_5D1580
0x5D1584,dword_5D1584
0x5D1588,dword_5D1588
0x5D158C,dword_5D158C
0x5D1590,dword_5D1590
0x5D1594,dword_5D1594
0x5D1598,dword_5D1598
0x5D159C,dword_5D159C
0x5D15A0,dword_5D15A0
0x5D15A4,dword_5D15A4
0x5D15A8,dword_5D15A8
0x5D15AC,dword_5D15AC
0x5D15B0,dword_5D15B0
0x5D15B4,dword_5D15B4
0x5D15B8,dword_5D15B8
0x5D15BC,dword_5D15BC
0x5D15C0,dword_5D15C0
0x5D15C4,dword_5D15C4
0x5D15C8,dword_5D15C8
0x5D15CC,dword_5D15CC
0x5D15D0,dword_5D15D0
0x5D15D4,dword_5D15D4
0x5D15D8,dword_5D15D8
0x5D15DC,dword_5D15DC
0x5D15E0,dword_5D15E0
0x5D15E4,dword_5D15E4
0x5D15E8,dword_5D15E8
0x5D15EC,dword_5D15EC
0x5D15F0,dword_5D15F0
0x5D15F4,dword_5D15F4
0x5D15F8,dword_5D15F8
0x5D15FC,dword_5D15FC
0x5D1600,dword_5D1600
0x5D2F88,dword_5D2F88
0x5D2F8C,dword_5D2F8C
0x5D3270,dword_5D3270
0x5D3274,dword_5D3274
0x5D3278,dword_5D3278
0x5D327C,dword_5D327C
0x5D3280,dword_5D3280
0x5D3284,dword_5D3284
0x5D3288,dword_5D3288
0x5D328C,dword_5D328C
0x5D3290,dword_5D3290
0x5D3294,dword_5D3294
0x5D3298,dword_5D3298
0x5D329C,dword_5D329C
0x5D32A0,dword_5D32A0
0x5D32A4,dword_5D32A4
0x5D32A8,dword_5D32A8
0x5D32AC,dword_5D32AC
0x5D32B0,dword_5D32B0
0x5D32B4,dword_5D32B4
0x5D32B8,dword_5D32B8
0x5D32BC,dword_5D32BC
0x5D32C0,dword_5D32C0
0x5D32C4,dword_5D32C4
0x5D32C8,dword_5D32C8
0x5D32CC,dword_5D32CC
0x5D32D0,dword_5D32D0
0x5D32D4,dword_5D32D4
0x5D32D8,dword_5D32D8
0x5D32DC,dword_5D32DC
0x5D32E0,dword_5D32E0
0x5D32E4,dword_5D32E4
0x5D32E8,dword_5D32E8
0x5D32EC,dword_5D32EC
0x5D32F0,dword_5D32F0
0x5D32F4,dword_5D32F4
0x5D32F8,dword_5D32F8
0x5D32FC,dword_5D32FC
0x5D3300,dword_5D3300
0x5D4C88,off_5D4C88
0x5D4C8C,dword_5D4C8C
0x5D4C90,dword_5D4C90
0x5D4C94,dword_5D4C94
0x5D4C98,dword_5D4C98
0x5D4C9C,dword_5D4C9C
0x5D4CA0,dword_5D4CA0
0x5D4CA4,dword_5D4CA4
0x5D4CA8,dword_5D4CA8
0x5D4CAC,dword_5D4CAC
0x5D4CB0,dword_5D4CB0
0x5D4CB4,dword_5D4CB4
0x5D4CB8,dword_5D4CB8
0x5D4CBC,dword_5D4CBC
0x5D4CC0,off_5D4CC0
0x5D4CC4,dword_5D4CC4
0x5D4CC8,dword_5D4CC8
0x5D4CCC,dword_5D4CCC
0x5D4CD0,dword_5D4CD0
0x5D4CD4,dword_5D4CD4
0x5D4CD8,dword_5D4CD8
0x5D4CDC,dword_5D4CDC
0x5D4CE0,dword_5D4CE0
0x5D4CE4,dword_5D4CE4
0x5D4CE8,dword_5D4CE8
0x5D4CEC,dword_5D4CEC
0x5D4CF0,dword_5D4CF0
0x5D4CF4,dword_5D4CF4
0x5D4CF8,dword_5D4CF8
0x5D4CFC,dword_5D4CFC
0x5D4D00,dword_5D4D00
0x5D4D04,dword_5D4D04
0x5D4D08,dword_5D4D08
0x5D4D0C,dword_5D4D0C
0x5D4D10,dword_5D4D10
0x5D4D14,dword_5D4D14
0x5D4D18,dword_5D4D18
0x5D4D1C,dword_5D4D1C
0x5D4D20,dword_5D4D20
0x5D4D24,dword_5D4D24
0x5D4D28,dword_5D4D28
0x5D4D2C,dword_5D4D2C
0x5D4D30,dword_5D4D30
0x5D4D34,dword_5D4D34
0x5D4D38,dword_5D4D38
0x5D4D3C,dword_5D4D3C
0x5D4D40,dword_5D4D40
0x5D4D44,dword_5D4D44
0x5D5000,dword_5D5000
0x5D5004,dword_5D5004
0x5D5008,dword_5D5008
0x5D500C,dword_5D500C
0x5D5010,dword_5D5010
0x5D5014,dword_5D5014
0x5D5018,dword_5D5018
0x5D501C,dword_5D501C
0x5D5020,dword_5D5020
0x5D5024,dword_5D5024
0x5D5028,dword_5D5028
0x5D502C,dword_5D502C
0x5D5030,dword_5D5030
0x5D5034,dword_5D5034
0x5D5038,dword_5D5038
0x5D503C,dword_5D503C
0x5D5040,dword_5D5040
0x5D5044,dword_5D5044
0x5D5048,dword_5D5048
0x5D504C,dword_5D504C
0x5D5050,dword_5D5050
0x5D5054,dword_5D5054
0x5D5058,dword_5D5058
0x5D505C,dword_5D505C
0x5D5060,dword_5D5060
0x5D5064,dword_5D5064
0x5D5068,dword_5D5068
0x5D506C,dword_5D506C
0x5D5070,dword_5D5070
0x5D5074,dword_5D5074
0x5D5078,dword_5D5078
0x5D507C,dword_5D507C
0x5D5080,dword_5D5080
0x5D5084,dword_5D5084
0x5D5088,dword_5D5088
0x5D508C,dword_5D508C
0x5D5090,dword_5D5090
0x5D6A18,dword_5D6A18
0x5D6A1C,dword_5D6A1C
0x5D6D00,dword_5D6D00
0x5D6D04,dword_5D6D04
0x5D6D08,dword_5D6D08
0x5D6D0C,dword_5D6D0C
0x5D6D10,dword_5D6D10
0x5D6D14,dword_5D6D14
0x5D6D18,dword_5D6D18
0x5D6D1C,dword_5D6D1C
0x5D6D20,dword_5D6D20
0x5D6D24,dword_5D6D24
0x5D6D28,dword_5D6D28
0x5D6D2C,dword_5D6D2C
0x5D6D30,dword_5D6D30
0x5D6D34,dword_5D6D34
0x5D6D38,dword_5D6D38
0x5D6D3C,dword_5D6D3C
0x5D6D40,dword_5D6D40
0x5D6D44,dword_5D6D44
0x5D6D48,dword_5D6D48
0x5D6D4C,dword_5D6D4C
0x5D6D50,dword_5D6D50
0x5D6D54,dword_5D6D54
0x5D6D58,dword_5D6D58
0x5D6D5C,dword_5D6D5C
0x5D6D60,dword_5D6D60
0x5D6D64,dword_5D6D64
0x5D6D68,dword_5D6D68
0x5D6D6C,dword_5D6D6C
0x5D6D70,dword_5D6D70
0x5D6D74,dword_5D6D74
0x5D6D78,dword_5D6D78
0x5D6D7C,dword_5D6D7C
0x5D6D80,dword_5D6D80
0x5D6D84,dword_5D6D84
0x5D6D88,dword_5D6D88
0x5D6D8C,dword_5D6D8C
0x5D6D90,dword_5D6D90
0x5D8718,dword_5D8718
0x5D871C,dword_5D871C
0x5D89D8,dword_5D89D8
0x5D89DC,dword_5D89DC
0x5D89E0,dword_5D89E0
0x5D89E4,dword_5D89E4
0x5D89E8,off_5D89E8
0x5D89EC,dword_5D89EC
0x5D89F0,dword_5D89F0
0x5D89F4,dword_5D89F4
0x5D89F8,dword_5D89F8
0x5D89FC,dword_5D89FC
0x5D8A00,dword_5D8A00
0x5D8A04,dword_5D8A04
0x5D8A08,dword_5D8A08
0x5D8A0C,dword_5D8A0C
0x5D8A10,dword_5D8A10
0x5D8A14,dword_5D8A14
0x5D8A18,dword_5D8A18
0x5D8A1C,dword_5D8A1C
0x5D8A20,dword_5D8A20
0x5D8A24,dword_5D8A24
0x5D8A28,dword_5D8A28
0x5D8A2C,dword_5D8A2C
0x5D8A30,dword_5D8A30
0x5D8A34,dword_5D8A34
0x5D8A38,dword_5D8A38
0x5D8A3C,dword_5D8A3C
0x5D8A40,dword_5D8A40
0x5D8A44,dword_5D8A44
0x5D8A48,dword_5D8A48
0x5D8A4C,dword_5D8A4C
0x5D8A50,dword_5D8A50
0x5D8A54,dword_5D8A54
0x5D8A58,dword_5D8A58
0x5D8A5C,dword_5D8A5C
0x5D8A60,dword_5D8A60
0x5D8A64,dword_5D8A64
0x5D8A68,dword_5D8A68
0x5DA3F0,dword_5DA3F0
0x5DA3F4,dword_5DA3F4
0x5DA6D8,dword_5DA6D8
0x5DA6DC,dword_5DA6DC
0x5DA6E0,dword_5DA6E0
0x5DA6E4,dword_5DA6E4
0x5DA6E8,dword_5DA6E8
0x5DA6EC,dword_5DA6EC
0x5DA6F0,dword_5DA6F0
0x5DA6F4,dword_5DA6F4
0x5DA6F8,dword_5DA6F8
0x5DA6FC,dword_5DA6FC
0x5DA700,dword_5DA700
0x5DA704,dword_5DA704
0x5DA708,dword_5DA708
0x5DA70C,dword_5DA70C
0x5DA710,dword_5DA710
0x5DA714,dword_5DA714
0x5DA718,dword_5DA718
0x5DA71C,dword_5DA71C
0x5DA720,dword_5DA720
0x5DA724,dword_5DA724
0x5DA728,dword_5DA728
0x5DA72C,dword_5DA72C
0x5DA730,dword_5DA730
0x5DA734,dword_5DA734
0x5DA738,dword_5DA738
0x5DA73C,dword_5DA73C
0x5DA740,dword_5DA740
0x5DA744,dword_5DA744
0x5DA748,dword_5DA748
0x5DA74C,dword_5DA74C
0x5DA750,dword_5DA750
0x5DA754,dword_5DA754
0x5DA758,dword_5DA758
0x5DA75C,dword_5DA75C
0x5DA760,dword_5DA760
0x5DA764,dword_5DA764
0x5DA768,dword_5DA768
0x5DC0F0,dword_5DC0F0
0x5DC0F4,dword_5DC0F4
0x5DC3B0,dword_5DC3B0
0x5DC3B4,dword_5DC3B4
0x5DC3B8,dword_5DC3B8
0x5DC3BC,dword_5DC3BC
0x5DC3C0,dword_5DC3C0
0x5DC3C4,dword_5DC3C4
0x5DC3C8,dword_5DC3C8
0x5DC3CC,dword_5DC3CC
0x5DC3D0,dword_5DC3D0
0x5DC3D4,dword_5DC3D4
0x5DC3D8,dword_5DC3D8
0x5DC3DC,dword_5DC3DC
0x5DC3E0,dword_5DC3E0
0x5DC3E4,dword_5DC3E4
0x5DC3E8,dword_5DC3E8
0x5DC3EC,dword_5DC3EC
0x5DC3F0,dword_5DC3F0
0x5DC3F4,dword_5DC3F4
0x5DC3F8,dword_5DC3F8
0x5DC3FC,dword_5DC3FC
0x5DC400,dword_5DC400
0x5DC404,dword_5DC404
0x5DC408,dword_5DC408
0x5DC40C,dword_5DC40C
0x5DC410,dword_5DC410
0x5DC414,dword_5DC414
0x5DC418,dword_5DC418
0x5DC41C,dword_5DC41C
0x5DC420,dword_5DC420
0x5DC424,dword_5DC424
0x5DC428,dword_5DC428
0x5DC42C,dword_5DC42C
0x5DC430,dword_5DC430
0x5DC434,dword_5DC434
0x5DC438,dword_5DC438
0x5DC43C,dword_5DC43C
0x5DC440,dword_5DC440
0x5DDDC8,dword_5DDDC8
0x5DDDCC,dword_5DDDCC
0x5DE0B0,dword_5DE0B0
0x5DE0B4,dword_5DE0B4
0x5DE0B8,dword_5DE0B8
0x5DE0BC,dword_5DE0BC
0x5DE0C0,dword_5DE0C0
0x5DE0C4,dword_5DE0C4
0x5DE0C8,dword_5DE0C8
0x5DE0CC,dword_5DE0CC
0x5DE0D0,dword_5DE0D0
0x5DE0D4,dword_5DE0D4
0x5DE0D8,dword_5DE0D8
0x5DE0DC,dword_5DE0DC
0x5DE0E0,dword_5DE0E0
0x5DE0E4,dword_5DE0E4
0x5DE0E8,dword_5DE0E8
0x5DE0EC,dword_5DE0EC
0x5DE0F0,dword_5DE0F0
0x5DE0F4,dword_5DE0F4
0x5DE0F8,dword_5DE0F8
0x5DE0FC,dword_5DE0FC
0x5DE100,dword_5DE100
0x5DE104,dword_5DE104
0x5DE108,dword_5DE108
0x5DE10C,dword_5DE10C
0x5DE110,dword_5DE110
0x5DE114,dword_5DE114
0x5DE118,dword_5DE118
0x5DE11C,dword_5DE11C
0x5DE120,dword_5DE120
0x5DE124,dword_5DE124
0x5DE128,dword_5DE128
0x5DE12C,dword_5DE12C
0x5DE130,dword_5DE130
0x5DE134,dword_5DE134
0x5DE138,dword_5DE138
0x5DE13C,dword_5DE13C
0x5DE140,dword_5DE140
0x5DFAC8,dword_5DFAC8
0x5DFACC,dword_5DFACC
0x5DFD88,dword_5DFD88
0x5DFD8C,dword_5DFD8C
0x5DFD90,dword_5DFD90
0x5DFD94,dword_5DFD94
0x5DFD98,dword_5DFD98
0x5DFD9C,dword_5DFD9C
0x5DFDA0,dword_5DFDA0
0x5DFDA4,dword_5DFDA4
0x5DFDA8,dword_5DFDA8
0x5DFDAC,dword_5DFDAC
0x5DFDB0,dword_5DFDB0
0x5DFDB4,dword_5DFDB4
0x5DFDB8,dword_5DFDB8
0x5DFDBC,dword_5DFDBC
0x5DFDC0,dword_5DFDC0
0x5DFDC4,dword_5DFDC4
0x5DFDC8,dword_5DFDC8
0x5DFDCC,dword_5DFDCC
0x5DFDD0,dword_5DFDD0
0x5DFDD4,dword_5DFDD4
0x5DFDD8,dword_5DFDD8
0x5DFDDC,dword_5DFDDC
0x5DFDE0,dword_5DFDE0
0x5DFDE4,dword_5DFDE4
0x5DFDE8,dword_5DFDE8
0x5DFDEC,dword_5DFDEC
0x5DFDF0,dword_5DFDF0
0x5DFDF4,dword_5DFDF4
0x5DFDF8,dword_5DFDF8
0x5DFDFC,dword_5DFDFC
0x5DFE00,dword_5DFE00
0x5DFE04,dword_5DFE04
0x5DFE08,dword_5DFE08
0x5DFE0C,dword_5DFE0C
0x5DFE10,dword_5DFE10
0x5DFE14,dword_5DFE14
0x5DFE18,dword_5DFE18
0x5E17A0,dword_5E17A0
0x5E17A4,dword_5E17A4
0x5E1A88,dword_5E1A88
0x5E1A8C,dword_5E1A8C
0x5E1A90,dword_5E1A90
0x5E1A94,dword_5E1A94
0x5E1A98,dword_5E1A98
0x5E1A9C,dword_5E1A9C
0x5E1AA0,dword_5E1AA0
0x5E1AA4,dword_5E1AA4
0x5E1AA8,dword_5E1AA8
0x5E1AAC,dword_5E1AAC
0x5E1AB0,dword_5E1AB0
0x5E1AB4,dword_5E1AB4
0x5E1AB8,dword_5E1AB8
0x5E1ABC,dword_5E1ABC
0x5E1AC0,dword_5E1AC0
0x5E1AC4,dword_5E1AC4
0x5E1AC8,dword_5E1AC8
0x5E1ACC,dword_5E1ACC
0x5E1AD0,dword_5E1AD0
0x5E1AD4,dword_5E1AD4
0x5E1AD8,dword_5E1AD8
0x5E1ADC,dword_5E1ADC
0x5E1AE0,dword_5E1AE0
0x5E1AE4,dword_5E1AE4
0x5E1AE8,dword_5E1AE8
0x5E1AEC,dword_5E1AEC
0x5E1AF0,dword_5E1AF0
0x5E1AF4,dword_5E1AF4
0x5E1AF8,dword_5E1AF8
0x5E1AFC,dword_5E1AFC
0x5E1B00,dword_5E1B00
0x5E1B04,dword_5E1B04
0x5E1B08,dword_5E1B08
0x5E1B0C,dword_5E1B0C
0x5E1B10,dword_5E1B10
0x5E1B14,dword_5E1B14
0x5E1B18,dword_5E1B18
0x5E34A0,dword_5E34A0
0x5E34A4,dword_5E34A4
0x5E3760,dword_5E3760
0x5E3764,dword_5E3764
0x5E3768,dword_5E3768
0x5E376C,dword_5E376C
0x5E3770,dword_5E3770
0x5E3774,dword_5E3774
0x5E3778,dword_5E3778
0x5E377C,dword_5E377C
0x5E3780,dword_5E3780
0x5E3784,dword_5E3784
0x5E3788,dword_5E3788
0x5E378C,dword_5E378C
0x5E3790,dword_5E3790
0x5E3794,dword_5E3794
0x5E3798,dword_5E3798
0x5E379C,dword_5E379C
0x5E37A0,dword_5E37A0
0x5E37A4,dword_5E37A4
0x5E37A8,dword_5E37A8
0x5E37AC,dword_5E37AC
0x5E37B0,dword_5E37B0
0x5E37B4,dword_5E37B4
0x5E37B8,dword_5E37B8
0x5E37BC,dword_5E37BC
0x5E37C0,dword_5E37C0
0x5E37C4,dword_5E37C4
0x5E37C8,dword_5E37C8
0x5E37CC,dword_5E37CC
0x5E37D0,dword_5E37D0
0x5E37D4,dword_5E37D4
0x5E37D8,dword_5E37D8
0x5E37DC,dword_5E37DC
0x5E37E0,dword_5E37E0
0x5E37E4,dword_5E37E4
0x5E37E8,dword_5E37E8
0x5E37EC,dword_5E37EC
0x5E37F0,dword_5E37F0
0x5E5178,dword_5E5178
0x5E517C,dword_5E517C
0x5E52F8,dword_5E52F8
0x5E52FC,dword_5E52FC
0x5E5478,dword_5E5478
0x5E547C,dword_5E547C
0x5E55F8,dword_5E55F8
0x5E55FC,dword_5E55FC
0x5E5778,dword_5E5778
0x5E577C,dword_5E577C
0x5E5A60,dword_5E5A60
0x5E5A64,dword_5E5A64
0x5E5A68,dword_5E5A68
0x5E5A6C,dword_5E5A6C
0x5E5A70,dword_5E5A70
0x5E5A74,dword_5E5A74
0x5E5A78,dword_5E5A78
0x5E5A7C,dword_5E5A7C
0x5E5A80,dword_5E5A80
0x5E5A84,dword_5E5A84
0x5E5A88,dword_5E5A88
0x5E5A8C,dword_5E5A8C
0x5E5A90,dword_5E5A90
0x5E5A94,dword_5E5A94
0x5E5A98,dword_5E5A98
0x5E5A9C,dword_5E5A9C
0x5E5AA0,dword_5E5AA0
0x5E5AA4,dword_5E5AA4
0x5E5AA8,dword_5E5AA8
0x5E5AAC,dword_5E5AAC
0x5E5AB0,dword_5E5AB0
0x5E5AB4,dword_5E5AB4
0x5E5AB8,dword_5E5AB8
0x5E5ABC,dword_5E5ABC
0x5E5AC0,dword_5E5AC0
0x5E5AC4,dword_5E5AC4
0x5E5AC8,dword_5E5AC8
0x5E5ACC,dword_5E5ACC
0x5E5AD0,dword_5E5AD0
0x5E5AD4,dword_5E5AD4
0x5E5AD8,dword_5E5AD8
0x5E5ADC,dword_5E5ADC
0x5E5AE0,dword_5E5AE0
0x5E5AE4,dword_5E5AE4
0x5E5AE8,dword_5E5AE8
0x5E5AEC,dword_5E5AEC
0x5E5AF0,dword_5E5AF0
0x5E7478,dword_5E7478
0x5E747C,dword_5E747C
0x5E7738,dword_5E7738
0x5E773C,dword_5E773C
0x5E7740,dword_5E7740
0x5E7744,dword_5E7744
0x5E7748,dword_5E7748
0x5E774C,dword_5E774C
0x5E7750,dword_5E7750
0x5E7754,dword_5E7754
0x5E7758,dword_5E7758
0x5E775C,dword_5E775C
0x5E7760,dword_5E7760
0x5E7764,dword_5E7764
0x5E7768,dword_5E7768
0x5E776C,dword_5E776C
0x5E7770,dword_5E7770
0x5E7774,dword_5E7774
0x5E7778,dword_5E7778
0x5E777C,dword_5E777C
0x5E7780,dword_5E7780
0x5E7784,dword_5E7784
0x5E7788,dword_5E7788
0x5E778C,dword_5E778C
0x5E7790,dword_5E7790
0x5E7794,dword_5E7794
0x5E7798,dword_5E7798
0x5E779C,dword_5E779C
0x5E77A0,dword_5E77A0
0x5E77A4,dword_5E77A4
0x5E77A8,dword_5E77A8
0x5E77AC,dword_5E77AC
0x5E77B0,dword_5E77B0
0x5E77B4,dword_5E77B4
0x5E77B8,dword_5E77B8
0x5E77BC,dword_5E77BC
0x5E77C0,dword_5E77C0
0x5E77C4,dword_5E77C4
0x5E77C8,dword_5E77C8
0x5E77CC,dword_5E77CC
0x5E9140,dword_5E9140
0x5E9144,dword_5E9144
0x5E9428,dword_5E9428
0x5E942C,dword_5E942C
0x5E9430,dword_5E9430
0x5E9434,dword_5E9434
0x5E9438,dword_5E9438
0x5E943C,dword_5E943C
0x5E9440,dword_5E9440
0x5E9444,dword_5E9444
0x5E9448,dword_5E9448
0x5E944C,dword_5E944C
0x5E9450,dword_5E9450
0x5E9454,dword_5E9454
0x5E9458,dword_5E9458
0x5E945C,dword_5E945C
0x5E9460,dword_5E9460
0x5E9464,dword_5E9464
0x5E9468,dword_5E9468
0x5E946C,dword_5E946C
0x5E9470,dword_5E9470
0x5E9474,dword_5E9474
0x5E9478,dword_5E9478
0x5E947C,dword_5E947C
0x5E9480,dword_5E9480
0x5E9484,dword_5E9484
0x5E9488,dword_5E9488
0x5E948C,dword_5E948C
0x5E9490,dword_5E9490
0x5E9494,dword_5E9494
0x5E9498,dword_5E9498
0x5E949C,dword_5E949C
0x5E94A0,dword_5E94A0
0x5E94A4,dword_5E94A4
0x5E94A8,dword_5E94A8
0x5E94AC,dword_5E94AC
0x5E94B0,dword_5E94B0
0x5E94B4,dword_5E94B4
0x5E94B8,dword_5E94B8
0x5EAE40,dword_5EAE40
0x5EAE44,dword_5EAE44
0x5EB128,dword_5EB128
0x5EB12C,dword_5EB12C
0x5EB130,dword_5EB130
0x5EB134,dword_5EB134
0x5EB138,dword_5EB138
0x5EB13C,dword_5EB13C
0x5EB140,dword_5EB140
0x5EB144,dword_5EB144
0x5EB148,dword_5EB148
0x5EB14C,dword_5EB14C
0x5EB150,dword_5EB150
0x5EB154,dword_5EB154
0x5EB158,dword_5EB158
0x5EB15C,dword_5EB15C
0x5EB160,dword_5EB160
0x5EB164,dword_5EB164
0x5EB168,dword_5EB168
0x5EB16C,dword_5EB16C
0x5EB170,dword_5EB170
0x5EB174,dword_5EB174
0x5EB178,dword_5EB178
0x5EB17C,dword_5EB17C
0x5EB180,dword_5EB180
0x5EB184,dword_5EB184
0x5EB188,dword_5EB188
0x5EB18C,dword_5EB18C
0x5EB190,dword_5EB190
0x5EB194,dword_5EB194
0x5EB198,dword_5EB198
0x5EB19C,dword_5EB19C
0x5EB1A0,dword_5EB1A0
0x5EB1A4,dword_5EB1A4
0x5EB1A8,dword_5EB1A8
0x5EB1AC,dword_5EB1AC
0x5EB1B0,dword_5EB1B0
0x5EB1B4,dword_5EB1B4
0x5EB1B8,dword_5EB1B8
0x5ECB40,dword_5ECB40
0x5ECB44,dword_5ECB44
0x5ECE00,dword_5ECE00
0x5ECE04,dword_5ECE04
0x5ECE08,dword_5ECE08
0x5ECE0C,dword_5ECE0C
0x5ECE10,dword_5ECE10
0x5ECE14,dword_5ECE14
0x5ECE18,dword_5ECE18
0x5ECE1C,dword_5ECE1C
0x5ECE20,dword_5ECE20
0x5ECE24,dword_5ECE24
0x5ECE28,dword_5ECE28
0x5ECE2C,dword_5ECE2C
0x5ECE30,dword_5ECE30
0x5ECE34,dword_5ECE34
0x5ECE38,dword_5ECE38
0x5ECE3C,dword_5ECE3C
0x5ECE40,dword_5ECE40
0x5ECE44,dword_5ECE44
0x5ECE48,dword_5ECE48
0x5ECE4C,dword_5ECE4C
0x5ECE50,dword_5ECE50
0x5ECE54,dword_5ECE54
0x5ECE58,dword_5ECE58
0x5ECE5C,dword_5ECE5C
0x5ECE60,dword_5ECE60
0x5ECE64,dword_5ECE64
0x5ECE68,dword_5ECE68
0x5ECE6C,dword_5ECE6C
0x5ECE70,dword_5ECE70
0x5ECE74,dword_5ECE74
0x5ECE78,dword_5ECE78
0x5ECE7C,dword_5ECE7C
0x5ECE80,dword_5ECE80
0x5ECE84,dword_5ECE84
0x5ECE88,dword_5ECE88
0x5ECE8C,dword_5ECE8C
0x5ECE90,dword_5ECE90
0x5ECE95,byte_5ECE95
0x5ECE96,word_5ECE96
0x5ECE98,dword_5ECE98
0x5ECE9C,dword_5ECE9C
0x5EE808,flt_5EE808
0x5EE80C,dword_5EE80C
0x5EE810,dword_5EE810
0x5EE814,dword_5EE814
0x5EEAF8,dword_5EEAF8
0x5EEAFC,dword_5EEAFC
0x5EEB00,dword_5EEB00
0x5EEB04,dword_5EEB04
0x5EEB08,dword_5EEB08
0x5EEB0C,dword_5EEB0C
0x5EEB10,dword_5EEB10
0x5EEB14,dword_5EEB14
0x5EEB18,dword_5EEB18
0x5EEB1C,dword_5EEB1C
0x5EEB20,dword_5EEB20
0x5EEB24,dword_5EEB24
0x5EEB28,dword_5EEB28
0x5EEB2C,dword_5EEB2C
0x5EEB30,dword_5EEB30
0x5EEB34,dword_5EEB34
0x5EEB38,dword_5EEB38
0x5EEB3C,dword_5EEB3C
0x5EEB40,dword_5EEB40
0x5EEB44,dword_5EEB44
0x5EEB48,dword_5EEB48
0x5EEB4C,dword_5EEB4C
0x5EEB50,dword_5EEB50
0x5EEB54,dword_5EEB54
0x5EEB58,dword_5EEB58
0x5EEB5C,dword_5EEB5C
0x5EEB60,dword_5EEB60
0x5EEB64,dword_5EEB64
0x5EEB68,dword_5EEB68
0x5EEB6C,dword_5EEB6C
0x5EEB70,dword_5EEB70
0x5EEB74,dword_5EEB74
0x5EEB78,dword_5EEB78
0x5EEB7C,dword_5EEB7C
0x5EEB80,dword_5EEB80
0x5EEB84,dword_5EEB84
0x5EEB88,dword_5EEB88
0x5F0510,dword_5F0510
0x5F0514,dword_5F0514
0x5F07F8,dword_5F07F8
0x5F07FC,dword_5F07FC
0x5F0800,dword_5F0800
0x5F0804,dword_5F0804
0x5F0808,dword_5F0808
0x5F080C,dword_5F080C
0x5F0810,dword_5F0810
0x5F0814,dword_5F0814
0x5F0818,dword_5F0818
0x5F081C,dword_5F081C
0x5F0820,dword_5F0820
0x5F0824,dword_5F0824
0x5F0828,dword_5F0828
0x5F082C,dword_5F082C
0x5F0830,dword_5F0830
0x5F0834,dword_5F0834
0x5F0838,dword_5F0838
0x5F083C,dword_5F083C
0x5F0840,dword_5F0840
0x5F0844,dword_5F0844
0x5F0848,dword_5F0848
0x5F084C,dword_5F084C
0x5F0850,dword_5F0850
0x5F0854,dword_5F0854
0x5F0858,dword_5F0858
0x5F085C,dword_5F085C
0x5F0860,dword_5F0860
0x5F0864,dword_5F0864
0x5F0868,dword_5F0868
0x5F086C,dword_5F086C
0x5F0870,dword_5F0870
0x5F0874,dword_5F0874
0x5F0878,dword_5F0878
0x5F087C,dword_5F087C
0x5F0880,dword_5F0880
0x5F0884,dword_5F0884
0x5F0888,dword_5F0888
0x5F2210,dword_5F2210
0x5F2214,dword_5F2214
0x5F24D0,dword_5F24D0
0x5F24D4,dword_5F24D4
0x5F24D8,dword_5F24D8
0x5F24DC,dword_5F24DC
0x5F24E0,dword_5F24E0
0x5F24E4,dword_5F24E4
0x5F24E8,dword_5F24E8
0x5F24EC,dword_5F24EC
0x5F24F0,dword_5F24F0
0x5F24F4,dword_5F24F4
0x5F24F8,dword_5F24F8
0x5F24FC,dword_5F24FC
0x5F2500,dword_5F2500
0x5F2504,dword_5F2504
0x5F2508,dword_5F2508
0x5F250C,dword_5F250C
0x5F2510,dword_5F2510
0x5F2514,dword_5F2514
0x5F2518,dword_5F2518
0x5F251C,dword_5F251C
0x5F2520,dword_5F2520
0x5F2524,dword_5F2524
0x5F2528,dword_5F2528
0x5F252C,dword_5F252C
0x5F2530,dword_5F2530
0x5F2534,dword_5F2534
0x5F2538,dword_5F2538
0x5F253C,dword_5F253C
0x5F2540,dword_5F2540
0x5F2544,dword_5F2544
0x5F2548,dword_5F2548
0x5F254C,dword_5F254C
0x5F2550,dword_5F2550
0x5F2554,dword_5F2554
0x5F2558,dword_5F2558
0x5F255C,dword_5F255C
0x5F2560,dword_5F2560
0x5F3EE8,dword_5F3EE8
0x5F3EEC,dword_5F3EEC
0x5F41D0,dword_5F41D0
0x5F41D4,dword_5F41D4
0x5F41D8,dword_5F41D8
0x5F41DC,dword_5F41DC
0x5F41E0,dword_5F41E0
0x5F41E4,dword_5F41E4
0x5F41E8,dword_5F41E8
0x5F41EC,dword_5F41EC
0x5F41F0,dword_5F41F0
0x5F41F4,dword_5F41F4
0x5F41F8,dword_5F41F8
0x5F41FC,dword_5F41FC
0x5F4200,dword_5F4200
0x5F4204,dword_5F4204
0x5F4208,dword_5F4208
0x5F420C,dword_5F420C
0x5F4210,dword_5F4210
0x5F4214,dword_5F4214
0x5F4218,dword_5F4218
0x5F421C,dword_5F421C
0x5F4220,dword_5F4220
0x5F4224,dword_5F4224
0x5F4228,dword_5F4228
0x5F422C,dword_5F422C
0x5F4230,dword_5F4230
0x5F4234,dword_5F4234
0x5F4238,dword_5F4238
0x5F423C,dword_5F423C
0x5F4240,dword_5F4240
0x5F4244,dword_5F4244
0x5F4248,dword_5F4248
0x5F424C,dword_5F424C
0x5F4250,dword_5F4250
0x5F4254,dword_5F4254
0x5F4258,dword_5F4258
0x5F425C,dword_5F425C
0x5F4260,dword_5F4260
0x5F5BE8,dword_5F5BE8
0x5F5BEC,dword_5F5BEC
0x5F5EA8,dword_5F5EA8
0x5F5EAC,dword_5F5EAC
0x5F5EB0,dword_5F5EB0
0x5F5EB4,dword_5F5EB4
0x5F5EB8,dword_5F5EB8
0x5F5EBC,dword_5F5EBC
0x5F5EC0,dword_5F5EC0
0x5F5EC4,dword_5F5EC4
0x5F5EC8,dword_5F5EC8
0x5F5ECC,dword_5F5ECC
0x5F5ED0,dword_5F5ED0
0x5F5ED4,dword_5F5ED4
0x5F5ED8,dword_5F5ED8
0x5F5EDC,dword_5F5EDC
0x5F5EE0,dword_5F5EE0
0x5F5EE4,dword_5F5EE4
0x5F5EE8,dword_5F5EE8
0x5F5EEC,dword_5F5EEC
0x5F5EF0,dword_5F5EF0
0x5F5EF4,dword_5F5EF4
0x5F5EF8,dword_5F5EF8
0x5F5EFC,dword_5F5EFC
0x5F5F00,dword_5F5F00
0x5F5F04,dword_5F5F04
0x5F5F08,dword_5F5F08
0x5F5F0C,dword_5F5F0C
0x5F5F10,dword_5F5F10
0x5F5F14,dword_5F5F14
0x5F5F18,dword_5F5F18
0x5F5F1C,dword_5F5F1C
0x5F5F20,dword_5F5F20
0x5F5F24,dword_5F5F24
0x5F5F28,dword_5F5F28
0x5F5F2C,dword_5F5F2C
0x5F5F30,dword_5F5F30
0x5F5F34,dword_5F5F34
0x5F5F38,dword_5F5F38
0x5F78C0,dword_5F78C0
0x5F78C4,dword_5F78C4
0x5F7BA8,dword_5F7BA8
0x5F7BAC,dword_5F7BAC
0x5F7BB0,dword_5F7BB0
0x5F7BB4,dword_5F7BB4
0x5F7BB8,dword_5F7BB8
0x5F7BBC,dword_5F7BBC
0x5F7BC0,dword_5F7BC0
0x5F7BC4,dword_5F7BC4
0x5F7BC8,dword_5F7BC8
0x5F7BCC,dword_5F7BCC
0x5F7BD0,dword_5F7BD0
0x5F7BD4,dword_5F7BD4
0x5F7BD8,dword_5F7BD8
0x5F7BDC,dword_5F7BDC
0x5F7BE0,dword_5F7BE0
0x5F7BE4,dword_5F7BE4
0x5F7BE8,dword_5F7BE8
0x5F7BEC,dword_5F7BEC
0x5F7BF0,dword_5F7BF0
0x5F7BF4,dword_5F7BF4
0x5F7BF8,dword_5F7BF8
0x5F7BFC,dword_5F7BFC
0x5F7C00,dword_5F7C00
0x5F7C04,dword_5F7C04
0x5F7C08,dword_5F7C08
0x5F7C0C,dword_5F7C0C
0x5F7C10,dword_5F7C10
0x5F7C14,dword_5F7C14
0x5F7C18,dword_5F7C18
0x5F7C1C,dword_5F7C1C
0x5F7C20,dword_5F7C20
0x5F7C24,dword_5F7C24
0x5F7C28,dword_5F7C28
0x5F7C2C,dword_5F7C2C
0x5F7C30,dword_5F7C30
0x5F7C34,dword_5F7C34
0x5F7C38,dword_5F7C38
0x5F95C0,dword_5F95C0
0x5F95C4,dword_5F95C4
0x5F9880,dword_5F9880
0x5F9884,dword_5F9884
0x5F9888,dword_5F9888
0x5F988C,dword_5F988C
0x5F9890,dword_5F9890
0x5F9894,dword_5F9894
0x5F9898,dword_5F9898
0x5F989C,dword_5F989C
0x5F98A0,dword_5F98A0
0x5F98A4,dword_5F98A4
0x5F98A8,dword_5F98A8
0x5F98AC,dword_5F98AC
0x5F98B0,dword_5F98B0
0x5F98B4,dword_5F98B4
0x5F98B8,dword_5F98B8
0x5F98BC,dword_5F98BC
0x5F98C0,dword_5F98C0
0x5F98C4,dword_5F98C4
0x5F98C8,dword_5F98C8
0x5F98CC,dword_5F98CC
0x5F98D0,dword_5F98D0
0x5F98D4,dword_5F98D4
0x5F98D8,dword_5F98D8
0x5F98DC,dword_5F98DC
0x5F98E0,dword_5F98E0
0x5F98E4,dword_5F98E4
0x5F98E8,dword_5F98E8
0x5F98EC,dword_5F98EC
0x5F98F0,dword_5F98F0
0x5F98F4,dword_5F98F4
0x5F98F8,dword_5F98F8
0x5F98FC,dword_5F98FC
0x5F9900,dword_5F9900
0x5F9904,dword_5F9904
0x5F9908,dword_5F9908
0x5F990C,dword_5F990C
0x5F9910,dword_5F9910
0x5FB298,dword_5FB298
0x5FB29C,dword_5FB29C
0x5FB580,off_5FB580
0x5FB584,dword_5FB584
0x5FB588,dword_5FB588
0x5FB58C,dword_5FB58C
0x5FB590,dword_5FB590
0x5FB594,dword_5FB594
0x5FB598,dword_5FB598
0x5FB59C,dword_5FB59C
0x5FB5A0,dword_5FB5A0
0x5FB5A4,dword_5FB5A4
0x5FB5A8,dword_5FB5A8
0x5FB5AC,dword_5FB5AC
0x5FB5B0,dword_5FB5B0
0x5FB5B4,dword_5FB5B4
0x5FB5B8,dword_5FB5B8
0x5FB5BC,dword_5FB5BC
0x5FB5C0,dword_5FB5C0
0x5FB5C4,dword_5FB5C4
0x5FB5C8,dword_5FB5C8
0x5FB5CC,dword_5FB5CC
0x5FB5D0,dword_5FB5D0
0x5FB5D4,dword_5FB5D4
0x5FB5D8,dword_5FB5D8
0x5FB5DC,dword_5FB5DC
0x5FB5E0,dword_5FB5E0
0x5FB5E4,dword_5FB5E4
0x5FB5E8,dword_5FB5E8
0x5FB5EC,dword_5FB5EC
0x5FB5F0,dword_5FB5F0
0x5FB5F4,dword_5FB5F4
0x5FB5F8,dword_5FB5F8
0x5FB5FC,dword_5FB5FC
0x5FB600,dword_5FB600
0x5FB604,dword_5FB604
0x5FB608,dword_5FB608
0x5FB60C,dword_5FB60C
0x5FB610,dword_5FB610
0x5FCF98,dword_5FCF98
0x5FCF9C,dword_5FCF9C
0x5FD258,dword_5FD258
0x5FD25C,dword_5FD25C
0x5FD260,dword_5FD260
0x5FD264,dword_5FD264
0x5FD268,dword_5FD268
0x5FD26C,dword_5FD26C
0x5FD270,dword_5FD270
0x5FD274,dword_5FD274
0x5FD278,dword_5FD278
0x5FD27C,dword_5FD27C
0x5FD280,dword_5FD280
0x5FD284,dword_5FD284
0x5FD288,dword_5FD288
0x5FD28C,dword_5FD28C
0x5FD290,dword_5FD290
0x5FD294,dword_5FD294
0x5FD298,dword_5FD298
0x5FD29C,dword_5FD29C
0x5FD2A0,dword_5FD2A0
0x5FD2A4,dword_5FD2A4
0x5FD2A8,dword_5FD2A8
0x5FD2AC,dword_5FD2AC
0x5FD2B0,dword_5FD2B0
0x5FD2B4,dword_5FD2B4
0x5FD2B8,dword_5FD2B8
0x5FD2BC,dword_5FD2BC
0x5FD2C0,dword_5FD2C0
0x5FD2C4,dword_5FD2C4
0x5FD2C8,dword_5FD2C8
0x5FD2CC,dword_5FD2CC
0x5FD2D0,dword_5FD2D0
0x5FD2D4,dword_5FD2D4
0x5FD2D8,dword_5FD2D8
0x5FD2DC,dword_5FD2DC
0x5FD2E0,dword_5FD2E0
0x5FD2E4,dword_5FD2E4
0x5FD2E8,dword_5FD2E8
0x5FEC70,dword_5FEC70
0x5FEC74,dword_5FEC74
0x5FEC78,word_5FEC78
0x5FEC7A,word_5FEC7A
0x5FEF58,dword_5FEF58
0x5FEF5C,dword_5FEF5C
0x5FEF60,dword_5FEF60
0x5FEF64,dword_5FEF64
0x5FEF68,dword_5FEF68
0x5FEF6C,dword_5FEF6C
0x5FEF70,dword_5FEF70
0x5FEF74,dword_5FEF74
0x5FEF78,dword_5FEF78
0x5FEF7C,dword_5FEF7C
0x5FEF80,dword_5FEF80
0x5FEF84,dword_5FEF84
0x5FEF88,dword_5FEF88
0x5FEF8C,dword_5FEF8C
0x5FEF90,dword_5FEF90
0x5FEF94,dword_5FEF94
0x5FEF98,dword_5FEF98
0x5FEF9C,dword_5FEF9C
0x5FEFA0,dword_5FEFA0
0x5FEFA4,dword_5FEFA4
0x5FEFA8,dword_5FEFA8
0x5FEFAC,dword_5FEFAC
0x5FEFB0,dword_5FEFB0
0x5FEFB4,dword_5FEFB4
0x5FEFB8,dword_5FEFB8
0x5FEFBC,dword_5FEFBC
0x5FEFC0,dword_5FEFC0
0x5FEFC4,dword_5FEFC4
0x5FEFC8,dword_5FEFC8
0x5FEFCC,dword_5FEFCC
0x5FEFD0,dword_5FEFD0
0x5FEFD4,dword_5FEFD4
0x5FEFD8,dword_5FEFD8
0x5FEFDC,dword_5FEFDC
0x5FEFE0,dword_5FEFE0
0x5FEFE4,dword_5FEFE4
0x5FEFE8,dword_5FEFE8
0x600970,dword_600970
0x600974,dword_600974
0x600C30,dword_600C30
0x600C34,dword_600C34
0x600C38,dword_600C38
0x600C3C,dword_600C3C
0x600C40,dword_600C40
0x600C44,dword_600C44
0x600C48,dword_600C48
0x600C4C,dword_600C4C
0x600C50,dword_600C50
0x600C54,dword_600C54
0x600C58,dword_600C58
0x600C5C,dword_600C5C
0x600C60,dword_600C60
0x600C64,dword_600C64
0x600C68,dword_600C68
0x600C6C,dword_600C6C
0x600C70,dword_600C70
0x600C74,dword_600C74
0x600C78,dword_600C78
0x600C7C,dword_600C7C
0x600C80,dword_600C80
0x600C84,dword_600C84
0x600C88,dword_600C88
0x600C8C,dword_600C8C
0x600C90,dword_600C90
0x600C94,dword_600C94
0x600C98,dword_600C98
0x600C9C,dword_600C9C
0x600CA0,dword_600CA0
0x600CA4,dword_600CA4
0x600CA8,dword_600CA8
0x600CAC,dword_600CAC
0x600CB0,dword_600CB0
0x600CB4,dword_600CB4
0x600CB8,dword_600CB8
0x600CBC,dword_600CBC
0x600CC0,dword_600CC0
0x602648,dword_602648
0x60264C,dword_60264C
0x602930,dword_602930
0x602934,dword_602934
0x602938,dword_602938
0x60293C,dword_60293C
0x602940,dword_602940
0x602944,dword_602944
0x602948,dword_602948
0x60294C,dword_60294C
0x602950,dword_602950
0x602954,dword_602954
0x602958,dword_602958
0x60295C,dword_60295C
0x602960,dword_602960
0x602964,dword_602964
0x602968,dword_602968
0x60296C,dword_60296C
0x602970,dword_602970
0x602974,dword_602974
0x602978,dword_602978
0x60297C,dword_60297C
0x602980,dword_602980
0x602984,dword_602984
0x602988,dword_602988
0x60298C,dword_60298C
0x602990,dword_602990
0x602994,dword_602994
0x602998,dword_602998
0x60299C,dword_60299C
0x6029A0,dword_6029A0
0x6029A4,dword_6029A4
0x6029A8,dword_6029A8
0x6029AC,dword_6029AC
0x6029B0,dword_6029B0
0x6029B4,dword_6029B4
0x6029B8,dword_6029B8
0x6029BC,dword_6029BC
0x6029C0,dword_6029C0
0x604348,dword_604348
0x60434C,dword_60434C
0x604608,dword_604608
0x60460C,dword_60460C
0x604610,dword_604610
0x604614,dword_604614
0x604618,dword_604618
0x60461C,dword_60461C
0x604620,dword_604620
0x604624,dword_604624
0x604628,dword_604628
0x60462C,dword_60462C
0x604630,dword_604630
0x604634,dword_604634
0x604638,dword_604638
0x60463C,dword_60463C
0x604640,dword_604640
0x604644,dword_604644
0x604648,dword_604648
0x60464C,dword_60464C
0x604650,dword_604650
0x604654,dword_604654
0x604658,dword_604658
0x60465C,dword_60465C
0x604660,dword_604660
0x604664,dword_604664
0x604668,dword_604668
0x60466C,dword_60466C
0x604670,dword_604670
0x604674,dword_604674
0x604678,dword_604678
0x60467C,dword_60467C
0x604680,dword_604680
0x604684,dword_604684
0x604688,dword_604688
0x60468C,dword_60468C
0x604690,dword_604690
0x604694,dword_604694
0x604698,dword_604698
0x606020,dword_606020
0x606024,dword_606024
0x606308,dword_606308
0x60630C,dword_60630C
0x606310,dword_606310
0x606314,dword_606314
0x606318,dword_606318
0x60631C,dword_60631C
0x606320,dword_606320
0x606324,dword_606324
0x606328,dword_606328
0x60632C,dword_60632C
0x606330,dword_606330
0x606334,dword_606334
0x606338,dword_606338
0x60633C,dword_60633C
0x606340,dword_606340
0x606344,dword_606344
0x606348,dword_606348
0x60634C,dword_60634C
0x606350,dword_606350
0x606354,dword_606354
0x606358,dword_606358
0x60635C,dword_60635C
0x606360,dword_606360
0x606364,dword_606364
0x606368,dword_606368
0x60636C,dword_60636C
0x606370,dword_606370
0x606374,dword_606374
0x606378,dword_606378
0x60637C,dword_60637C
0x606380,dword_606380
0x606384,dword_606384
0x606388,dword_606388
0x60638C,dword_60638C
0x606390,dword_606390
0x606394,dword_606394
0x606398,dword_606398
0x607D20,dword_607D20
0x607D24,dword_607D24
0x607FE0,dword_607FE0
0x607FE4,dword_607FE4
0x607FE8,dword_607FE8
0x607FEC,dword_607FEC
0x607FF0,dword_607FF0
0x607FF4,dword_607FF4
0x607FF8,dword_607FF8
0x607FFC,dword_607FFC
0x608000,dword_608000
0x608004,dword_608004
0x608008,dword_608008
0x60800C,dword_60800C
0x608010,dword_608010
0x608014,dword_608014
0x608018,dword_608018
0x60801C,dword_60801C
0x608020,dword_608020
0x608024,dword_608024
0x608028,dword_608028
0x60802C,dword_60802C
0x608030,dword_608030
0x608034,dword_608034
0x608038,dword_608038
0x60803C,dword_60803C
0x608040,dword_608040
0x608044,dword_608044
0x608048,dword_608048
0x60804C,dword_60804C
0x608050,dword_608050
0x608054,dword_608054
0x608058,dword_608058
0x60805C,dword_60805C
0x608060,dword_608060
0x608064,dword_608064
0x608068,dword_608068
0x60806C,dword_60806C
0x608070,dword_608070
0x608074,dword_608074
0x6099E8,flt_6099E8
0x6099EC,flt_6099EC
0x6099F0,flt_6099F0
0x6099F4,dword_6099F4
0x6099F8,String1
0x609A08,dword_609A08
0x609A0C,dword_609A0C
0x609A34,byte_609A34
0x609A44,dword_609A44
0x609A48,dword_609A48
0x609A4C,dword_609A4C
0x609A50,byte_609A50
0x609A51,unk_609A51
0x609A60,dword_609A60
0x609A64,dword_609A64
0x609A6C,byte_609A6C
0x609A7C,dword_609A7C
0x609A80,dword_609A80
0x609A84,dword_609A84
0x609A88,byte_609A88
0x609A98,dword_609A98
0x609A9C,dword_609A9C
0x609AA4,byte_609AA4
0x609AB4,dword_609AB4
0x609AB8,dword_609AB8
0x609ABC,dword_609ABC
0x609AC0,byte_609AC0
0x609AC1,unk_609AC1
0x609AD0,dword_609AD0
0x609AD4,dword_609AD4
0x609ADC,byte_609ADC
0x609AEC,dword_609AEC
0x609AF0,dword_609AF0
0x609AF4,dword_609AF4
0x609AF8,byte_609AF8
0x609B08,dword_609B08
0x609B0C,dword_609B0C
0x609B14,byte_609B14
0x609B24,dword_609B24
0x609B28,dword_609B28
0x609B2C,dword_609B2C
0x609B30,byte_609B30
0x609B31,unk_609B31
0x609B40,dword_609B40
0x609B44,dword_609B44
0x609B4C,byte_609B4C
0x609B5C,dword_609B5C
0x609B60,dword_609B60
0x609B64,dword_609B64
0x609B68,byte_609B68
0x609B78,dword_609B78
0x609B7C,dword_609B7C
0x609B84,byte_609B84
0x609B94,dword_609B94
0x609B98,dword_609B98
0x609B9C,dword_609B9C
0x609BA0,byte_609BA0
0x609BA1,unk_609BA1
0x609BB0,dword_609BB0
0x609BB4,dword_609BB4
0x609BBC,byte_609BBC
0x609BCC,dword_609BCC
0x609BD0,dword_609BD0
0x609BD4,dword_609BD4
0x609BD8,byte_609BD8
0x609BE8,dword_609BE8
0x609BEC,dword_609BEC
0x609BF4,byte_609BF4
0x609C04,dword_609C04
0x609C08,dword_609C08
0x609C0C,dword_609C0C
0x609C10,byte_609C10
0x609C11,unk_609C11
0x609C20,dword_609C20
0x609C24,dword_609C24
0x609C2C,byte_609C2C
0x609C3C,dword_609C3C
0x609C40,dword_609C40
0x609C44,dword_609C44
0x609C48,byte_609C48
0x609C58,dword_609C58
0x609C5C,dword_609C5C
0x609C64,byte_609C64
0x609C74,dword_609C74
0x609C78,dword_609C78
0x609C7C,dword_609C7C
0x609C80,byte_609C80
0x609C81,unk_609C81
0x609C90,dword_609C90
0x609C94,dword_609C94
0x609C9C,byte_609C9C
0x609CAC,dword_609CAC
0x609CB0,dword_609CB0
0x609CB4,dword_609CB4
0x609CB8,byte_609CB8
0x609CC8,dword_609CC8
0x609CCC,dword_609CCC
0x609CD4,dword_609CD4
0x609CE4,dword_609CE4
0x609CE8,dword_609CE8
0x609CEC,dword_609CEC
0x609CF0,dword_609CF0
0x609CF4,unk_609CF4
0x609D00,dword_609D00
0x609D04,dword_609D04
0x609D0C,dword_609D0C
0x609D1C,dword_609D1C
0x609D20,dword_609D20
0x609D24,dword_609D24
0x609D28,dword_609D28
0x609D38,dword_609D38
0x609D3C,dword_609D3C
0x609D44,dword_609D44
0x609D54,dword_609D54
0x609D58,dword_609D58
0x609D5C,dword_609D5C
0x609D60,dword_609D60
0x609D64,unk_609D64
0x609D70,dword_609D70
0x609D74,dword_609D74
0x609D7C,dword_609D7C
0x609D8C,dword_609D8C
0x609D90,dword_609D90
0x609D94,dword_609D94
0x609D98,dword_609D98
0x609DA8,dword_609DA8
0x609DAC,dword_609DAC
0x609DB4,dword_609DB4
0x609DC4,dword_609DC4
0x609DC8,dword_609DC8
0x609DCC,dword_609DCC
0x609DD0,dword_609DD0
0x609DD4,unk_609DD4
0x609DE0,dword_609DE0
0x609DE4,dword_609DE4
0x609DEC,dword_609DEC
0x609DFC,dword_609DFC
0x609E00,dword_609E00
0x609E04,dword_609E04
0x609E08,dword_609E08
0x609E18,dword_609E18
0x609E1C,dword_609E1C
0x609E24,dword_609E24
0x609E34,dword_609E34
0x609E38,dword_609E38
0x609E3C,dword_609E3C
0x609E40,??_R0?AVBeamGun@@@8
0x609E44,dword_609E44
0x609E48,aAvbeamgun
0x609E56,word_609E56
0x609E58,??_R0?AVAbstractGun@@@8
0x609E5C,dword_609E5C
0x609E60,aAvabstractgun
0x609E72,word_609E72
0x609E74,??_R0?AVObjectGun@@@8
0x609E78,dword_609E78
0x609E7C,aAvobjectgun
0x609E8C,??_R0?AVRocketGun@@@8
0x609E90,dword_609E90
0x609E94,aAvrocketgun
0x609EA4,??_R0?AVBombGun@@@8
0x609EA8,dword_609EA8
0x609EAC,aAvbombgun
0x609EBA,word_609EBA
0x609EBC,??_R0?AVBoundingVolume@@@8
0x609EC0,dword_609EC0
0x609EC4,aAvboundingvolu
0x609ED9,unk_609ED9
0x609EDC,??_R0?AVBoundingAAB@@@8
0x609EE0,dword_609EE0
0x609EE4,aAvboundingaab
0x609EF6,word_609EF6
0x609EF8,??_R0?AVBoundingSphere@@@8
0x609EFC,dword_609EFC
0x609F00,aAvboundingsphe
0x609F15,unk_609F15
0x609F18,??_R0?AVKIPlayer@@@8
0x609F1C,dword_609F1C
0x609F20,aAvkiplayer
0x609F2F,byte_609F2F
0x609F30,??_R0?AVMGame@@@8
0x609F34,dword_609F34
0x609F38,aAvmgame
0x609F44,??_R0?AVIApplicationModule@AbyssEngine@@@8
0x609F48,dword_609F48
0x609F4C,aAviapplication
0x609F71,unk_609F71
0x609F74,??_R0?AVMineGun@@@8
0x609F78,dword_609F78
0x609F7C,aAvminegun
0x609F8A,word_609F8A
0x609F8C,??_R0?AVModMainMenu@@@8
0x609F90,dword_609F90
0x609F94,aAvmodmainmenu
0x609FA6,word_609FA6
0x609FA8,??_R0?AVModStation@@@8
0x609FAC,dword_609FAC
0x609FB0,aAvmodstation
0x609FC1,unk_609FC1
0x609FC4,??_R0?AVMTitle@@@8
0x609FC8,dword_609FC8
0x609FCC,aAvmtitle
0x609FD9,unk_609FD9
0x609FDC,??_R0?AVIParticleSystem@@@8
0x609FE0,dword_609FE0
0x609FE4,aAviparticlesys
0x609FFA,word_609FFA
0x609FFC,??_R0?AVParticleSystemMesh@@@8
0x60A000,dword_60A000
0x60A004,aAvparticlesyst
0x60A01D,unk_60A01D
0x60A020,??_R0?AVParticleSystemSprite@@@8
0x60A024,dword_60A024
0x60A028,aAvparticlesyst_0
0x60A043,byte_60A043
0x60A044,??_R0?AVPlayerAsteroid@@@8
0x60A048,dword_60A048
0x60A04C,aAvplayerastero
0x60A061,unk_60A061
0x60A064,??_R0?AVPlayerFighter@@@8
0x60A068,dword_60A068
0x60A06C,aAvplayerfighte
0x60A080,??_R0?AVPlayerFixedObject@@@8
0x60A084,dword_60A084
0x60A088,aAvplayerfixedo
0x60A0A0,??_R0?AVPlayerStatic@@@8
0x60A0A4,dword_60A0A4
0x60A0A8,aAvplayerstatic_0
0x60A0BB,byte_60A0BB
0x60A0BC,??_R0?AVPlayerStaticFar@@@8
0x60A0C0,dword_60A0C0
0x60A0C4,aAvplayerstatic
0x60A0DA,word_60A0DA
0x60A0DC,??_R0?AVPlayerJumpgate@@@8
0x60A0E0,dword_60A0E0
0x60A0E4,aAvplayerjumpga
0x60A0F9,unk_60A0F9
0x60A0FC,??_R0?AVPlayerJunk@@@8
0x60A100,dword_60A100
0x60A104,aAvplayerjunk
0x60A115,unk_60A115
0x60A118,??_R0?AVPlayerStation@@@8
0x60A11C,dword_60A11C
0x60A120,aAvplayerstatio
0x60A134,??_R0?AVPlayerTurret@@@8
0x60A138,dword_60A138
0x60A13C,aAvplayerturret
0x60A14F,byte_60A14F
0x60A150,??_R0?AVPlayerWormHole@@@8
0x60A154,dword_60A154
0x60A158,aAvplayerwormho
0x60A16D,unk_60A16D
0x60A170,??_R0?AVWaypoint@@@8
0x60A174,dword_60A174
0x60A178,aAvwaypoint
0x60A187,byte_60A187
0x60A188,dword_60A188
0x60A18C,??_R0?AVIInputProcessor@Input@@@8
0x60A190,dword_60A190
0x60A194,aAviinputproces
0x60A1B0,??_R0?AVInputMapper@Input@@@8
0x60A1B4,dword_60A1B4
0x60A1B8,aAvinputmapperI
0x60A1D0,??_R0?AVGOF2InputMapper@@@8
0x60A1D4,dword_60A1D4
0x60A1D8,aAvgof2inputmap
0x60A1EE,word_60A1EE
0x60A1F0,??_R0?AVexception@std@@@8
0x60A1F4,dword_60A1F4
0x60A1F8,aAvexceptionStd
0x60A20C,??_R0?AVbad_alloc@std@@@8
0x60A210,dword_60A210
0x60A214,aAvbadAllocStd
0x60A228,??_R0?AVAENormalFile@@@8
0x60A22C,dword_60A22C
0x60A230,aAvaenormalfile
0x60A243,byte_60A243
0x60A244,??_R0?AVAEPakFile@@@8
0x60A248,dword_60A248
0x60A24C,aAvaepakfile
0x60A25C,??_R0?AVAELowLevelFile@@@8
0x60A260,dword_60A260
0x60A264,aAvaelowlevelfi
0x60A279,unk_60A279
0x60A27C,??_R0?AVFileInterfaceWin@@@8
0x60A280,dword_60A280
0x60A284,aAvfileinterfac_0
0x60A29B,byte_60A29B
0x60A29C,??_R0?AVFileInterface@@@8
0x60A2A0,dword_60A2A0
0x60A2A4,aAvfileinterfac
0x60A2B8,??_R0?AVBumpShaderV3@AbyssEngine@@@8
0x60A2BC,dword_60A2BC
0x60A2C0,aAvbumpshaderv3
0x60A2DF,byte_60A2DF
0x60A2E0,??_R0?AVShaderBaseStruct@AbyssEngine@@@8
0x60A2E4,dword_60A2E4
0x60A2E8,aAvshaderbasest
0x60A30B,byte_60A30B
0x60A30C,??_R0?AVNoTexVtxColorShader@AbyssEngine@@@8
0x60A310,dword_60A310
0x60A314,aAvnotexvtxcolo
0x60A33A,word_60A33A
0x60A33C,??_R0?AVBumpShaderCloak@AbyssEngine@@@8
0x60A340,dword_60A340
0x60A344,aAvbumpshadercl
0x60A366,word_60A366
0x60A368,??_R0?AVTextureVtxColorShader@AbyssEngine@@@8
0x60A36C,dword_60A36C
0x60A370,aAvtexturevtxco
0x60A398,??_R0?AVBloomShader@AbyssEngine@@@8
0x60A39C,dword_60A39C
0x60A3A0,aAvbloomshaderA
0x60A3BE,word_60A3BE
0x60A3C0,??_R0?AVBumpRimCubeShader@AbyssEngine@@@8
0x60A3C4,dword_60A3C4
0x60A3C8,aAvbumprimcubes
0x60A3EC,??_R0?AVTextureAlphaTestShader@AbyssEngine@@@8
0x60A3F0,dword_60A3F0
0x60A3F4,aAvtexturealpha
0x60A41D,unk_60A41D
0x60A420,??_R0?AVTextureLightShader@AbyssEngine@@@8
0x60A424,dword_60A424
0x60A428,aAvtexturelight
0x60A44D,unk_60A44D
0x60A450,??_R0?AVNoTexShader@AbyssEngine@@@8
0x60A454,dword_60A454
0x60A458,aAvnotexshaderA
0x60A476,word_60A476
0x60A478,??_R0?AVBumpShaderParticle@AbyssEngine@@@8
0x60A47C,dword_60A47C
0x60A480,aAvbumpshaderpa
0x60A4A5,unk_60A4A5
0x60A4A8,??_R0?AVTextureShader@AbyssEngine@@@8
0x60A4AC,dword_60A4AC
0x60A4B0,aAvtextureshade
0x60A4D0,??_R0?AVHResultException@Input@@@8
0x60A4D4,dword_60A4D4
0x60A4D8,aAvhresultexcep
0x60A4F5,unk_60A4F5
0x60A4F8,??_R0?AVInputDevice@Input@@@8
0x60A4FC,dword_60A4FC
0x60A500,aAvinputdeviceI
0x60A518,??_R0?AVKeyboard@Input@@@8
0x60A51C,dword_60A51C
0x60A520,aAvkeyboardInpu
0x60A535,unk_60A535
0x60A538,??_R0?AVJoystick@Input@@@8
0x60A53C,dword_60A53C
0x60A540,aAvjoystickInpu
0x60A555,unk_60A555
0x60A558,??_R0?AVX360Controller@Input@@@8
0x60A55C,dword_60A55C
0x60A560,aAvx360controll
0x60A57B,byte_60A57B
0x60A57C,??_R0?AVMouse@Input@@@8
0x60A580,dword_60A580
0x60A584,aAvmouseInput
0x60A596,unk_60A596
0x60A5AC,dword_60A5AC
0x60A5B0,dword_60A5B0
0x60A5B4,dword_60A5B4
0x60A5B8,dword_60A5B8
0x60A5BC,dword_60A5BC
0x60A5C0,dword_60A5C0
0x60A5C4,dword_60A5C4
0x60A5CC,dword_60A5CC
0x60A610,dword_60A610
0x60A614,dword_60A614
0x60A618,dword_60A618
0x60A6A4,word_60A6A4
0x60A6A6,word_60A6A6
0x60A6A8,word_60A6A8
0x60A6AA,word_60A6AA
0x60A6AC,word_60A6AC
0x60A6AE,word_60A6AE
0x60A6B0,word_60A6B0
0x60A6B2,word_60A6B2
0x60A6B4,dword_60A6B4
0x60A6B8,dword_60A6B8
0x60A6BC,dword_60A6BC
0x60A6C0,dword_60A6C0
0x60A6C4,dword_60A6C4
0x60A6C8,dword_60A6C8
0x60A6CC,dword_60A6CC
0x60A6D0,dword_60A6D0
0x60A6D4,word_60A6D4
0x60A6D6,word_60A6D6
0x60A6D8,dword_60A6D8
0x60A6DC,dword_60A6DC
0x60A6E0,word_60A6E0
0x60A8E4,dword_60A8E4
0x60A8E8,dword_60A8E8
0x60A8EC,dword_60A8EC
0x60A8F0,dword_60A8F0
0x60A8F4,dword_60A8F4
0x60A8F8,dword_60A8F8
0x60A8FC,dword_60A8FC
0x60A9A8,dword_60A9A8
0x60ACFC,dword_60ACFC
0x60AD00,dword_60AD00
0x60AD04,dword_60AD04
0x60AD08,dword_60AD08
0x60AD0C,dword_60AD0C
0x60AD10,dword_60AD10
0x60AD14,byte_60AD14
0x60AD15,byte_60AD15
0x60AD16,byte_60AD16
0x60AD17,byte_60AD17
0x60AD18,flt_60AD18
0x60AD1C,flt_60AD1C
0x60AD20,flt_60AD20
0x60AD24,word_60AD24
0x60AD26,byte_60AD26
0x60AD27,byte_60AD27
0x60AD28,word_60AD28
0x60AD2A,word_60AD2A
0x60AD2C,flt_60AD2C
0x60AD30,flt_60AD30
0x60AD34,flt_60AD34
0x60AD38,flt_60AD38
0x60AD3C,flt_60AD3C
0x60AD40,flt_60AD40
0x60AD44,flt_60AD44
0x60AD48,dword_60AD48
0x60AD4C,dword_60AD4C
0x60AD50,byte_60AD50
0x60AD51,dword_60AD51
0x60AD55,byte_60AD55
0x60AD56,word_60AD56
0x60AD58,dword_60AD58
0x60AD5C,dword_60AD5C
0x60AD60,dword_60AD60
0x60AD64,dword_60AD64
0x60AD68,dword_60AD68
0x60AD6C,dword_60AD6C
0x60AD70,flt_60AD70
0x60AD74,dword_60AD74
0x60AD78,dword_60AD78
0x60AD7C,dword_60AD7C
0x60AD80,dword_60AD80
0x60AD84,dword_60AD84
0x60AD88,dword_60AD88
0x60AD9C,dword_60AD9C
0x60ADA0,dword_60ADA0
0x60ADA4,dword_60ADA4
0x60ADA8,dword_60ADA8
0x60ADAC,dword_60ADAC
0x60ADB0,dword_60ADB0
0x60ADB4,dword_60ADB4
0x60ADB8,dword_60ADB8
0x60ADBC,dword_60ADBC
0x60ADC0,dword_60ADC0
0x60ADC4,dword_60ADC4
0x60ADC8,dword_60ADC8
0x60ADCC,dword_60ADCC
0x60ADD0,dword_60ADD0
0x60ADD4,dword_60ADD4
0x60ADD8,dword_60ADD8
0x60ADDC,dword_60ADDC
0x60ADE0,dword_60ADE0
0x60ADE4,dword_60ADE4
0x60ADE8,dword_60ADE8
0x60ADEC,dword_60ADEC
0x60ADF0,dword_60ADF0
0x60ADF4,dword_60ADF4
0x60ADF8,byte_60ADF8
0x60ADF9,byte_60ADF9
0x60ADFA,byte_60ADFA
0x60ADFB,byte_60ADFB
0x60ADFC,dword_60ADFC
0x60AE00,dword_60AE00
0x60AE04,dword_60AE04
0x60AE08,dword_60AE08
0x60AE0C,dword_60AE0C
0x60AE10,dword_60AE10
0x60AE14,flt_60AE14
0x60AE18,dword_60AE18
0x60AE40,dword_60AE40
0x60AE44,dword_60AE44
0x60AE48,byte_60AE48
0x60AE49,byte_60AE49
0x60AE4A,byte_60AE4A
0x60AE4B,dword_60AE4B
0x60AE4F,dword_60AE4F
0x60AE53,dword_60AE53
0x60AE57,dword_60AE57
0x60AE5B,dword_60AE5B
0x60AE5F,dword_60AE5F
0x60AE63,dword_60AE63
0x60AE67,byte_60AE67
0x60AE68,dword_60AE68
0x60AE6C,dword_60AE6C
0x60AE70,dword_60AE70
0x60AE74,dword_60AE74
0x60AE78,dword_60AE78
0x60AE7C,dword_60AE7C
0x60AE80,dword_60AE80
0x60AE84,byte_60AE84
0x60AE85,byte_60AE85
0x60AE86,byte_60AE86
0x60AE87,byte_60AE87
0x60AE88,dword_60AE88
0x60AE8C,dword_60AE8C
0x60AE90,dword_60AE90
0x60AE94,dword_60AE94
0x60AE98,dword_60AE98
0x60AE9C,dword_60AE9C
0x60AEA0,dword_60AEA0
0x60AEA4,dword_60AEA4
0x60AEA8,dword_60AEA8
0x60AEAC,dword_60AEAC
0x60AEB0,dword_60AEB0
0x60AEB4,dword_60AEB4
0x60AEB8,dword_60AEB8
0x60AEBC,flt_60AEBC
0x60AEC0,dword_60AEC0
0x60AEE8,dword_60AEE8
0x60AEEC,dword_60AEEC
0x60AEF0,byte_60AEF0
0x60AEF1,byte_60AEF1
0x60AEF2,byte_60AEF2
0x60AEF3,byte_60AEF3
0x60AEF4,dword_60AEF4
0x60AEF8,dword_60AEF8
0x60AEFC,dword_60AEFC
0x60AF00,dword_60AF00
0x60AF04,dword_60AF04
0x60AF08,dword_60AF08
0x60AF0C,dword_60AF0C
0x60AF10,dword_60AF10
0x60AF14,dword_60AF14
0x60AF18,dword_60AF18
0x60AF2C,dword_60AF2C
0x60AF30,dword_60AF30
0x60AF34,flt_60AF34
0x60AF38,dword_60AF38
0x60AF3C,dword_60AF3C
0x60AF40,dword_60AF40
0x60AF44,dword_60AF44
0x60AF48,dword_60AF48
0x60AF4C,dword_60AF4C
0x60AF50,dword_60AF50
0x60AF54,flt_60AF54
0x60AF58,dword_60AF58
0x60AF5C,dword_60AF5C
0x60AF60,dword_60AF60
0x60AF64,dword_60AF64
0x60AF68,dword_60AF68
0x60AF6C,dword_60AF6C
0x60AF70,dword_60AF70
0x60AF74,dword_60AF74
0x60AF78,dword_60AF78
0x60AF7C,dword_60AF7C
0x60AF80,dword_60AF80
0x60AF84,dword_60AF84
0x60AF88,dword_60AF88
0x60AF8C,dword_60AF8C
0x60AF90,dword_60AF90
0x60AF94,dword_60AF94
0x60AF98,byte_60AF98
0x60AF99,byte_60AF99
0x60AF9A,byte_60AF9A
0x60AF9B,byte_60AF9B
0x60AF9C,dword_60AF9C
0x60AFE0,word_60AFE0
0x60AFE2,word_60AFE2
0x60AFE4,dword_60AFE4
0x60AFE8,word_60AFE8
0x60AFEA,word_60AFEA
0x60AFEC,flt_60AFEC
0x60AFF0,flt_60AFF0
0x60AFF4,dword_60AFF4
0x60AFF8,dword_60AFF8
0x60AFFC,dword_60AFFC
0x60B140,dword_60B140
0x60B144,dword_60B144
0x60B148,byte_60B148
0x60B149,byte_60B149
0x60B14A,byte_60B14A
0x60B14B,byte_60B14B
0x60B14C,dword_60B14C
0x60B150,dword_60B150
0x60B154,byte_60B154
0x60B155,byte_60B155
0x60B156,byte_60B156
0x60B157,byte_60B157
0x60B234,flt_60B234
0x60B238,flt_60B238
0x60B23C,flt_60B23C
0x60B240,dword_60B240
0x60B244,dword_60B244
0x60B248,dword_60B248
0x60B24C,flt_60B24C
0x60B250,flt_60B250
0x60B254,flt_60B254
0x60B258,flt_60B258
0x60B25C,byte_60B25C
0x60B25D,byte_60B25D
0x60B25E,byte_60B25E
0x60B25F,byte_60B25F
0x60B260,dword_60B260
0x60B264,dword_60B264
0x60B268,dword_60B268
0x60B334,dword_60B334
0x60B400,dword_60B400
0x60B42C,dword_60B42C
0x60B5FC,dword_60B5FC
0x60B6C8,dword_60B6C8
0x60B6CC,dword_60B6CC
0x60B6D0,dword_60B6D0
0x60B6D4,dword_60B6D4
0x60B6D8,dword_60B6D8
0x60B6DC,dword_60B6DC
0x60B6E0,dword_60B6E0
0x60B6E4,dword_60B6E4
0x60B6E8,dword_60B6E8
0x60B6EC,dword_60B6EC
0x60B6F0,dword_60B6F0
0x60C6F0,dword_60C6F0
0x60C708,dword_60C708
0x60C70C,dword_60C70C
0x60C724,dword_60C724
0x60C73C,dword_60C73C
0x60C740,byte_60C740
0x60C741,byte_60C741
0x60C742,byte_60C742
0x60C743,byte_60C743
0x60C744,dword_60C744
0x60C748,dword_60C748
0x60C74C,flt_60C74C
0x60C750,dword_60C750
0x60C754,dword_60C754
0x60C758,flt_60C758
0x60C75C,dword_60C75C
0x60C760,dword_60C760
0x60C764,byte_60C764
0x60C765,byte_60C765
0x60C766,byte_60C766
0x60C767,byte_60C767
0x60C768,dword_60C768
0x60C76C,flt_60C76C
0x60C770,flt_60C770
0x60C774,flt_60C774
0x60C780,dword_60C780
0x60C784,dword_60C784
0x60C788,dword_60C788
0x60C78C,dword_60C78C
0x60C790,dword_60C790
0x60C794,dword_60C794
0x60C798,dword_60C798
0x60C79C,dword_60C79C
0x60C7A0,dword_60C7A0
0x60C7A4,dword_60C7A4
0x60C7A8,dword_60C7A8
0x60C7AC,dword_60C7AC
0x60C7B0,dword_60C7B0
0x60C7B4,dword_60C7B4
0x60C7B8,ArgList
0x60C7BC,dword_60C7BC
0x60C7C0,dword_60C7C0
0x60C7C4,dword_60C7C4
0x60C7C8,dword_60C7C8
0x60C7CC,dword_60C7CC
0x60C7D0,dword_60C7D0
0x60C7D4,dword_60C7D4
0x60C7D8,flt_60C7D8
0x60C7DC,flt_60C7DC
0x60C7E0,flt_60C7E0
0x60C7E4,flt_60C7E4
0x60C7E8,flt_60C7E8
0x60C7EC,flt_60C7EC
0x60C7F0,flt_60C7F0
0x60C7F4,flt_60C7F4
0x60C7F8,flt_60C7F8
0x60C7FC,flt_60C7FC
0x60C800,flt_60C800
0x60C804,flt_60C804
0x60C808,flt_60C808
0x60C80C,flt_60C80C
0x60C810,flt_60C810
0x60C814,dword_60C814
0x60C820,dword_60C820
0x60C824,dword_60C824
0x60C828,flt_60C828
0x60C82C,dword_60C82C
0x60C830,flt_60C830
0x60C834,flt_60C834
0x60C838,flt_60C838
0x60C83C,dword_60C83C
0x60C840,flt_60C840
0x60C844,dword_60C844
0x60C848,dword_60C848
0x60C84C,dword_60C84C
0x60C850,dword_60C850
0x60C854,flt_60C854
0x60C858,dword_60C858
0x60C85C,dword_60C85C
0x60C860,dword_60C860
0x60C864,dword_60C864
0x60C86C,dword_60C86C
0x60C870,flt_60C870
0x60C874,flt_60C874
0x60C878,flt_60C878
0x60C87C,flt_60C87C
0x60C884,flt_60C884
0x60C888,flt_60C888
0x60C88C,flt_60C88C
0x60C890,flt_60C890
0x60C894,flt_60C894
0x60C898,flt_60C898
0x60C89C,flt_60C89C
0x60C8A0,flt_60C8A0
0x60C8A4,dword_60C8A4
0x60C8A8,dword_60C8A8
0x60CA78,flt_60CA78
0x60CA84,flt_60CA84
0x60CA8C,dword_60CA8C
0x60CA98,dword_60CA98
0x60CACC,flt_60CACC
0x60CC54,dword_60CC54
0x60CCE8,dword_60CCE8
0x60CCEC,dword_60CCEC
0x60E358,flt_60E358
0x60E364,flt_60E364
0x60E36C,dword_60E36C
0x60E3AC,flt_60E3AC
0x60E480,flt_60E480
0x60E48C,flt_60E48C
0x60E494,dword_60E494
0x60E4D4,flt_60E4D4
0x60F9D8,flt_60F9D8
0x60F9E0,dword_60F9E0
0x60F9E4,dword_60F9E4
0x60F9EC,hWnd
0x60F9F0,flt_60F9F0
0x60F9F4,flt_60F9F4
0x60F9F8,dword_60F9F8
0x60F9FC,dword_60F9FC
0x60FA00,dword_60FA00
0x60FA04,word_60FA04
0x60FA06,word_60FA06
0x60FA08,dword_60FA08
0x60FA0C,dword_60FA0C
0x610378,flt_610378
0x61037C,flt_61037C
0x61042C,dword_61042C
0x610430,dword_610430
0x610434,dword_610434
0x610438,dword_610438
0x61043C,dword_61043C
0x610440,Text
0x610540,dword_610540
0x610544,dword_610544
0x610548,Target
0x61054C,dword_61054C
0x610550,dword_610550
0x610554,dword_610554
0x610558,Ptr
0x61055C,unk_61055C
